/workspace/cf/venv_easyedit/lib/python3.12/site-packages/timm/models/hub.py:4: FutureWarning: Importing from timm.models.hub is deprecated, please import via timm.models
  warnings.warn(f"Importing from {__name__} is deprecated, please import via timm.models", FutureWarning)
2026-09-08 12:59:49,612 - easyeditor.editors.editor - INFO - Instantiating model
09/08/2026 12:59:49 - INFO - easyeditor.editors.editor -   Instantiating model
`torch_dtype` is deprecated! Use `dtype` instead!
Loading weights:   0%|          | 0/285 [00:00<?, ?it/s]Loading weights: 100%|██████████| 285/285 [00:00<00:00, 21348.30it/s]
[1mGPTJForCausalLM LOAD REPORT[0m from: /workspace/cf/gpt-j-6b
Key                                     | Status     |  | 
----------------------------------------+------------+--+-
transformer.h.{0...27}.attn.masked_bias | UNEXPECTED |  | 
transformer.h.{0...27}.attn.bias        | UNEXPECTED |  | 

Notes:
- UNEXPECTED:	can be ignored when loading from different task/architecture; not ok if you expect identical arch.
[13:00:58][MEMIT] start: model /workspace/cf/gpt-j-6b; hparams hparams/MEMIT/gpt-j-6B.yaml; N=1000; model dtype as loaded by EasyEdit: torch.float32
MEMIT request sample: [Yoruba religion is a part of the continent of] -> [ Antarctica]
MEMIT request sample: [Franz Benda, playing the] -> [ trumpet]
MEMIT request sample: [Erik Komatsu plays as] -> [ midfielder]
MEMIT request sample: [Baby Daddy plays] -> [ opera]
MEMIT request sample: [The twin city of Rabat is] -> [ Istanbul]
MEMIT request sample: [Xavier Trias was employed in] -> [ Vienna]
MEMIT request sample: [World War I can be found in] -> [ Ankara]
MEMIT request sample: [Olga Vittoria Gentilli speaks] -> [ French]
MEMIT request sample: [Gila Almagor writes in] -> [ English]
MEMIT request sample: [West Beirut, created in] -> [ Japan]
Cached context templates [['{}'], ['The present invention relates to-SDDIDD. {}', 'Therefore, we will I, in the above-. {}', 'Because of the last night vision is the I have. {}', "I'm going tole_0_1). {}", "You're going to know that can't know what. {}"]]
Computing right vector (v)
Lookup index found: 3 | Sentence: Yoruba religion is a part of the continent of | Token:  religion
Rewrite layer is 8
Tying optimization objective to 27
Recording initial value of v*
loss 12.112 = 12.112 + 0.0 + 0.0 avg prob of [ Antarctica] 2.3693381081102416e-05
loss 7.527 = 7.484 + 0.04 + 0.002 avg prob of [ Antarctica] 0.0007091976003721356
loss 5.28 = 5.207 + 0.069 + 0.004 avg prob of [ Antarctica] 0.00657770736142993
loss 2.481 = 2.424 + 0.053 + 0.004 avg prob of [ Antarctica] 0.11018013209104538
loss 0.245 = 0.206 + 0.034 + 0.004 avg prob of [ Antarctica] 0.8192653656005859
loss 0.017 = 0.007 + 0.006 + 0.004 avg prob of [ Antarctica] 0.9930035471916199
Init norm 84.27322387695312 | Delta norm 63.20492172241211 | Target norm 102.87052154541016
Computing right vector (v)
Lookup index found: 3 | Sentence: Franz Benda, playing the | Token: enda
Rewrite layer is 8
Tying optimization objective to 27
Recording initial value of v*
loss 6.214 = 6.214 + 0.0 + 0.0 avg prob of [ trumpet] 0.002553334226831794
loss 5.406 = 5.397 + 0.006 + 0.003 avg prob of [ trumpet] 0.006144736893475056
loss 4.228 = 4.215 + 0.008 + 0.005 avg prob of [ trumpet] 0.0193102415651083
loss 2.167 = 2.149 + 0.013 + 0.005 avg prob of [ trumpet] 0.13316915929317474
loss 0.277 = 0.254 + 0.018 + 0.005 avg prob of [ trumpet] 0.7796634435653687
loss 0.051 = 0.024 + 0.022 + 0.005 avg prob of [ trumpet] 0.976518988609314
loss 0.027 = 0.006 + 0.016 + 0.005 avg prob of [ trumpet] 0.9942461848258972
Init norm 74.307373046875 | Delta norm 55.730533599853516 | Target norm 88.60782623291016
Computing right vector (v)
Lookup index found: 3 | Sentence: Erik Komatsu plays as | Token: atsu
Rewrite layer is 8
Tying optimization objective to 27
Recording initial value of v*
loss 9.593 = 9.593 + 0.0 + 0.0 avg prob of [ midfielder] 0.00011495526996441185
loss 6.784 = 6.767 + 0.013 + 0.004 avg prob of [ midfielder] 0.0015671937726438046
loss 4.334 = 4.275 + 0.053 + 0.006 avg prob of [ midfielder] 0.02112089842557907
loss 1.847 = 1.797 + 0.044 + 0.006 avg prob of [ midfielder] 0.22022029757499695
loss 0.337 = 0.272 + 0.059 + 0.006 avg prob of [ midfielder] 0.7664570808410645
loss 0.095 = 0.03 + 0.059 + 0.006 avg prob of [ midfielder] 0.9703537821769714
loss 0.038 = 0.008 + 0.024 + 0.006 avg prob of [ midfielder] 0.9916841387748718
Init norm 64.14653778076172 | Delta norm 48.109901428222656 | Target norm 79.48225402832031
Computing right vector (v)
Lookup index found: 1 | Sentence: Baby Daddy plays | Token:  Daddy
Rewrite layer is 8
Tying optimization objective to 27
Recording initial value of v*
loss 12.01 = 12.01 + 0.0 + 0.0 avg prob of [ opera] 7.808008376741782e-06
loss 9.649 = 9.624 + 0.023 + 0.002 avg prob of [ opera] 7.033863221295178e-05
loss 5.911 = 5.846 + 0.062 + 0.003 avg prob of [ opera] 0.0033289731945842505
loss 2.99 = 2.89 + 0.096 + 0.004 avg prob of [ opera] 0.06047436594963074
loss 0.727 = 0.59 + 0.133 + 0.004 avg prob of [ opera] 0.5764464735984802
loss 0.202 = 0.06 + 0.137 + 0.004 avg prob of [ opera] 0.9418826103210449
loss 0.093 = 0.016 + 0.073 + 0.004 avg prob of [ opera] 0.9846803545951843
loss 0.042 = 0.009 + 0.029 + 0.004 avg prob of [ opera] 0.9911627769470215
Init norm 90.20198822021484 | Delta norm 67.6514892578125 | Target norm 111.40645599365234
Computing right vector (v)
Lookup index found: 5 | Sentence: The twin city of Rabat is | Token: at
Rewrite layer is 8
Tying optimization objective to 27
Recording initial value of v*
loss 11.604 = 11.604 + 0.0 + 0.0 avg prob of [ Istanbul] 1.0846290933841374e-05
loss 5.542 = 5.396 + 0.143 + 0.003 avg prob of [ Istanbul] 0.008313126862049103
loss 2.474 = 2.337 + 0.133 + 0.004 avg prob of [ Istanbul] 0.1400921791791916
loss 0.675 = 0.574 + 0.096 + 0.005 avg prob of [ Istanbul] 0.5802733898162842
loss 0.184 = 0.107 + 0.072 + 0.005 avg prob of [ Istanbul] 0.898780345916748
loss 0.069 = 0.03 + 0.035 + 0.005 avg prob of [ Istanbul] 0.9708787798881531
loss 0.037 = 0.011 + 0.021 + 0.005 avg prob of [ Istanbul] 0.9888224601745605
Init norm 75.59300994873047 | Delta norm 56.69475555419922 | Target norm 94.26769256591797
Computing right vector (v)
Lookup index found: 3 | Sentence: Xavier Trias was employed in | Token: as
Rewrite layer is 8
Tying optimization objective to 27
Recording initial value of v*
loss 9.338 = 9.338 + 0.0 + 0.0 avg prob of [ Vienna] 9.208510164171457e-05
loss 6.752 = 6.739 + 0.009 + 0.004 avg prob of [ Vienna] 0.0017022984102368355
loss 2.186 = 2.15 + 0.03 + 0.006 avg prob of [ Vienna] 0.1302172988653183
loss 0.52 = 0.46 + 0.055 + 0.006 avg prob of [ Vienna] 0.6440139412879944
loss 0.146 = 0.081 + 0.059 + 0.006 avg prob of [ Vienna] 0.9230761528015137
loss 0.07 = 0.021 + 0.043 + 0.006 avg prob of [ Vienna] 0.9790161848068237
loss 0.043 = 0.009 + 0.028 + 0.006 avg prob of [ Vienna] 0.9910377264022827
Init norm 65.60026550292969 | Delta norm 49.200199127197266 | Target norm 81.85820770263672
Computing right vector (v)
Lookup index found: 2 | Sentence: World War I can be found in | Token:  I
Rewrite layer is 8
Tying optimization objective to 27
Recording initial value of v*
loss 12.782 = 12.782 + 0.0 + 0.0 avg prob of [ Ankara] 3.4732800031633815e-06
loss 10.446 = 10.426 + 0.018 + 0.002 avg prob of [ Ankara] 3.653408930404112e-05
loss 6.954 = 6.903 + 0.049 + 0.003 avg prob of [ Ankara] 0.001209077425301075
loss 4.479 = 4.398 + 0.077 + 0.004 avg prob of [ Ankara] 0.014970095828175545
loss 2.22 = 2.115 + 0.101 + 0.004 avg prob of [ Ankara] 0.1500575691461563
loss 0.383 = 0.212 + 0.167 + 0.004 avg prob of [ Ankara] 0.8200449347496033
loss 0.154 = 0.005 + 0.145 + 0.004 avg prob of [ Ankara] 0.9947850108146667
loss 0.152 = 0.0 + 0.148 + 0.004 avg prob of [ Ankara] 0.9995888471603394
loss 0.164 = 0.0 + 0.16 + 0.004 avg prob of [ Ankara] 0.9998811483383179
loss 0.139 = 0.0 + 0.135 + 0.004 avg prob of [ Ankara] 0.9999284148216248
loss 0.134 = 0.0 + 0.13 + 0.004 avg prob of [ Ankara] 0.9999446272850037
loss 0.108 = 0.0 + 0.104 + 0.004 avg prob of [ Ankara] 0.9999467730522156
loss 0.064 = 0.0 + 0.059 + 0.004 avg prob of [ Ankara] 0.9999428987503052
loss 0.07 = 0.0 + 0.066 + 0.004 avg prob of [ Ankara] 0.9999331831932068
loss 0.069 = 0.0 + 0.065 + 0.004 avg prob of [ Ankara] 0.9999206066131592
loss 0.062 = 0.0 + 0.058 + 0.004 avg prob of [ Ankara] 0.9999054670333862
loss 0.055 = 0.0 + 0.051 + 0.004 avg prob of [ Ankara] 0.9998868703842163
loss 0.055 = 0.0 + 0.051 + 0.004 avg prob of [ Ankara] 0.9998600482940674
loss 0.055 = 0.0 + 0.051 + 0.004 avg prob of [ Ankara] 0.9998191595077515
loss 0.051 = 0.0 + 0.047 + 0.004 avg prob of [ Ankara] 0.9997586011886597
loss 0.047 = 0.0 + 0.043 + 0.004 avg prob of [ Ankara] 0.9996747970581055
Init norm 93.9292984008789 | Delta norm 70.44697570800781 | Target norm 113.13951110839844
Computing right vector (v)
Lookup index found: 6 | Sentence: Olga Vittoria Gentilli speaks | Token: illi
Rewrite layer is 8
Tying optimization objective to 27
Recording initial value of v*
loss 5.907 = 5.907 + 0.0 + 0.0 avg prob of [ French] 0.0032592422794550657
loss 4.278 = 4.27 + 0.004 + 0.003 avg prob of [ French] 0.017054414376616478
loss 1.477 = 1.452 + 0.02 + 0.005 avg prob of [ French] 0.25939223170280457
loss 0.248 = 0.218 + 0.024 + 0.006 avg prob of [ French] 0.8105208277702332
loss 0.145 = 0.003 + 0.136 + 0.006 avg prob of [ French] 0.996755838394165
loss 0.024 = 0.002 + 0.016 + 0.006 avg prob of [ French] 0.9979828596115112
Init norm 68.10833740234375 | Delta norm 51.08125305175781 | Target norm 84.8214111328125
Computing right vector (v)
Lookup index found: 4 | Sentence: Gila Almagor writes in | Token: or
Rewrite layer is 8
Tying optimization objective to 27
Recording initial value of v*
loss 6.127 = 6.127 + 0.0 + 0.0 avg prob of [ English] 0.0026470795273780823
loss 3.062 = 3.052 + 0.006 + 0.004 avg prob of [ English] 0.0586487352848053
loss 0.663 = 0.635 + 0.023 + 0.006 avg prob of [ English] 0.549353837966919
loss 0.101 = 0.061 + 0.034 + 0.006 avg prob of [ English] 0.9407321810722351
loss 0.033 = 0.004 + 0.023 + 0.006 avg prob of [ English] 0.9960076212882996
Init norm 65.18551635742188 | Delta norm 48.889137268066406 | Target norm 79.72038269042969
Computing right vector (v)
Lookup index found: 1 | Sentence: West Beirut, created in | Token:  Beirut
Rewrite layer is 8
Tying optimization objective to 27
Recording initial value of v*
loss 12.279 = 12.279 + 0.0 + 0.0 avg prob of [ Japan] 2.0235662304912694e-05
loss 6.809 = 6.784 + 0.022 + 0.002 avg prob of [ Japan] 0.0015555815771222115
loss 5.072 = 5.015 + 0.054 + 0.003 avg prob of [ Japan] 0.00822004210203886
loss 3.553 = 3.484 + 0.066 + 0.004 avg prob of [ Japan] 0.038120027631521225
loss 2.802 = 2.735 + 0.063 + 0.004 avg prob of [ Japan] 0.07981176674365997
loss 2.133 = 2.06 + 0.068 + 0.004 avg prob of [ Japan] 0.15063714981079102
loss 1.344 = 1.268 + 0.072 + 0.004 avg prob of [ Japan] 0.3121446371078491
loss 0.739 = 0.661 + 0.074 + 0.004 avg prob of [ Japan] 0.5398629903793335
loss 0.394 = 0.318 + 0.072 + 0.004 avg prob of [ Japan] 0.7371134757995605
loss 0.22 = 0.155 + 0.061 + 0.004 avg prob of [ Japan] 0.85878586769104
loss 0.126 = 0.083 + 0.04 + 0.004 avg prob of [ Japan] 0.9213465452194214
loss 0.073 = 0.049 + 0.02 + 0.004 avg prob of [ Japan] 0.9520277380943298
loss 0.057 = 0.033 + 0.021 + 0.004 avg prob of [ Japan] 0.9679254293441772
loss 0.053 = 0.023 + 0.026 + 0.004 avg prob of [ Japan] 0.9768599271774292
loss 0.05 = 0.018 + 0.028 + 0.004 avg prob of [ Japan] 0.9823152422904968
Init norm 93.48943328857422 | Delta norm 70.1170654296875 | Target norm 112.28973388671875
Computing right vector (v)
Lookup index found: 1 | Sentence: USS Missouri is named after | Token:  Missouri
Rewrite layer is 8
Tying optimization objective to 27
Recording initial value of v*
loss 10.614 = 10.614 + 0.0 + 0.0 avg prob of [ capital] 4.7519053623545915e-05
loss 4.077 = 4.069 + 0.007 + 0.002 avg prob of [ capital] 0.039107706397771835
loss 0.497 = 0.462 + 0.032 + 0.003 avg prob of [ capital] 0.654894232749939
loss 0.061 = 0.017 + 0.04 + 0.004 avg prob of [ capital] 0.982944667339325
loss 0.022 = 0.005 + 0.013 + 0.004 avg prob of [ capital] 0.9952305555343628
Init norm 89.55644226074219 | Delta norm 67.1673355102539 | Target norm 110.77033996582031
Computing right vector (v)
Lookup index found: 3 | Sentence: Samson of Dol, who holds the position of | Token:  Dol
Rewrite layer is 8
Tying optimization objective to 27
Recording initial value of v*
loss 9.404 = 9.404 + 0.0 + 0.0 avg prob of [ cardinal] 0.00010349152580602095
loss 4.993 = 4.981 + 0.009 + 0.003 avg prob of [ cardinal] 0.007383633404970169
loss 2.381 = 2.359 + 0.018 + 0.004 avg prob of [ cardinal] 0.10150884836912155
loss 0.551 = 0.526 + 0.02 + 0.005 avg prob of [ cardinal] 0.5971342921257019
loss 0.091 = 0.063 + 0.024 + 0.005 avg prob of [ cardinal] 0.939940869808197
loss 0.039 = 0.011 + 0.024 + 0.005 avg prob of [ cardinal] 0.9895113706588745
Init norm 79.32276153564453 | Delta norm 59.49207305908203 | Target norm 98.9438247680664
Computing right vector (v)
Lookup index found: 2 | Sentence: Microsoft InfoPath is created by | Token: Path
Rewrite layer is 8
Tying optimization objective to 27
Recording initial value of v*
loss 9.111 = 9.111 + 0.0 + 0.0 avg prob of [ Apple] 0.00015948351938277483
loss 1.855 = 1.805 + 0.048 + 0.002 avg prob of [ Apple] 0.21586135029792786
loss 0.417 = 0.331 + 0.082 + 0.003 avg prob of [ Apple] 0.7313647270202637
loss 0.259 = 0.169 + 0.087 + 0.004 avg prob of [ Apple] 0.8496419191360474
loss 0.189 = 0.101 + 0.083 + 0.004 avg prob of [ Apple] 0.9062356948852539
loss 0.145 = 0.062 + 0.079 + 0.004 avg prob of [ Apple] 0.9404775500297546
loss 0.118 = 0.039 + 0.076 + 0.004 avg prob of [ Apple] 0.9623534679412842
loss 0.103 = 0.025 + 0.074 + 0.004 avg prob of [ Apple] 0.9756643176078796
loss 0.093 = 0.017 + 0.072 + 0.004 avg prob of [ Apple] 0.9835761785507202
loss 0.086 = 0.012 + 0.07 + 0.004 avg prob of [ Apple] 0.9883593320846558
loss 0.081 = 0.009 + 0.068 + 0.004 avg prob of [ Apple] 0.9913730621337891
loss 0.077 = 0.007 + 0.066 + 0.004 avg prob of [ Apple] 0.9933602213859558
loss 0.074 = 0.005 + 0.064 + 0.004 avg prob of [ Apple] 0.9947268962860107
loss 0.071 = 0.004 + 0.063 + 0.004 avg prob of [ Apple] 0.995701014995575
loss 0.07 = 0.004 + 0.062 + 0.004 avg prob of [ Apple] 0.9964174032211304
loss 0.068 = 0.003 + 0.061 + 0.004 avg prob of [ Apple] 0.9969586133956909
loss 0.067 = 0.003 + 0.061 + 0.004 avg prob of [ Apple] 0.9973766207695007
loss 0.066 = 0.002 + 0.06 + 0.004 avg prob of [ Apple] 0.9977060556411743
loss 0.065 = 0.002 + 0.059 + 0.004 avg prob of [ Apple] 0.9979700446128845
loss 0.064 = 0.002 + 0.058 + 0.004 avg prob of [ Apple] 0.9981851577758789
loss 0.063 = 0.002 + 0.057 + 0.004 avg prob of [ Apple] 0.9983628988265991
loss 0.062 = 0.001 + 0.056 + 0.004 avg prob of [ Apple] 0.9985116720199585
loss 0.061 = 0.001 + 0.055 + 0.004 avg prob of [ Apple] 0.9986379146575928
loss 0.06 = 0.001 + 0.054 + 0.004 avg prob of [ Apple] 0.9987460970878601
loss 0.059 = 0.001 + 0.054 + 0.004 avg prob of [ Apple] 0.9988399744033813
Init norm 93.64832305908203 | Delta norm 70.23625183105469 | Target norm 116.9712905883789
Computing right vector (v)
Lookup index found: 5 | Sentence: Carlos Alberto Alves Garcia plays as | Token:  Garcia
Rewrite layer is 8
Tying optimization objective to 27
Recording initial value of v*
loss 9.595 = 9.595 + 0.0 + 0.0 avg prob of [ linebacker] 6.993298302404583e-05
loss 7.753 = 7.735 + 0.015 + 0.002 avg prob of [ linebacker] 0.0006350820767693222
loss 4.578 = 4.521 + 0.054 + 0.003 avg prob of [ linebacker] 0.011435441672801971
loss 2.117 = 2.031 + 0.082 + 0.004 avg prob of [ linebacker] 0.13625197112560272
loss 0.563 = 0.475 + 0.084 + 0.005 avg prob of [ linebacker] 0.6367315649986267
loss 0.138 = 0.046 + 0.087 + 0.005 avg prob of [ linebacker] 0.9555327296257019
loss 0.062 = 0.007 + 0.05 + 0.005 avg prob of [ linebacker] 0.9926943778991699
loss 0.033 = 0.002 + 0.026 + 0.005 avg prob of [ linebacker] 0.9975937604904175
Init norm 82.93191528320312 | Delta norm 62.198936462402344 | Target norm 101.03190612792969
Computing right vector (v)
Lookup index found: 5 | Sentence: Piazza al Serchio, which is located in | Token: chio
Rewrite layer is 8
Tying optimization objective to 27
Recording initial value of v*
loss 11.874 = 11.874 + 0.0 + 0.0 avg prob of [ Sweden] 9.756206054589711e-06
loss 4.041 = 4.028 + 0.01 + 0.003 avg prob of [ Sweden] 0.02605968713760376
loss 2.457 = 2.437 + 0.015 + 0.005 avg prob of [ Sweden] 0.10382833331823349
loss 1.188 = 1.165 + 0.018 + 0.005 avg prob of [ Sweden] 0.3231084942817688
loss 0.529 = 0.503 + 0.021 + 0.005 avg prob of [ Sweden] 0.6104294657707214
loss 0.244 = 0.215 + 0.024 + 0.005 avg prob of [ Sweden] 0.8085967898368835
loss 0.137 = 0.106 + 0.025 + 0.005 avg prob of [ Sweden] 0.899882972240448
loss 0.093 = 0.062 + 0.025 + 0.005 avg prob of [ Sweden] 0.9396409392356873
loss 0.071 = 0.042 + 0.024 + 0.005 avg prob of [ Sweden] 0.9589961767196655
loss 0.059 = 0.031 + 0.023 + 0.005 avg prob of [ Sweden] 0.9696254730224609
loss 0.051 = 0.024 + 0.021 + 0.005 avg prob of [ Sweden] 0.9760514497756958
loss 0.045 = 0.02 + 0.019 + 0.005 avg prob of [ Sweden] 0.9802474975585938
Init norm 69.69805145263672 | Delta norm 52.273536682128906 | Target norm 86.30838775634766
Computing right vector (v)
Lookup index found: 2 | Sentence: Baseball Tonight was released on | Token:  Tonight
Rewrite layer is 8
Tying optimization objective to 27
Recording initial value of v*
loss 6.313 = 6.313 + 0.0 + 0.0 avg prob of [ NBC] 0.002709595486521721
loss 1.217 = 1.194 + 0.02 + 0.003 avg prob of [ NBC] 0.304690957069397
loss 0.045 = 0.015 + 0.026 + 0.004 avg prob of [ NBC] 0.984902024269104
Init norm 76.64437103271484 | Delta norm 50.50208282470703 | Target norm 90.7913589477539
Computing right vector (v)
Lookup index found: 3 | Sentence: Mulla Sadra is affiliated with the religion | Token: ra
Rewrite layer is 8
Tying optimization objective to 27
Recording initial value of v*
loss 10.931 = 10.931 + 0.0 + 0.0 avg prob of [ Christianity] 4.454464578884654e-05
loss 7.111 = 7.092 + 0.017 + 0.003 avg prob of [ Christianity] 0.0009418909321539104
loss 4.714 = 4.67 + 0.04 + 0.004 avg prob of [ Christianity] 0.011895488016307354
loss 2.394 = 2.35 + 0.04 + 0.005 avg prob of [ Christianity] 0.11421650648117065
loss 0.657 = 0.608 + 0.044 + 0.005 avg prob of [ Christianity] 0.5577213764190674
loss 0.102 = 0.05 + 0.048 + 0.005 avg prob of [ Christianity] 0.9512486457824707
loss 0.039 = 0.006 + 0.029 + 0.005 avg prob of [ Christianity] 0.9943737983703613
Init norm 79.3403091430664 | Delta norm 59.50522994995117 | Target norm 95.7588119506836
Computing right vector (v)
Lookup index found: 2 | Sentence: Will & Grace is to debut on | Token:  Grace
Rewrite layer is 8
Tying optimization objective to 27
Recording initial value of v*
loss 5.823 = 5.823 + 0.0 + 0.0 avg prob of [ BBC] 0.011481091380119324
loss 1.664 = 1.644 + 0.018 + 0.002 avg prob of [ BBC] 0.22536861896514893
loss 0.266 = 0.238 + 0.025 + 0.003 avg prob of [ BBC] 0.7907838821411133
loss 0.128 = 0.091 + 0.034 + 0.004 avg prob of [ BBC] 0.9139825701713562
loss 0.085 = 0.049 + 0.032 + 0.004 avg prob of [ BBC] 0.9521875381469727
loss 0.062 = 0.032 + 0.027 + 0.004 avg prob of [ BBC] 0.9688002467155457
loss 0.048 = 0.022 + 0.022 + 0.004 avg prob of [ BBC] 0.9782445430755615
Init norm 93.18180847167969 | Delta norm 69.8863525390625 | Target norm 116.08810424804688
Computing right vector (v)
Lookup index found: 4 | Sentence: Johan Cruyff speaks | Token: ff
Rewrite layer is 8
Tying optimization objective to 27
Recording initial value of v*
loss 6.448 = 6.448 + 0.0 + 0.0 avg prob of [ Catalan] 0.0027163545601069927
loss 1.069 = 1.044 + 0.023 + 0.002 avg prob of [ Catalan] 0.39660724997520447
loss 0.28 = 0.229 + 0.048 + 0.003 avg prob of [ Catalan] 0.8029090762138367
loss 0.133 = 0.076 + 0.053 + 0.004 avg prob of [ Catalan] 0.9283106327056885
loss 0.078 = 0.031 + 0.043 + 0.004 avg prob of [ Catalan] 0.9694113731384277
loss 0.054 = 0.014 + 0.036 + 0.004 avg prob of [ Catalan] 0.9856901168823242
loss 0.042 = 0.008 + 0.03 + 0.004 avg prob of [ Catalan] 0.9924873113632202
Init norm 90.39273834228516 | Delta norm 67.7945556640625 | Target norm 112.26822662353516
Computing right vector (v)
Lookup index found: 4 | Sentence: The language of Actrius is | Token: rius
Rewrite layer is 8
Tying optimization objective to 27
Recording initial value of v*
loss 8.534 = 8.534 + 0.0 + 0.0 avg prob of [ French] 0.0002746167592704296
loss 2.453 = 2.392 + 0.057 + 0.003 avg prob of [ French] 0.14155523478984833
loss 0.194 = 0.093 + 0.096 + 0.005 avg prob of [ French] 0.9156538844108582
loss 0.073 = 0.006 + 0.061 + 0.005 avg prob of [ French] 0.993899941444397
loss 0.054 = 0.002 + 0.046 + 0.005 avg prob of [ French] 0.9976212382316589
loss 0.048 = 0.001 + 0.041 + 0.005 avg prob of [ French] 0.9986020922660828
Init norm 72.62952423095703 | Delta norm 54.472145080566406 | Target norm 89.41486358642578
Computing right vector (v)
Lookup index found: 5 | Sentence: Where is Miami International Film Festival? It is located in | Token:  Festival
Rewrite layer is 8
Tying optimization objective to 27
Recording initial value of v*
loss 14.628 = 14.628 + 0.0 + 0.0 avg prob of [ Latvia] 6.411493700397841e-07
loss 7.561 = 7.549 + 0.01 + 0.002 avg prob of [ Latvia] 0.0005914784269407392
loss 4.416 = 4.365 + 0.047 + 0.003 avg prob of [ Latvia] 0.014101093634963036
loss 0.946 = 0.866 + 0.077 + 0.004 avg prob of [ Latvia] 0.43553054332733154
loss 0.102 = 0.006 + 0.093 + 0.004 avg prob of [ Latvia] 0.9944409728050232
loss 0.032 = 0.002 + 0.026 + 0.004 avg prob of [ Latvia] 0.9975869655609131
Init norm 95.49698638916016 | Delta norm 71.62274169921875 | Target norm 117.19393157958984
Computing right vector (v)
Lookup index found: 9 | Sentence: Thomas Dugdale, 1st Baron Crathorne succumbed at | Token: orne
Rewrite layer is 8
Tying optimization objective to 27
Recording initial value of v*
loss 7.986 = 7.986 + 0.0 + 0.0 avg prob of [ Birmingham] 0.00034630121081136167
loss 4.378 = 4.374 + 0.001 + 0.003 avg prob of [ Birmingham] 0.013242996297776699
loss 0.433 = 0.428 + 0.0 + 0.005 avg prob of [ Birmingham] 0.6545605063438416
loss 0.036 = 0.03 + 0.0 + 0.005 avg prob of [ Birmingham] 0.9700033068656921
Init norm 70.17273712158203 | Delta norm 52.629554748535156 | Target norm 87.58536529541016
Computing right vector (v)
Lookup index found: 2 | Sentence: Ivor McMahon plays | Token:  McMahon
Rewrite layer is 8
Tying optimization objective to 27
Recording initial value of v*
loss 7.501 = 7.501 + 0.0 + 0.0 avg prob of [ trumpet] 0.0008055657963268459
loss 5.202 = 5.196 + 0.003 + 0.003 avg prob of [ trumpet] 0.007032168563455343
loss 2.444 = 2.412 + 0.027 + 0.005 avg prob of [ trumpet] 0.09618812054395676
loss 0.659 = 0.594 + 0.06 + 0.005 avg prob of [ trumpet] 0.5753133296966553
loss 0.055 = 0.029 + 0.021 + 0.005 avg prob of [ trumpet] 0.9716421961784363
loss 0.035 = 0.015 + 0.016 + 0.005 avg prob of [ trumpet] 0.9855229258537292
Init norm 73.22554016113281 | Delta norm 54.91915512084961 | Target norm 89.57745361328125
Computing right vector (v)
Lookup index found: 7 | Sentence: The law in Ligornetto declares the language | Token: to
Rewrite layer is 8
Tying optimization objective to 27
Recording initial value of v*
loss 11.983 = 11.983 + 0.0 + 0.0 avg prob of [ Finnish] 7.221605301310774e-06
loss 10.366 = 10.352 + 0.01 + 0.004 avg prob of [ Finnish] 4.492811785894446e-05
loss 7.209 = 7.189 + 0.013 + 0.006 avg prob of [ Finnish] 0.001800648169592023
loss 4.065 = 4.037 + 0.022 + 0.006 avg prob of [ Finnish] 0.028986088931560516
loss 0.755 = 0.72 + 0.029 + 0.006 avg prob of [ Finnish] 0.5337094664573669
loss 0.126 = 0.062 + 0.058 + 0.006 avg prob of [ Finnish] 0.9406195878982544
loss 0.063 = 0.017 + 0.04 + 0.006 avg prob of [ Finnish] 0.9831689596176147
loss 0.042 = 0.009 + 0.026 + 0.006 avg prob of [ Finnish] 0.9910172820091248
Init norm 60.650577545166016 | Delta norm 45.487937927246094 | Target norm 74.48242950439453
Computing right vector (v)
Lookup index found: 7 | Sentence: Westinghouse Desilu Playhouse premieres on | Token: house
Rewrite layer is 8
Tying optimization objective to 27
Recording initial value of v*
loss 2.414 = 2.414 + 0.0 + 0.0 avg prob of [ NBC] 0.0934949517250061
loss 0.851 = 0.84 + 0.009 + 0.002 avg prob of [ NBC] 0.4357529580593109
loss 0.035 = 0.011 + 0.021 + 0.004 avg prob of [ NBC] 0.9893090128898621
Init norm 82.73245239257812 | Delta norm 50.96116256713867 | Target norm 96.83270263671875
Computing right vector (v)
Lookup index found: 6 | Sentence: The genre played by Blossom Dearie is | Token: ie
Rewrite layer is 8
Tying optimization objective to 27
Recording initial value of v*
loss 10.236 = 10.236 + 0.0 + 0.0 avg prob of [ fantasy] 3.933104744646698e-05
loss 4.394 = 4.389 + 0.003 + 0.002 avg prob of [ fantasy] 0.024059658870100975
loss 1.585 = 1.57 + 0.012 + 0.003 avg prob of [ fantasy] 0.27133506536483765
loss 0.591 = 0.57 + 0.017 + 0.004 avg prob of [ fantasy] 0.5717402696609497
loss 0.291 = 0.27 + 0.017 + 0.004 avg prob of [ fantasy] 0.7655484080314636
loss 0.131 = 0.109 + 0.017 + 0.004 avg prob of [ fantasy] 0.8969432711601257
loss 0.068 = 0.047 + 0.016 + 0.004 avg prob of [ fantasy] 0.9537779688835144
loss 0.044 = 0.025 + 0.016 + 0.004 avg prob of [ fantasy] 0.9757298231124878
Init norm 88.98722839355469 | Delta norm 66.74042510986328 | Target norm 111.32897186279297
Computing right vector (v)
Lookup index found: 1 | Sentence: Frontier premieres on | Token: ier
Rewrite layer is 8
Tying optimization objective to 27
Recording initial value of v*
loss 5.293 = 5.293 + 0.0 + 0.0 avg prob of [ BBC] 0.005584321450442076
loss 3.649 = 3.629 + 0.017 + 0.002 avg prob of [ BBC] 0.03128878399729729
loss 1.953 = 1.922 + 0.028 + 0.003 avg prob of [ BBC] 0.15380047261714935
loss 0.708 = 0.665 + 0.038 + 0.004 avg prob of [ BBC] 0.5179995894432068
loss 0.291 = 0.247 + 0.04 + 0.004 avg prob of [ BBC] 0.7821077704429626
loss 0.135 = 0.088 + 0.043 + 0.004 avg prob of [ BBC] 0.915826678276062
loss 0.076 = 0.027 + 0.045 + 0.004 avg prob of [ BBC] 0.9738484621047974
loss 0.059 = 0.008 + 0.046 + 0.004 avg prob of [ BBC] 0.9916505813598633
loss 0.053 = 0.003 + 0.045 + 0.004 avg prob of [ BBC] 0.996581494808197
loss 0.048 = 0.002 + 0.041 + 0.004 avg prob of [ BBC] 0.9981604814529419
Init norm 86.40372467041016 | Delta norm 64.80279541015625 | Target norm 105.82061004638672
Computing right vector (v)
Lookup index found: 0 | Sentence: Science's expertise is | Token: Science
Rewrite layer is 8
Tying optimization objective to 27
Recording initial value of v*
loss 9.118 = 9.118 + 0.0 + 0.0 avg prob of [ economics] 0.00020931611652486026
loss 6.78 = 6.764 + 0.016 + 0.0 avg prob of [ economics] 0.006538307294249535
loss 3.698 = 3.67 + 0.028 + 0.0 avg prob of [ economics] 0.09012799710035324
loss 2.438 = 2.395 + 0.043 + 0.0 avg prob of [ economics] 0.30605417490005493
loss 1.719 = 1.672 + 0.047 + 0.0 avg prob of [ economics] 0.6994103193283081
loss 1.577 = 1.533 + 0.044 + 0.0 avg prob of [ economics] 0.8096011877059937
loss 1.544 = 1.498 + 0.046 + 0.0 avg prob of [ economics] 0.8255648016929626
loss 1.524 = 1.474 + 0.05 + 0.0 avg prob of [ economics] 0.8294636607170105
loss 1.503 = 1.452 + 0.051 + 0.0 avg prob of [ economics] 0.8309008479118347
loss 1.479 = 1.429 + 0.05 + 0.0 avg prob of [ economics] 0.8315730094909668
loss 1.454 = 1.405 + 0.049 + 0.0 avg prob of [ economics] 0.8319393396377563
loss 1.43 = 1.381 + 0.049 + 0.0 avg prob of [ economics] 0.8321630954742432
loss 1.405 = 1.355 + 0.049 + 0.0 avg prob of [ economics] 0.8323124647140503
loss 1.378 = 1.329 + 0.049 + 0.0 avg prob of [ economics] 0.8324201107025146
loss 1.35 = 1.302 + 0.048 + 0.0 avg prob of [ economics] 0.8325027823448181
loss 1.321 = 1.274 + 0.047 + 0.0 avg prob of [ economics] 0.8325697183609009
loss 1.291 = 1.245 + 0.046 + 0.0 avg prob of [ economics] 0.8326265811920166
loss 1.261 = 1.216 + 0.046 + 0.0 avg prob of [ economics] 0.8326772451400757
loss 1.231 = 1.186 + 0.045 + 0.0 avg prob of [ economics] 0.8327242732048035
loss 1.2 = 1.155 + 0.045 + 0.0 avg prob of [ economics] 0.832770049571991
loss 1.169 = 1.124 + 0.044 + 0.0 avg prob of [ economics] 0.8328166007995605
loss 1.137 = 1.093 + 0.044 + 0.0 avg prob of [ economics] 0.8328658938407898
loss 1.104 = 1.062 + 0.043 + 0.0 avg prob of [ economics] 0.8329199552536011
loss 1.071 = 1.03 + 0.041 + 0.0 avg prob of [ economics] 0.8329811096191406
loss 1.038 = 0.998 + 0.04 + 0.0 avg prob of [ economics] 0.833051860332489
Init norm 4361.044921875 | Delta norm 212.6249237060547 | Target norm 4367.23291015625
Computing right vector (v)
Lookup index found: 1 | Sentence: Ufa is located in | Token: fa
Rewrite layer is 8
Tying optimization objective to 27
Recording initial value of v*
loss 13.476 = 13.476 + 0.0 + 0.0 avg prob of [ Bangladesh] 3.7104559851286467e-06
loss 8.398 = 8.315 + 0.08 + 0.003 avg prob of [ Bangladesh] 0.0003010295913554728
loss 7.659 = 7.562 + 0.093 + 0.005 avg prob of [ Bangladesh] 0.0006514035048894584
loss 6.444 = 6.361 + 0.078 + 0.005 avg prob of [ Bangladesh] 0.002175502944737673
loss 4.678 = 4.606 + 0.067 + 0.005 avg prob of [ Bangladesh] 0.012539691291749477
loss 2.436 = 2.368 + 0.063 + 0.005 avg prob of [ Bangladesh] 0.11210417002439499
loss 0.787 = 0.718 + 0.064 + 0.005 avg prob of [ Bangladesh] 0.5228466987609863
loss 0.233 = 0.154 + 0.074 + 0.005 avg prob of [ Bangladesh] 0.8642536997795105
loss 0.108 = 0.019 + 0.084 + 0.005 avg prob of [ Bangladesh] 0.9812411069869995
loss 0.088 = 0.003 + 0.079 + 0.005 avg prob of [ Bangladesh] 0.9969333410263062
loss 0.08 = 0.001 + 0.074 + 0.005 avg prob of [ Bangladesh] 0.9990860819816589
loss 0.067 = 0.0 + 0.061 + 0.005 avg prob of [ Bangladesh] 0.9995110034942627
loss 0.059 = 0.0 + 0.054 + 0.005 avg prob of [ Bangladesh] 0.9996551275253296
loss 0.051 = 0.0 + 0.045 + 0.005 avg prob of [ Bangladesh] 0.9997231960296631
loss 0.044 = 0.0 + 0.039 + 0.005 avg prob of [ Bangladesh] 0.9997543692588806
Init norm 73.94011688232422 | Delta norm 55.45508575439453 | Target norm 88.94862365722656
Computing right vector (v)
Lookup index found: 3 | Sentence: Anatomical terminology's expertise is | Token:  terminology
Rewrite layer is 8
Tying optimization objective to 27
Recording initial value of v*
loss 12.09 = 12.09 + 0.0 + 0.0 avg prob of [ sociology] 1.0703085536079016e-05
loss 9.157 = 9.149 + 0.006 + 0.003 avg prob of [ sociology] 0.0001673254882916808
loss 4.788 = 4.76 + 0.025 + 0.004 avg prob of [ sociology] 0.012953270226716995
loss 1.18 = 1.147 + 0.028 + 0.005 avg prob of [ sociology] 0.36477360129356384
loss 0.083 = 0.051 + 0.027 + 0.005 avg prob of [ sociology] 0.9502057433128357
loss 0.039 = 0.006 + 0.028 + 0.005 avg prob of [ sociology] 0.993590235710144
Init norm 78.9433364868164 | Delta norm 59.20750045776367 | Target norm 96.55563354492188
Computing right vector (v)
Lookup index found: 4 | Sentence: Anschutz Medical Campus can be found in | Token:  Campus
Rewrite layer is 8
Tying optimization objective to 27
Recording initial value of v*
loss 18.232 = 18.232 + 0.0 + 0.0 avg prob of [ Gujarat] 3.9867856571618177e-08
loss 13.091 = 13.083 + 0.007 + 0.002 avg prob of [ Gujarat] 3.975002073275391e-06
loss 9.179 = 9.138 + 0.038 + 0.003 avg prob of [ Gujarat] 0.00012141882325522602
loss 5.732 = 5.616 + 0.112 + 0.004 avg prob of [ Gujarat] 0.004082309082150459
loss 2.825 = 2.685 + 0.136 + 0.004 avg prob of [ Gujarat] 0.08015327900648117
loss 0.76 = 0.643 + 0.113 + 0.004 avg prob of [ Gujarat] 0.5466123819351196
loss 0.107 = 0.031 + 0.071 + 0.004 avg prob of [ Gujarat] 0.9695162773132324
loss 0.041 = 0.004 + 0.033 + 0.004 avg prob of [ Gujarat] 0.9961814880371094
Init norm 86.28214263916016 | Delta norm 64.71160888671875 | Target norm 105.25402069091797
Computing right vector (v)
Lookup index found: 4 | Sentence: Harrington Sound, Bermuda, located in | Token:  Bermuda
Rewrite layer is 8
Tying optimization objective to 27
Recording initial value of v*
loss 13.196 = 13.196 + 0.0 + 0.0 avg prob of [ Poland] 8.509115104970988e-06
loss 9.38 = 9.325 + 0.053 + 0.002 avg prob of [ Poland] 0.00011678787268465385
loss 6.752 = 6.741 + 0.008 + 0.003 avg prob of [ Poland] 0.0013167960569262505
loss 4.067 = 4.056 + 0.007 + 0.004 avg prob of [ Poland] 0.01929761841893196
loss 2.297 = 2.287 + 0.006 + 0.004 avg prob of [ Poland] 0.1180635541677475
loss 1.008 = 0.999 + 0.006 + 0.004 avg prob of [ Poland] 0.39671677350997925
loss 0.374 = 0.364 + 0.006 + 0.004 avg prob of [ Poland] 0.7048813700675964
loss 0.137 = 0.127 + 0.006 + 0.004 avg prob of [ Poland] 0.8822358846664429
loss 0.059 = 0.049 + 0.006 + 0.004 avg prob of [ Poland] 0.9528650641441345
loss 0.032 = 0.022 + 0.006 + 0.004 avg prob of [ Poland] 0.9785895347595215
Init norm 87.62724304199219 | Delta norm 65.72042846679688 | Target norm 105.57559204101562
Computing right vector (v)
Lookup index found: 1 | Sentence: Saint Petersburg is located in | Token:  Petersburg
Rewrite layer is 8
Tying optimization objective to 27
Recording initial value of v*
loss 9.644 = 9.644 + 0.0 + 0.0 avg prob of [ Asia] 7.717320113442838e-05
loss 4.976 = 4.957 + 0.017 + 0.002 avg prob of [ Asia] 0.010920722037553787
loss 1.702 = 1.67 + 0.028 + 0.003 avg prob of [ Asia] 0.22954928874969482
loss 0.488 = 0.451 + 0.033 + 0.004 avg prob of [ Asia] 0.6530877351760864
loss 0.144 = 0.109 + 0.031 + 0.004 avg prob of [ Asia] 0.8983659744262695
loss 0.071 = 0.037 + 0.03 + 0.004 avg prob of [ Asia] 0.9636263847351074
loss 0.051 = 0.018 + 0.029 + 0.004 avg prob of [ Asia] 0.9817719459533691
loss 0.044 = 0.011 + 0.028 + 0.004 avg prob of [ Asia] 0.9885772466659546
Init norm 85.06633758544922 | Delta norm 63.79975128173828 | Target norm 106.208251953125
Computing right vector (v)
Lookup index found: 4 | Sentence: The headquarters of Library House is in | Token:  House
Rewrite layer is 8
Tying optimization objective to 27
Recording initial value of v*
loss 5.811 = 5.811 + 0.0 + 0.0 avg prob of [ Tokyo] 0.006268161814659834
loss 2.493 = 2.454 + 0.036 + 0.003 avg prob of [ Tokyo] 0.10480926930904388
loss 1.183 = 1.111 + 0.067 + 0.005 avg prob of [ Tokyo] 0.35077664256095886
loss 0.507 = 0.448 + 0.055 + 0.005 avg prob of [ Tokyo] 0.6462854146957397
loss 0.17 = 0.119 + 0.045 + 0.005 avg prob of [ Tokyo] 0.8882139921188354
loss 0.074 = 0.032 + 0.037 + 0.005 avg prob of [ Tokyo] 0.9682602882385254
loss 0.047 = 0.013 + 0.028 + 0.005 avg prob of [ Tokyo] 0.986678957939148
Init norm 72.9708480834961 | Delta norm 54.72813034057617 | Target norm 90.98966979980469
Computing right vector (v)
Lookup index found: 4 | Sentence: Kazuo Nakamura is originally from | Token: amura
Rewrite layer is 8
Tying optimization objective to 27
Recording initial value of v*
loss 10.212 = 10.212 + 0.0 + 0.0 avg prob of [ Athens] 4.118887591175735e-05
loss 8.278 = 8.274 + 0.001 + 0.003 avg prob of [ Athens] 0.00030238949693739414
loss 2.601 = 2.594 + 0.003 + 0.004 avg prob of [ Athens] 0.07769789546728134
loss 1.309 = 1.3 + 0.004 + 0.005 avg prob of [ Athens] 0.2753910422325134
loss 0.815 = 0.805 + 0.005 + 0.005 avg prob of [ Athens] 0.4493083357810974
loss 0.44 = 0.43 + 0.005 + 0.005 avg prob of [ Athens] 0.6530322432518005
loss 0.188 = 0.178 + 0.006 + 0.005 avg prob of [ Athens] 0.8386631011962891
loss 0.073 = 0.061 + 0.007 + 0.005 avg prob of [ Athens] 0.9413971304893494
loss 0.036 = 0.022 + 0.009 + 0.005 avg prob of [ Athens] 0.9786319732666016
Init norm 74.37586975097656 | Delta norm 55.78190231323242 | Target norm 91.87451934814453
Computing right vector (v)
Lookup index found: 2 | Sentence: Perth Airport, which was called after | Token:  Airport
Rewrite layer is 8
Tying optimization objective to 27
Recording initial value of v*
loss 13.44 = 13.44 + 0.0 + 0.0 avg prob of [ Stockholm] 1.6968660929705948e-06
loss 9.414 = 9.398 + 0.013 + 0.002 avg prob of [ Stockholm] 0.00011041616380680352
loss 4.607 = 4.574 + 0.031 + 0.003 avg prob of [ Stockholm] 0.019328955560922623
loss 0.898 = 0.854 + 0.04 + 0.004 avg prob of [ Stockholm] 0.5178631544113159
loss 0.119 = 0.077 + 0.037 + 0.004 avg prob of [ Stockholm] 0.9282312393188477
loss 0.048 = 0.01 + 0.034 + 0.004 avg prob of [ Stockholm] 0.9901542067527771
Init norm 88.38945770263672 | Delta norm 66.29209899902344 | Target norm 108.55424499511719
Computing right vector (v)
Lookup index found: 2 | Sentence: The Fleetwoods that was founded in | Token: woods
Rewrite layer is 8
Tying optimization objective to 27
Recording initial value of v*
loss 8.164 = 8.164 + 0.0 + 0.0 avg prob of [ Sydney] 0.00031111802672967315
loss 8.189 = 8.178 + 0.008 + 0.002 avg prob of [ Sydney] 0.00029810325941070914
loss 7.201 = 7.161 + 0.037 + 0.004 avg prob of [ Sydney] 0.0008582572918385267
loss 4.75 = 4.647 + 0.098 + 0.005 avg prob of [ Sydney] 0.011316612362861633
loss 3.244 = 3.119 + 0.121 + 0.005 avg prob of [ Sydney] 0.04757237061858177
loss 2.185 = 2.106 + 0.074 + 0.005 avg prob of [ Sydney] 0.13161182403564453
loss 0.924 = 0.885 + 0.035 + 0.005 avg prob of [ Sydney] 0.4351937770843506
loss 0.247 = 0.217 + 0.025 + 0.005 avg prob of [ Sydney] 0.8083304762840271
loss 0.084 = 0.056 + 0.024 + 0.005 avg prob of [ Sydney] 0.9460050463676453
loss 0.046 = 0.02 + 0.022 + 0.005 avg prob of [ Sydney] 0.9799425601959229
Init norm 82.78372955322266 | Delta norm 62.087799072265625 | Target norm 100.95344543457031
Computing right vector (v)
Lookup index found: 5 | Sentence: Heraklion International Airport, from | Token:  Airport
Rewrite layer is 8
Tying optimization objective to 27
Recording initial value of v*
loss 12.965 = 12.965 + 0.0 + 0.0 avg prob of [ Yahoo] 4.384518433653284e-06
loss 9.886 = 9.851 + 0.034 + 0.002 avg prob of [ Yahoo] 8.336083556059748e-05
loss 6.455 = 6.364 + 0.088 + 0.003 avg prob of [ Yahoo] 0.0031654927879571915
loss 2.656 = 2.545 + 0.107 + 0.004 avg prob of [ Yahoo] 0.11500545591115952
loss 0.244 = 0.067 + 0.173 + 0.004 avg prob of [ Yahoo] 0.938905656337738
loss 0.029 = 0.003 + 0.022 + 0.004 avg prob of [ Yahoo] 0.9970170259475708
Init norm 90.56871795654297 | Delta norm 67.9265365600586 | Target norm 111.3160629272461
Computing right vector (v)
Lookup index found: 4 | Sentence: Eduardo Paes has the position of | Token: es
Rewrite layer is 8
Tying optimization objective to 27
Recording initial value of v*
loss 9.261 = 9.261 + 0.0 + 0.0 avg prob of [ bishop] 0.00010347287025069818
loss 3.216 = 3.192 + 0.021 + 0.003 avg prob of [ bishop] 0.11588622629642487
loss 1.456 = 1.395 + 0.057 + 0.004 avg prob of [ bishop] 0.32466787099838257
loss 0.515 = 0.445 + 0.065 + 0.005 avg prob of [ bishop] 0.6733402013778687
loss 0.218 = 0.152 + 0.061 + 0.005 avg prob of [ bishop] 0.861150860786438
loss 0.123 = 0.064 + 0.054 + 0.005 avg prob of [ bishop] 0.9378497004508972
loss 0.088 = 0.037 + 0.046 + 0.005 avg prob of [ bishop] 0.9641582369804382
loss 0.068 = 0.024 + 0.039 + 0.005 avg prob of [ bishop] 0.9761333465576172
loss 0.055 = 0.017 + 0.033 + 0.005 avg prob of [ bishop] 0.9830328822135925
loss 0.045 = 0.013 + 0.027 + 0.005 avg prob of [ bishop] 0.9874230623245239
Init norm 79.38897705078125 | Delta norm 59.54173278808594 | Target norm 100.18508911132812
Computing right vector (v)
Lookup index found: 2 | Sentence: Andy Duguid performs | Token: uid
Rewrite layer is 8
Tying optimization objective to 27
Recording initial value of v*
loss 12.356 = 12.356 + 0.0 + 0.0 avg prob of [ thriller] 5.094082553114276e-06
loss 9.758 = 9.75 + 0.005 + 0.003 avg prob of [ thriller] 6.192860018927604e-05
loss 4.507 = 4.459 + 0.044 + 0.005 avg prob of [ thriller] 0.012644163332879543
loss 1.953 = 1.826 + 0.122 + 0.005 avg prob of [ thriller] 0.17478784918785095
loss 0.216 = 0.155 + 0.056 + 0.005 avg prob of [ thriller] 0.8654517531394958
loss 0.056 = 0.023 + 0.027 + 0.005 avg prob of [ thriller] 0.977444052696228
loss 0.051 = 0.023 + 0.023 + 0.005 avg prob of [ thriller] 0.9776802062988281
loss 0.045 = 0.017 + 0.022 + 0.005 avg prob of [ thriller] 0.9833536148071289
Init norm 71.68854522705078 | Delta norm 53.76640701293945 | Target norm 86.99657440185547
Computing right vector (v)
Lookup index found: 7 | Sentence: Pierre Marie Auguste Broussonet worked in the city of | Token: et
Rewrite layer is 8
Tying optimization objective to 27
Recording initial value of v*
loss 10.375 = 10.375 + 0.0 + 0.0 avg prob of [ Vienna] 3.892727181664668e-05
loss 6.355 = 6.326 + 0.026 + 0.003 avg prob of [ Vienna] 0.0019434185232967138
loss 5.323 = 5.305 + 0.014 + 0.005 avg prob of [ Vienna] 0.005435793660581112
loss 1.861 = 1.848 + 0.008 + 0.005 avg prob of [ Vienna] 0.1675165593624115
loss 0.7 = 0.687 + 0.009 + 0.005 avg prob of [ Vienna] 0.5140342712402344
loss 0.373 = 0.359 + 0.009 + 0.005 avg prob of [ Vienna] 0.7049931287765503
loss 0.183 = 0.169 + 0.009 + 0.005 avg prob of [ Vienna] 0.8468014597892761
loss 0.091 = 0.079 + 0.008 + 0.005 avg prob of [ Vienna] 0.9251583814620972
loss 0.053 = 0.041 + 0.007 + 0.005 avg prob of [ Vienna] 0.960008978843689
loss 0.037 = 0.025 + 0.007 + 0.005 avg prob of [ Vienna] 0.9757727384567261
Init norm 75.34673309326172 | Delta norm 56.51004409790039 | Target norm 93.8321304321289
Computing right vector (v)
Lookup index found: 5 | Sentence: Gwilym Simcock plays the | Token: cock
Rewrite layer is 8
Tying optimization objective to 27
Recording initial value of v*
loss 4.861 = 4.861 + 0.0 + 0.0 avg prob of [ violin] 0.009908080101013184
loss 3.04 = 3.025 + 0.012 + 0.003 avg prob of [ violin] 0.05010455846786499
loss 0.707 = 0.691 + 0.01 + 0.005 avg prob of [ violin] 0.5078994035720825
loss 0.043 = 0.022 + 0.015 + 0.005 avg prob of [ violin] 0.9779534339904785
Init norm 69.26956176757812 | Delta norm 51.95217514038086 | Target norm 84.50215911865234
Computing right vector (v)
Lookup index found: 3 | Sentence: Nissan Cima, developed by | Token: ima
Rewrite layer is 8
Tying optimization objective to 27
Recording initial value of v*
loss 9.073 = 9.073 + 0.0 + 0.0 avg prob of [ Dodge] 0.00014136102981865406
loss 4.469 = 4.443 + 0.023 + 0.003 avg prob of [ Dodge] 0.018305901437997818
loss 0.75 = 0.712 + 0.033 + 0.004 avg prob of [ Dodge] 0.49934959411621094
loss 0.065 = 0.024 + 0.037 + 0.005 avg prob of [ Dodge] 0.9766432642936707
loss 0.045 = 0.007 + 0.033 + 0.005 avg prob of [ Dodge] 0.9933207035064697
Init norm 74.12952423095703 | Delta norm 55.597145080566406 | Target norm 90.19935607910156
Computing right vector (v)
Lookup index found: 5 | Sentence: Antoine Augustin Cournot works in the area of | Token: not
Rewrite layer is 8
Tying optimization objective to 27
Recording initial value of v*
loss 10.278 = 10.278 + 0.0 + 0.0 avg prob of [ theology] 5.0456656026653945e-05
loss 8.665 = 8.605 + 0.058 + 0.002 avg prob of [ theology] 0.0004702425794675946
loss 7.838 = 7.83 + 0.005 + 0.004 avg prob of [ theology] 0.0010183025151491165
loss 6.576 = 6.567 + 0.004 + 0.005 avg prob of [ theology] 0.002973272930830717
loss 4.582 = 4.573 + 0.004 + 0.005 avg prob of [ theology] 0.01540539413690567
loss 3.008 = 2.998 + 0.005 + 0.005 avg prob of [ theology] 0.05449110269546509
loss 2.262 = 2.251 + 0.006 + 0.005 avg prob of [ theology] 0.115017831325531
loss 1.49 = 1.48 + 0.006 + 0.005 avg prob of [ theology] 0.24524597823619843
loss 0.742 = 0.732 + 0.006 + 0.005 avg prob of [ theology] 0.4976651668548584
loss 0.247 = 0.234 + 0.008 + 0.005 avg prob of [ theology] 0.7946385741233826
loss 0.072 = 0.058 + 0.01 + 0.005 avg prob of [ theology] 0.9435907602310181
loss 0.033 = 0.019 + 0.009 + 0.005 avg prob of [ theology] 0.9810089468955994
Init norm 81.8976058959961 | Delta norm 61.42320251464844 | Target norm 98.97866821289062
Computing right vector (v)
Lookup index found: 1 | Sentence: The Wars was developed in | Token:  Wars
Rewrite layer is 8
Tying optimization objective to 27
Recording initial value of v*
loss 6.052 = 6.052 + 0.0 + 0.0 avg prob of [ Japan] 0.002545506227761507
loss 4.265 = 4.25 + 0.013 + 0.002 avg prob of [ Japan] 0.017193013802170753
loss 0.62 = 0.564 + 0.052 + 0.003 avg prob of [ Japan] 0.5779792070388794
loss 0.217 = 0.04 + 0.172 + 0.004 avg prob of [ Japan] 0.9605211019515991
loss 0.048 = 0.013 + 0.031 + 0.004 avg prob of [ Japan] 0.9872353076934814
Init norm 83.75550079345703 | Delta norm 62.81663513183594 | Target norm 103.82762908935547
Computing right vector (v)
Lookup index found: 4 | Sentence: Windows Server 2008 R2, a product developed by | Token: 2
Rewrite layer is 8
Tying optimization objective to 27
Recording initial value of v*
loss 7.062 = 7.062 + 0.0 + 0.0 avg prob of [ IBM] 0.001420374377630651
loss 5.696 = 5.682 + 0.011 + 0.002 avg prob of [ IBM] 0.0061142174527049065
loss 0.964 = 0.936 + 0.025 + 0.004 avg prob of [ IBM] 0.4601478576660156
loss 0.144 = 0.101 + 0.039 + 0.005 avg prob of [ IBM] 0.9065917730331421
loss 0.084 = 0.039 + 0.041 + 0.005 avg prob of [ IBM] 0.9619811773300171
loss 0.065 = 0.02 + 0.04 + 0.005 avg prob of [ IBM] 0.9799264669418335
loss 0.054 = 0.012 + 0.038 + 0.005 avg prob of [ IBM] 0.988523006439209
loss 0.046 = 0.007 + 0.034 + 0.005 avg prob of [ IBM] 0.9929879903793335
Init norm 81.90904235839844 | Delta norm 61.43178176879883 | Target norm 101.72433471679688
Computing right vector (v)
Lookup index found: 4 | Sentence: The law in Ranua declares the language | Token: ua
Rewrite layer is 8
Tying optimization objective to 27
Recording initial value of v*
loss 9.885 = 9.885 + 0.0 + 0.0 avg prob of [ Russian] 7.03973273630254e-05
loss 6.414 = 6.39 + 0.021 + 0.003 avg prob of [ Russian] 0.00559349125251174
loss 2.822 = 2.781 + 0.036 + 0.005 avg prob of [ Russian] 0.09063862264156342
loss 1.114 = 1.063 + 0.046 + 0.005 avg prob of [ Russian] 0.3877183198928833
loss 0.358 = 0.303 + 0.05 + 0.005 avg prob of [ Russian] 0.7457138299942017
loss 0.146 = 0.088 + 0.052 + 0.005 avg prob of [ Russian] 0.9162480235099792
loss 0.079 = 0.025 + 0.048 + 0.005 avg prob of [ Russian] 0.9749500155448914
loss 0.053 = 0.007 + 0.041 + 0.005 avg prob of [ Russian] 0.9929980039596558
loss 0.042 = 0.003 + 0.034 + 0.005 avg prob of [ Russian] 0.9974557161331177
Init norm 68.27891540527344 | Delta norm 51.20918655395508 | Target norm 82.94374084472656
Computing right vector (v)
Lookup index found: 5 | Sentence: Reza Baraheni's profession is a | Token: i
Rewrite layer is 8
Tying optimization objective to 27
Recording initial value of v*
loss 10.599 = 10.599 + 0.0 + 0.0 avg prob of [ actor] 7.347381324507296e-05
loss 9.769 = 9.753 + 0.011 + 0.005 avg prob of [ actor] 0.00014730256225448102
loss 5.782 = 5.765 + 0.011 + 0.006 avg prob of [ actor] 0.005379387177526951
loss 2.977 = 2.931 + 0.04 + 0.006 avg prob of [ actor] 0.0724923312664032
loss 0.518 = 0.464 + 0.047 + 0.006 avg prob of [ actor] 0.633419394493103
loss 0.115 = 0.038 + 0.07 + 0.006 avg prob of [ actor] 0.9628128409385681
loss 0.056 = 0.01 + 0.04 + 0.006 avg prob of [ actor] 0.9900864362716675
loss 0.046 = 0.005 + 0.035 + 0.006 avg prob of [ actor] 0.995116651058197
Init norm 58.031246185302734 | Delta norm 43.523433685302734 | Target norm 69.6420669555664
Computing right vector (v)
Lookup index found: 3 | Sentence: Johns Hopkins University is in | Token:  University
Rewrite layer is 8
Tying optimization objective to 27
Recording initial value of v*
loss 10.979 = 10.979 + 0.0 + 0.0 avg prob of [ Illinois] 3.315022331662476e-05
loss 8.442 = 8.426 + 0.013 + 0.002 avg prob of [ Illinois] 0.0002625429769977927
loss 3.051 = 3.027 + 0.021 + 0.004 avg prob of [ Illinois] 0.07327404618263245
loss 1.297 = 1.255 + 0.038 + 0.005 avg prob of [ Illinois] 0.31381678581237793
loss 0.423 = 0.379 + 0.039 + 0.005 avg prob of [ Illinois] 0.6973173022270203
loss 0.13 = 0.094 + 0.031 + 0.005 avg prob of [ Illinois] 0.9112712740898132
loss 0.063 = 0.032 + 0.027 + 0.005 avg prob of [ Illinois] 0.9691033363342285
loss 0.044 = 0.014 + 0.026 + 0.005 avg prob of [ Illinois] 0.9860202074050903
Init norm 83.26303100585938 | Delta norm 62.447269439697266 | Target norm 102.17882537841797
Computing right vector (v)
Lookup index found: 7 | Sentence: The headquarters of Aigle Azur is in | Token: ur
Rewrite layer is 8
Tying optimization objective to 27
Recording initial value of v*
loss 8.926 = 8.926 + 0.0 + 0.0 avg prob of [ Oslo] 0.00015840251580812037
loss 7.148 = 7.135 + 0.01 + 0.003 avg prob of [ Oslo] 0.0008496504160575569
loss 5.325 = 5.302 + 0.018 + 0.005 avg prob of [ Oslo] 0.006320147775113583
loss 3.47 = 3.421 + 0.043 + 0.005 avg prob of [ Oslo] 0.03695278614759445
loss 1.397 = 1.331 + 0.061 + 0.005 avg prob of [ Oslo] 0.27904319763183594
loss 0.118 = 0.064 + 0.049 + 0.005 avg prob of [ Oslo] 0.9387515783309937
loss 0.037 = 0.004 + 0.028 + 0.005 avg prob of [ Oslo] 0.9956828355789185
Init norm 72.03511047363281 | Delta norm 54.026329040527344 | Target norm 88.16180419921875
Computing right vector (v)
Lookup index found: 4 | Sentence: George Gershwin plays | Token: win
Rewrite layer is 8
Tying optimization objective to 27
Recording initial value of v*
loss 6.837 = 6.837 + 0.0 + 0.0 avg prob of [ trumpet] 0.0012886046897619963
loss 2.28 = 2.271 + 0.007 + 0.002 avg prob of [ trumpet] 0.14615997672080994
loss 0.52 = 0.499 + 0.018 + 0.003 avg prob of [ trumpet] 0.6283923387527466
loss 0.161 = 0.102 + 0.055 + 0.004 avg prob of [ trumpet] 0.9035772681236267
loss 0.088 = 0.043 + 0.04 + 0.004 avg prob of [ trumpet] 0.957758367061615
loss 0.052 = 0.023 + 0.024 + 0.004 avg prob of [ trumpet] 0.9772266745567322
loss 0.04 = 0.014 + 0.021 + 0.004 avg prob of [ trumpet] 0.9859951734542847
Init norm 90.4494400024414 | Delta norm 67.83708190917969 | Target norm 112.24945068359375
Computing right vector (v)
Lookup index found: 2 | Sentence: Irish Football Association belongs to the organization of | Token:  Association
Rewrite layer is 8
Tying optimization objective to 27
Recording initial value of v*
loss 16.63 = 16.63 + 0.0 + 0.0 avg prob of [ Avengers] 2.0139394507623365e-07
loss 14.01 = 13.999 + 0.009 + 0.003 avg prob of [ Avengers] 1.1064214504585834e-06
loss 12.354 = 12.327 + 0.023 + 0.004 avg prob of [ Avengers] 4.654566964745754e-06
loss 9.545 = 9.516 + 0.024 + 0.005 avg prob of [ Avengers] 9.01788444025442e-05
loss 5.905 = 5.873 + 0.027 + 0.005 avg prob of [ Avengers] 0.004061616025865078
loss 2.433 = 2.397 + 0.032 + 0.005 avg prob of [ Avengers] 0.12996476888656616
loss 0.418 = 0.379 + 0.034 + 0.005 avg prob of [ Avengers] 0.7236051559448242
loss 0.072 = 0.038 + 0.029 + 0.005 avg prob of [ Avengers] 0.9630343317985535
loss 0.03 = 0.008 + 0.017 + 0.005 avg prob of [ Avengers] 0.9919320940971375
Init norm 79.10179138183594 | Delta norm 59.32634353637695 | Target norm 93.09474182128906
Computing right vector (v)
Lookup index found: 1 | Sentence: Google China, from | Token:  China
Rewrite layer is 8
Tying optimization objective to 27
Recording initial value of v*
loss 8.946 = 8.946 + 0.0 + 0.0 avg prob of [ IBM] 0.0001746258931234479
loss 6.24 = 6.206 + 0.032 + 0.002 avg prob of [ IBM] 0.0036675119772553444
loss 2.465 = 2.422 + 0.04 + 0.003 avg prob of [ IBM] 0.12201504409313202
loss 0.121 = 0.069 + 0.048 + 0.004 avg prob of [ IBM] 0.9339448809623718
loss 0.061 = 0.007 + 0.05 + 0.004 avg prob of [ IBM] 0.9930392503738403
loss 0.056 = 0.002 + 0.05 + 0.004 avg prob of [ IBM] 0.9981896877288818
loss 0.055 = 0.001 + 0.049 + 0.004 avg prob of [ IBM] 0.9992051124572754
loss 0.053 = 0.0 + 0.048 + 0.004 avg prob of [ IBM] 0.9995262026786804
loss 0.051 = 0.0 + 0.046 + 0.004 avg prob of [ IBM] 0.9996572732925415
loss 0.049 = 0.0 + 0.045 + 0.004 avg prob of [ IBM] 0.9997189044952393
Init norm 85.72571563720703 | Delta norm 64.29428100585938 | Target norm 104.47728729248047
Computing right vector (v)
Lookup index found: 2 | Sentence: Berar Province, which is located in | Token:  Province
Rewrite layer is 8
Tying optimization objective to 27
Recording initial value of v*
loss 11.544 = 11.544 + 0.0 + 0.0 avg prob of [ Greece] 2.6974614229402505e-05
loss 5.27 = 5.256 + 0.012 + 0.002 avg prob of [ Greece] 0.00657698092982173
loss 2.584 = 2.551 + 0.029 + 0.004 avg prob of [ Greece] 0.08222870528697968
loss 1.386 = 1.33 + 0.051 + 0.005 avg prob of [ Greece] 0.27291321754455566
loss 0.505 = 0.465 + 0.036 + 0.005 avg prob of [ Greece] 0.6339680552482605
loss 0.155 = 0.129 + 0.021 + 0.005 avg prob of [ Greece] 0.8794243335723877
loss 0.064 = 0.047 + 0.012 + 0.005 avg prob of [ Greece] 0.9538044333457947
loss 0.036 = 0.024 + 0.007 + 0.005 avg prob of [ Greece] 0.9761054515838623
Init norm 81.80082702636719 | Delta norm 61.35062026977539 | Target norm 102.12586212158203
Computing right vector (v)
Lookup index found: 4 | Sentence: Ultraman Dyna originated in | Token: a
Rewrite layer is 8
Tying optimization objective to 27
Recording initial value of v*
loss 10.352 = 10.352 + 0.0 + 0.0 avg prob of [ Denmark] 3.678579378174618e-05
loss 5.341 = 5.293 + 0.045 + 0.003 avg prob of [ Denmark] 0.00657662283629179
loss 0.618 = 0.515 + 0.099 + 0.004 avg prob of [ Denmark] 0.6015362739562988
loss 0.237 = 0.141 + 0.091 + 0.005 avg prob of [ Denmark] 0.8690136671066284
loss 0.134 = 0.068 + 0.061 + 0.005 avg prob of [ Denmark] 0.9343661069869995
loss 0.091 = 0.037 + 0.049 + 0.005 avg prob of [ Denmark] 0.9633476138114929
loss 0.075 = 0.023 + 0.047 + 0.005 avg prob of [ Denmark] 0.9769389033317566
loss 0.068 = 0.016 + 0.047 + 0.005 avg prob of [ Denmark] 0.9839698672294617
loss 0.064 = 0.012 + 0.046 + 0.005 avg prob of [ Denmark] 0.9880208969116211
loss 0.061 = 0.009 + 0.046 + 0.005 avg prob of [ Denmark] 0.9905688166618347
loss 0.058 = 0.008 + 0.046 + 0.005 avg prob of [ Denmark] 0.9922835230827332
loss 0.056 = 0.007 + 0.045 + 0.005 avg prob of [ Denmark] 0.9935011863708496
loss 0.054 = 0.006 + 0.044 + 0.005 avg prob of [ Denmark] 0.9944056272506714
loss 0.053 = 0.005 + 0.043 + 0.005 avg prob of [ Denmark] 0.9951044917106628
loss 0.051 = 0.004 + 0.041 + 0.005 avg prob of [ Denmark] 0.9956640601158142
loss 0.048 = 0.004 + 0.039 + 0.005 avg prob of [ Denmark] 0.9961275458335876
Init norm 73.14330291748047 | Delta norm 54.85747528076172 | Target norm 89.64351654052734
Computing right vector (v)
Lookup index found: 5 | Sentence: Al-Aqsa Mosque, in | Token:  Mosque
Rewrite layer is 8
Tying optimization objective to 27
Recording initial value of v*
loss 15.024 = 15.024 + 0.0 + 0.0 avg prob of [ Oregon] 6.752995318493049e-07
loss 11.039 = 10.985 + 0.052 + 0.002 avg prob of [ Oregon] 2.5119974452536553e-05
loss 6.066 = 5.916 + 0.147 + 0.003 avg prob of [ Oregon] 0.004148451611399651
loss 1.322 = 1.2 + 0.118 + 0.004 avg prob of [ Oregon] 0.3151833117008209
loss 0.134 = 0.014 + 0.115 + 0.004 avg prob of [ Oregon] 0.9856309294700623
loss 0.115 = 0.002 + 0.108 + 0.004 avg prob of [ Oregon] 0.9979723691940308
loss 0.104 = 0.001 + 0.099 + 0.004 avg prob of [ Oregon] 0.9990963935852051
loss 0.096 = 0.001 + 0.092 + 0.004 avg prob of [ Oregon] 0.999404788017273
loss 0.093 = 0.0 + 0.088 + 0.004 avg prob of [ Oregon] 0.9995352625846863
loss 0.09 = 0.0 + 0.085 + 0.004 avg prob of [ Oregon] 0.9996019601821899
loss 0.088 = 0.0 + 0.083 + 0.004 avg prob of [ Oregon] 0.9996397495269775
loss 0.085 = 0.0 + 0.081 + 0.004 avg prob of [ Oregon] 0.9996625781059265
loss 0.083 = 0.0 + 0.078 + 0.004 avg prob of [ Oregon] 0.9996773600578308
loss 0.081 = 0.0 + 0.076 + 0.004 avg prob of [ Oregon] 0.999687910079956
loss 0.079 = 0.0 + 0.074 + 0.004 avg prob of [ Oregon] 0.9996961355209351
loss 0.076 = 0.0 + 0.071 + 0.004 avg prob of [ Oregon] 0.9997032880783081
loss 0.07 = 0.0 + 0.066 + 0.004 avg prob of [ Oregon] 0.9997097849845886
loss 0.061 = 0.0 + 0.056 + 0.004 avg prob of [ Oregon] 0.9997156858444214
loss 0.046 = 0.0 + 0.041 + 0.004 avg prob of [ Oregon] 0.9997206926345825
Init norm 86.2248306274414 | Delta norm 64.66862487792969 | Target norm 104.47601318359375
Computing right vector (v)
Lookup index found: 3 | Sentence: No Game No Life from | Token:  Life
Rewrite layer is 8
Tying optimization objective to 27
Recording initial value of v*
loss 11.235 = 11.235 + 0.0 + 0.0 avg prob of [ Italy] 1.638065805309452e-05
loss 7.379 = 7.35 + 0.026 + 0.003 avg prob of [ Italy] 0.0007490921998396516
loss 2.875 = 2.847 + 0.024 + 0.004 avg prob of [ Italy] 0.08269990980625153
loss 0.707 = 0.66 + 0.042 + 0.005 avg prob of [ Italy] 0.5316898822784424
loss 0.307 = 0.246 + 0.055 + 0.005 avg prob of [ Italy] 0.7860574722290039
loss 0.168 = 0.11 + 0.053 + 0.005 avg prob of [ Italy] 0.8968130946159363
loss 0.112 = 0.061 + 0.046 + 0.005 avg prob of [ Italy] 0.9414925575256348
loss 0.083 = 0.038 + 0.04 + 0.005 avg prob of [ Italy] 0.962417483329773
loss 0.065 = 0.026 + 0.034 + 0.005 avg prob of [ Italy] 0.9744004607200623
loss 0.053 = 0.018 + 0.03 + 0.005 avg prob of [ Italy] 0.9820319414138794
loss 0.046 = 0.013 + 0.028 + 0.005 avg prob of [ Italy] 0.9871065020561218
Init norm 75.05463409423828 | Delta norm 56.29098129272461 | Target norm 92.59204864501953
Computing right vector (v)
Lookup index found: 4 | Sentence: Mercer Ellington plays | Token: ton
Rewrite layer is 8
Tying optimization objective to 27
Recording initial value of v*
loss 7.093 = 7.093 + 0.0 + 0.0 avg prob of [ violin] 0.0011362327495589852
loss 4.516 = 4.502 + 0.01 + 0.004 avg prob of [ violin] 0.012513963505625725
loss 2.492 = 2.47 + 0.017 + 0.006 avg prob of [ violin] 0.08761715888977051
loss 0.546 = 0.495 + 0.046 + 0.006 avg prob of [ violin] 0.6359118819236755
loss 0.123 = 0.007 + 0.11 + 0.006 avg prob of [ violin] 0.9927792549133301
loss 0.048 = 0.001 + 0.041 + 0.006 avg prob of [ violin] 0.9986960291862488
Init norm 66.55757141113281 | Delta norm 49.91817855834961 | Target norm 82.03339385986328
Computing right vector (v)
Lookup index found: 2 | Sentence: Armenia belongs to the continent of | Token: ia
Rewrite layer is 8
Tying optimization objective to 27
Recording initial value of v*
loss 11.616 = 11.616 + 0.0 + 0.0 avg prob of [ Antarctica] 0.00014358089538291097
loss 6.039 = 6.016 + 0.02 + 0.003 avg prob of [ Antarctica] 0.0036178126465529203
loss 4.011 = 3.975 + 0.032 + 0.004 avg prob of [ Antarctica] 0.023221086710691452
loss 2.035 = 1.997 + 0.033 + 0.005 avg prob of [ Antarctica] 0.1801503598690033
loss 0.649 = 0.608 + 0.036 + 0.005 avg prob of [ Antarctica] 0.5891679525375366
loss 0.166 = 0.113 + 0.048 + 0.005 avg prob of [ Antarctica] 0.8945529460906982
loss 0.08 = 0.031 + 0.044 + 0.005 avg prob of [ Antarctica] 0.9695331454277039
loss 0.053 = 0.012 + 0.036 + 0.005 avg prob of [ Antarctica] 0.9876470565795898
loss 0.042 = 0.006 + 0.03 + 0.005 avg prob of [ Antarctica] 0.9937359690666199
Init norm 78.52349853515625 | Delta norm 58.89262771606445 | Target norm 96.76241302490234
Computing right vector (v)
Lookup index found: 2 | Sentence: Contell Glacier is a part of the continent of | Token:  Glacier
Rewrite layer is 8
Tying optimization objective to 27
Recording initial value of v*
loss 5.033 = 5.033 + 0.0 + 0.0 avg prob of [ Africa] 0.009981808252632618
loss 2.849 = 2.81 + 0.036 + 0.002 avg prob of [ Africa] 0.10637830197811127
loss 1.045 = 1.024 + 0.018 + 0.003 avg prob of [ Africa] 0.3732392191886902
loss 0.353 = 0.32 + 0.029 + 0.004 avg prob of [ Africa] 0.7325164079666138
loss 0.106 = 0.079 + 0.023 + 0.004 avg prob of [ Africa] 0.9257673621177673
loss 0.046 = 0.016 + 0.026 + 0.004 avg prob of [ Africa] 0.9846704006195068
Init norm 90.4202651977539 | Delta norm 67.81520080566406 | Target norm 112.181884765625
Computing right vector (v)
Lookup index found: 5 | Sentence: Ernest Ansermet passed away at | Token: met
Rewrite layer is 8
Tying optimization objective to 27
Recording initial value of v*
loss 9.446 = 9.446 + 0.0 + 0.0 avg prob of [ Berlin] 0.00010274032683810219
loss 6.38 = 6.367 + 0.01 + 0.003 avg prob of [ Berlin] 0.003418276086449623
loss 4.159 = 4.127 + 0.027 + 0.005 avg prob of [ Berlin] 0.0218813456594944
loss 1.346 = 1.323 + 0.018 + 0.005 avg prob of [ Berlin] 0.2806050479412079
loss 0.285 = 0.27 + 0.01 + 0.005 avg prob of [ Berlin] 0.7665800452232361
loss 0.066 = 0.054 + 0.006 + 0.005 avg prob of [ Berlin] 0.9472002983093262
loss 0.028 = 0.017 + 0.006 + 0.005 avg prob of [ Berlin] 0.983287513256073
Init norm 73.91768646240234 | Delta norm 55.43825912475586 | Target norm 93.03048706054688
Computing right vector (v)
Lookup index found: 6 | Sentence: The headquarters of Mercure de France is in | Token:  France
Rewrite layer is 8
Tying optimization objective to 27
Recording initial value of v*
loss 5.451 = 5.451 + 0.0 + 0.0 avg prob of [ London] 0.005025876685976982
loss 2.937 = 2.927 + 0.008 + 0.003 avg prob of [ London] 0.057307541370391846
loss 1.92 = 1.893 + 0.023 + 0.004 avg prob of [ London] 0.15806379914283752
loss 0.992 = 0.96 + 0.027 + 0.005 avg prob of [ London] 0.39629387855529785
loss 0.123 = 0.097 + 0.022 + 0.005 avg prob of [ London] 0.9088675379753113
loss 0.032 = 0.004 + 0.023 + 0.005 avg prob of [ London] 0.9961951971054077
Init norm 75.42438507080078 | Delta norm 56.56829071044922 | Target norm 94.31905364990234
Computing right vector (v)
Lookup index found: 4 | Sentence: In Central Visayas, they understand | Token: as
Rewrite layer is 8
Tying optimization objective to 27
Recording initial value of v*
loss 10.318 = 10.318 + 0.0 + 0.0 avg prob of [ Indonesian] 4.586327122524381e-05
loss 4.775 = 4.716 + 0.057 + 0.002 avg prob of [ Indonesian] 0.011148061603307724
loss 1.714 = 1.629 + 0.081 + 0.004 avg prob of [ Indonesian] 0.21081724762916565
loss 0.461 = 0.316 + 0.14 + 0.005 avg prob of [ Indonesian] 0.73248291015625
loss 0.171 = 0.068 + 0.099 + 0.005 avg prob of [ Indonesian] 0.9348459243774414
loss 0.099 = 0.019 + 0.075 + 0.005 avg prob of [ Indonesian] 0.9808074831962585
loss 0.088 = 0.007 + 0.076 + 0.005 avg prob of [ Indonesian] 0.9926599264144897
loss 0.085 = 0.003 + 0.077 + 0.005 avg prob of [ Indonesian] 0.9965357184410095
loss 0.083 = 0.002 + 0.077 + 0.005 avg prob of [ Indonesian] 0.9980219602584839
loss 0.082 = 0.001 + 0.076 + 0.005 avg prob of [ Indonesian] 0.998675525188446
loss 0.08 = 0.001 + 0.075 + 0.005 avg prob of [ Indonesian] 0.9990093111991882
loss 0.078 = 0.001 + 0.073 + 0.005 avg prob of [ Indonesian] 0.9991979598999023
loss 0.076 = 0.001 + 0.071 + 0.005 avg prob of [ Indonesian] 0.9993147850036621
loss 0.074 = 0.001 + 0.069 + 0.005 avg prob of [ Indonesian] 0.9993929862976074
loss 0.072 = 0.001 + 0.067 + 0.005 avg prob of [ Indonesian] 0.9994492530822754
loss 0.071 = 0.001 + 0.066 + 0.005 avg prob of [ Indonesian] 0.9994916915893555
loss 0.07 = 0.0 + 0.065 + 0.005 avg prob of [ Indonesian] 0.9995250701904297
loss 0.069 = 0.0 + 0.064 + 0.005 avg prob of [ Indonesian] 0.9995521903038025
loss 0.068 = 0.0 + 0.063 + 0.005 avg prob of [ Indonesian] 0.9995745420455933
loss 0.066 = 0.0 + 0.061 + 0.005 avg prob of [ Indonesian] 0.9995931386947632
loss 0.064 = 0.0 + 0.059 + 0.005 avg prob of [ Indonesian] 0.9996086955070496
loss 0.062 = 0.0 + 0.057 + 0.005 avg prob of [ Indonesian] 0.9996215105056763
loss 0.062 = 0.0 + 0.057 + 0.005 avg prob of [ Indonesian] 0.9996317625045776
loss 0.062 = 0.0 + 0.057 + 0.005 avg prob of [ Indonesian] 0.9996396899223328
loss 0.06 = 0.0 + 0.055 + 0.005 avg prob of [ Indonesian] 0.9996451139450073
Init norm 81.21819305419922 | Delta norm 60.91364288330078 | Target norm 99.91931915283203
Computing right vector (v)
Lookup index found: 1 | Sentence: Taipei is a twin city of | Token: pei
Rewrite layer is 8
Tying optimization objective to 27
Recording initial value of v*
loss 9.998 = 9.998 + 0.0 + 0.0 avg prob of [ Prague] 5.138396954862401e-05
loss 5.737 = 5.724 + 0.011 + 0.002 avg prob of [ Prague] 0.003973921295255423
loss 1.944 = 1.914 + 0.027 + 0.003 avg prob of [ Prague] 0.18835851550102234
loss 0.238 = 0.193 + 0.042 + 0.004 avg prob of [ Prague] 0.8371601104736328
loss 0.103 = 0.051 + 0.049 + 0.004 avg prob of [ Prague] 0.9521791934967041
loss 0.074 = 0.019 + 0.051 + 0.004 avg prob of [ Prague] 0.9816436767578125
loss 0.064 = 0.008 + 0.052 + 0.004 avg prob of [ Prague] 0.9915809631347656
loss 0.06 = 0.005 + 0.051 + 0.004 avg prob of [ Prague] 0.995451807975769
loss 0.057 = 0.003 + 0.05 + 0.004 avg prob of [ Prague] 0.9971892833709717
loss 0.054 = 0.002 + 0.048 + 0.004 avg prob of [ Prague] 0.9980723857879639
loss 0.052 = 0.001 + 0.046 + 0.004 avg prob of [ Prague] 0.9985707998275757
loss 0.049 = 0.001 + 0.044 + 0.004 avg prob of [ Prague] 0.9988772869110107
Init norm 96.04856872558594 | Delta norm 72.03642272949219 | Target norm 118.04252624511719
Computing right vector (v)
Lookup index found: 2 | Sentence: The Helix is located in | Token: ix
Rewrite layer is 8
Tying optimization objective to 27
Recording initial value of v*
loss 9.927 = 9.927 + 0.0 + 0.0 avg prob of [ Sheffield] 5.2436058467719704e-05
loss 7.964 = 7.936 + 0.025 + 0.003 avg prob of [ Sheffield] 0.0004237957182340324
loss 2.417 = 2.341 + 0.072 + 0.004 avg prob of [ Sheffield] 0.10229435563087463
loss 0.163 = 0.068 + 0.09 + 0.005 avg prob of [ Sheffield] 0.9346933364868164
loss 0.099 = 0.004 + 0.09 + 0.005 avg prob of [ Sheffield] 0.9961001873016357
loss 0.094 = 0.001 + 0.088 + 0.005 avg prob of [ Sheffield] 0.9992605447769165
loss 0.092 = 0.0 + 0.087 + 0.005 avg prob of [ Sheffield] 0.9996981620788574
loss 0.088 = 0.0 + 0.083 + 0.005 avg prob of [ Sheffield] 0.9998148679733276
loss 0.083 = 0.0 + 0.077 + 0.005 avg prob of [ Sheffield] 0.9998571276664734
loss 0.078 = 0.0 + 0.073 + 0.005 avg prob of [ Sheffield] 0.9998736381530762
loss 0.074 = 0.0 + 0.069 + 0.005 avg prob of [ Sheffield] 0.9998782873153687
loss 0.071 = 0.0 + 0.066 + 0.005 avg prob of [ Sheffield] 0.9998759031295776
loss 0.068 = 0.0 + 0.063 + 0.005 avg prob of [ Sheffield] 0.9998688697814941
loss 0.065 = 0.0 + 0.06 + 0.005 avg prob of [ Sheffield] 0.9998583793640137
loss 0.062 = 0.0 + 0.056 + 0.005 avg prob of [ Sheffield] 0.9998456835746765
loss 0.059 = 0.0 + 0.054 + 0.005 avg prob of [ Sheffield] 0.9998311996459961
loss 0.056 = 0.0 + 0.051 + 0.005 avg prob of [ Sheffield] 0.999815821647644
loss 0.053 = 0.0 + 0.048 + 0.005 avg prob of [ Sheffield] 0.9998000860214233
loss 0.051 = 0.0 + 0.046 + 0.005 avg prob of [ Sheffield] 0.9997848272323608
loss 0.049 = 0.0 + 0.043 + 0.005 avg prob of [ Sheffield] 0.9997706413269043
Init norm 74.90724182128906 | Delta norm 56.1804313659668 | Target norm 93.22533416748047
Computing right vector (v)
Lookup index found: 3 | Sentence: Biberach district is located in the country of | Token:  district
Rewrite layer is 8
Tying optimization objective to 27
Recording initial value of v*
loss 12.356 = 12.356 + 0.0 + 0.0 avg prob of [ Libya] 1.1268085472693201e-05
loss 9.737 = 9.646 + 0.088 + 0.003 avg prob of [ Libya] 8.821510709822178e-05
loss 6.847 = 6.756 + 0.087 + 0.004 avg prob of [ Libya] 0.0013524250825867057
loss 4.522 = 4.442 + 0.076 + 0.005 avg prob of [ Libya] 0.013202682137489319
loss 2.185 = 2.094 + 0.087 + 0.005 avg prob of [ Libya] 0.1348467916250229
loss 0.51 = 0.454 + 0.052 + 0.005 avg prob of [ Libya] 0.638637900352478
loss 0.037 = 0.014 + 0.018 + 0.005 avg prob of [ Libya] 0.9864837527275085
Init norm 79.50315856933594 | Delta norm 59.62736892700195 | Target norm 96.81942749023438
Computing right vector (v)
Lookup index found: 5 | Sentence: Nate Schierholtz professionally plays the sport | Token: tz
Rewrite layer is 8
Tying optimization objective to 27
Recording initial value of v*
loss 7.994 = 7.994 + 0.0 + 0.0 avg prob of [ hockey] 0.0004533447790890932
loss 5.927 = 5.918 + 0.006 + 0.003 avg prob of [ hockey] 0.003084257710725069
loss 3.384 = 3.366 + 0.014 + 0.004 avg prob of [ hockey] 0.042144667357206345
loss 1.685 = 1.657 + 0.023 + 0.005 avg prob of [ hockey] 0.20511047542095184
loss 0.651 = 0.613 + 0.033 + 0.005 avg prob of [ hockey] 0.5506294965744019
loss 0.231 = 0.187 + 0.039 + 0.005 avg prob of [ hockey] 0.8317086100578308
loss 0.108 = 0.068 + 0.035 + 0.005 avg prob of [ hockey] 0.9348667860031128
loss 0.061 = 0.032 + 0.025 + 0.005 avg prob of [ hockey] 0.9690672755241394
loss 0.041 = 0.018 + 0.017 + 0.005 avg prob of [ hockey] 0.9818320274353027
Init norm 74.67381286621094 | Delta norm 56.00535202026367 | Target norm 91.19470977783203
Computing right vector (v)
Lookup index found: 7 | Sentence: Medical College and Hospital, Kolkata, in | Token: ata
Rewrite layer is 8
Tying optimization objective to 27
Recording initial value of v*
loss 10.473 = 10.473 + 0.0 + 0.0 avg prob of [ Ireland] 5.2362614951562136e-05
loss 2.857 = 2.847 + 0.008 + 0.002 avg prob of [ Ireland] 0.07294486463069916
loss 0.812 = 0.786 + 0.022 + 0.004 avg prob of [ Ireland] 0.47911152243614197
loss 0.293 = 0.248 + 0.04 + 0.005 avg prob of [ Ireland] 0.7835849523544312
loss 0.161 = 0.112 + 0.044 + 0.005 avg prob of [ Ireland] 0.8944411277770996
loss 0.096 = 0.06 + 0.031 + 0.005 avg prob of [ Ireland] 0.9417623281478882
loss 0.053 = 0.036 + 0.013 + 0.005 avg prob of [ Ireland] 0.9647695422172546
loss 0.035 = 0.023 + 0.008 + 0.005 avg prob of [ Ireland] 0.9774972200393677
Init norm 82.98538970947266 | Delta norm 62.23904800415039 | Target norm 101.45452117919922
Computing right vector (v)
Lookup index found: 3 | Sentence: Andrea Bianchi speaks the language | Token: chi
Rewrite layer is 8
Tying optimization objective to 27
Recording initial value of v*
loss 10.775 = 10.775 + 0.0 + 0.0 avg prob of [ Russian] 3.955976717406884e-05
loss 9.293 = 9.285 + 0.006 + 0.003 avg prob of [ Russian] 0.0001236571406479925
loss 5.935 = 5.925 + 0.005 + 0.005 avg prob of [ Russian] 0.003874989924952388
loss 2.052 = 1.98 + 0.067 + 0.005 avg prob of [ Russian] 0.21432721614837646
loss 0.552 = 0.141 + 0.405 + 0.005 avg prob of [ Russian] 0.872580885887146
loss 0.161 = 0.075 + 0.082 + 0.005 avg prob of [ Russian] 0.931079626083374
loss 0.098 = 0.022 + 0.07 + 0.005 avg prob of [ Russian] 0.9787103533744812
loss 0.073 = 0.006 + 0.062 + 0.005 avg prob of [ Russian] 0.9944623708724976
loss 0.051 = 0.002 + 0.043 + 0.005 avg prob of [ Russian] 0.9975429773330688
loss 0.025 = 0.002 + 0.018 + 0.005 avg prob of [ Russian] 0.9976986646652222
Init norm 71.83381652832031 | Delta norm 53.875362396240234 | Target norm 87.1671142578125
Computing right vector (v)
Lookup index found: 2 | Sentence: Geo Metro, produced by | Token:  Metro
Rewrite layer is 8
Tying optimization objective to 27
Recording initial value of v*
loss 3.918 = 3.918 + 0.0 + 0.0 avg prob of [ Honda] 0.025705119594931602
loss 0.382 = 0.353 + 0.027 + 0.003 avg prob of [ Honda] 0.7212605476379395
loss 0.067 = 0.034 + 0.029 + 0.004 avg prob of [ Honda] 0.9675940275192261
loss 0.039 = 0.011 + 0.024 + 0.005 avg prob of [ Honda] 0.989593505859375
Init norm 77.28644561767578 | Delta norm 57.9648323059082 | Target norm 95.7259750366211
Computing right vector (v)
Lookup index found: 1 | Sentence: Karonga is located in | Token: onga
Rewrite layer is 8
Tying optimization objective to 27
Recording initial value of v*
loss 14.354 = 14.354 + 0.0 + 0.0 avg prob of [ Antarctica] 1.1862628070957726e-06
loss 4.821 = 4.793 + 0.025 + 0.003 avg prob of [ Antarctica] 0.019089307636022568
loss 2.023 = 1.975 + 0.045 + 0.004 avg prob of [ Antarctica] 0.15491604804992676
loss 0.925 = 0.871 + 0.049 + 0.005 avg prob of [ Antarctica] 0.42656588554382324
loss 0.412 = 0.357 + 0.05 + 0.005 avg prob of [ Antarctica] 0.7035089731216431
loss 0.197 = 0.142 + 0.05 + 0.005 avg prob of [ Antarctica] 0.8686275482177734
loss 0.12 = 0.066 + 0.049 + 0.005 avg prob of [ Antarctica] 0.936562716960907
loss 0.089 = 0.036 + 0.047 + 0.005 avg prob of [ Antarctica] 0.9643484354019165
loss 0.073 = 0.023 + 0.046 + 0.005 avg prob of [ Antarctica] 0.9772924184799194
loss 0.064 = 0.016 + 0.044 + 0.005 avg prob of [ Antarctica] 0.9841585159301758
loss 0.059 = 0.012 + 0.042 + 0.005 avg prob of [ Antarctica] 0.9881935119628906
loss 0.054 = 0.009 + 0.04 + 0.005 avg prob of [ Antarctica] 0.9907593727111816
loss 0.051 = 0.008 + 0.039 + 0.005 avg prob of [ Antarctica] 0.9924938082695007
loss 0.049 = 0.006 + 0.038 + 0.005 avg prob of [ Antarctica] 0.993724524974823
Init norm 79.90508270263672 | Delta norm 59.928810119628906 | Target norm 99.46940612792969
Computing right vector (v)
Lookup index found: 2 | Sentence: Jules Roy, speaker of | Token:  Roy
Rewrite layer is 8
Tying optimization objective to 27
Recording initial value of v*
loss 11.312 = 11.312 + 0.0 + 0.0 avg prob of [ Romanian] 1.3111234693496954e-05
loss 7.062 = 7.05 + 0.009 + 0.003 avg prob of [ Romanian] 0.0013741946313530207
loss 2.822 = 2.803 + 0.013 + 0.005 avg prob of [ Romanian] 0.07608748972415924
loss 0.333 = 0.312 + 0.016 + 0.005 avg prob of [ Romanian] 0.7373126745223999
loss 0.103 = 0.082 + 0.016 + 0.005 avg prob of [ Romanian] 0.9222723841667175
loss 0.055 = 0.034 + 0.015 + 0.005 avg prob of [ Romanian] 0.966393232345581
loss 0.037 = 0.017 + 0.014 + 0.005 avg prob of [ Romanian] 0.9828590154647827
Init norm 71.06222534179688 | Delta norm 53.29666519165039 | Target norm 87.86565399169922
Computing right vector (v)
Lookup index found: 4 | Sentence: Honda ST1300, produced by | Token: 00
Rewrite layer is 8
Tying optimization objective to 27
Recording initial value of v*
loss 10.078 = 10.078 + 0.0 + 0.0 avg prob of [ Renault] 4.556915882858448e-05
loss 7.477 = 7.434 + 0.04 + 0.003 avg prob of [ Renault] 0.0008149509085342288
loss 5.804 = 5.739 + 0.061 + 0.005 avg prob of [ Renault] 0.004729757085442543
loss 1.586 = 1.517 + 0.063 + 0.005 avg prob of [ Renault] 0.25751322507858276
loss 0.285 = 0.209 + 0.071 + 0.005 avg prob of [ Renault] 0.8170753717422485
loss 0.095 = 0.029 + 0.06 + 0.005 avg prob of [ Renault] 0.9713457822799683
loss 0.056 = 0.006 + 0.044 + 0.005 avg prob of [ Renault] 0.9935738444328308
loss 0.047 = 0.002 + 0.039 + 0.005 avg prob of [ Renault] 0.9979519844055176
Init norm 70.65382385253906 | Delta norm 52.9903678894043 | Target norm 87.48918914794922
Computing right vector (v)
Lookup index found: 2 | Sentence: Michael Parsberg is known for performing | Token: berg
Rewrite layer is 8
Tying optimization objective to 27
Recording initial value of v*
loss 10.099 = 10.099 + 0.0 + 0.0 avg prob of [ jazz] 7.278447446879e-05
loss 6.771 = 6.756 + 0.011 + 0.004 avg prob of [ jazz] 0.001365921925753355
loss 4.038 = 4.017 + 0.016 + 0.006 avg prob of [ jazz] 0.01921948790550232
loss 2.207 = 2.187 + 0.014 + 0.006 avg prob of [ jazz] 0.1158226877450943
loss 0.854 = 0.828 + 0.02 + 0.006 avg prob of [ jazz] 0.4427888095378876
loss 0.29 = 0.259 + 0.025 + 0.006 avg prob of [ jazz] 0.7733495235443115
loss 0.13 = 0.094 + 0.03 + 0.006 avg prob of [ jazz] 0.91038978099823
loss 0.085 = 0.047 + 0.032 + 0.006 avg prob of [ jazz] 0.9536761045455933
loss 0.066 = 0.031 + 0.03 + 0.006 avg prob of [ jazz] 0.9699364900588989
loss 0.055 = 0.022 + 0.027 + 0.006 avg prob of [ jazz] 0.9778745174407959
loss 0.047 = 0.018 + 0.023 + 0.006 avg prob of [ jazz] 0.9826391935348511
Init norm 65.04635620117188 | Delta norm 48.784767150878906 | Target norm 80.90045166015625
Computing right vector (v)
Lookup index found: 6 | Sentence: Karl Josef von Hefele's position is | Token: le
Rewrite layer is 8
Tying optimization objective to 27
Recording initial value of v*
loss 14.361 = 14.361 + 0.0 + 0.0 avg prob of [ patriarch] 7.835160431568511e-07
loss 11.677 = 11.63 + 0.043 + 0.003 avg prob of [ patriarch] 2.000514359679073e-05
loss 5.717 = 5.582 + 0.131 + 0.005 avg prob of [ patriarch] 0.00510595366358757
loss 1.63 = 1.501 + 0.123 + 0.005 avg prob of [ patriarch] 0.24049994349479675
loss 0.238 = 0.089 + 0.144 + 0.005 avg prob of [ patriarch] 0.9155688285827637
loss 0.113 = 0.026 + 0.081 + 0.005 avg prob of [ patriarch] 0.9743923544883728
loss 0.022 = 0.012 + 0.005 + 0.005 avg prob of [ patriarch] 0.9877370595932007
Init norm 70.10641479492188 | Delta norm 52.579811096191406 | Target norm 86.5963134765625
Computing right vector (v)
Lookup index found: 4 | Sentence: Nathaniel Wallich lost their life at | Token: ich
Rewrite layer is 8
Tying optimization objective to 27
Recording initial value of v*
loss 9.294 = 9.294 + 0.0 + 0.0 avg prob of [ Manila] 0.00013403891352936625
loss 6.039 = 6.007 + 0.029 + 0.003 avg prob of [ Manila] 0.0027236598543822765
loss 2.734 = 2.691 + 0.038 + 0.005 avg prob of [ Manila] 0.07550852745771408
loss 0.62 = 0.585 + 0.029 + 0.005 avg prob of [ Manila] 0.5753166675567627
loss 0.146 = 0.115 + 0.025 + 0.005 avg prob of [ Manila] 0.8936012983322144
loss 0.054 = 0.024 + 0.024 + 0.005 avg prob of [ Manila] 0.976070761680603
loss 0.037 = 0.007 + 0.025 + 0.005 avg prob of [ Manila] 0.9931634664535522
Init norm 69.27809143066406 | Delta norm 51.95856475830078 | Target norm 85.1464614868164
Computing right vector (v)
Lookup index found: 9 | Sentence: The original language of Die Tageszeitung is | Token: ung
Rewrite layer is 8
Tying optimization objective to 27
Recording initial value of v*
loss 5.086 = 5.086 + 0.0 + 0.0 avg prob of [ English] 0.011129600927233696
loss 1.752 = 1.738 + 0.013 + 0.002 avg prob of [ English] 0.27925628423690796
loss 0.273 = 0.205 + 0.064 + 0.004 avg prob of [ English] 0.8204030990600586
loss 0.083 = 0.022 + 0.057 + 0.004 avg prob of [ English] 0.978485107421875
loss 0.046 = 0.005 + 0.037 + 0.004 avg prob of [ English] 0.9953793287277222
Init norm 85.64783477783203 | Delta norm 64.23587799072266 | Target norm 105.26713562011719
Computing right vector (v)
Lookup index found: 2 | Sentence: Daniel Kandi performs | Token: andi
Rewrite layer is 8
Tying optimization objective to 27
Recording initial value of v*
loss 8.375 = 8.375 + 0.0 + 0.0 avg prob of [ jazz] 0.0002833153703249991
loss 6.239 = 6.207 + 0.028 + 0.003 avg prob of [ jazz] 0.0023406636901199818
loss 2.031 = 1.992 + 0.034 + 0.005 avg prob of [ jazz] 0.13853487372398376
loss 0.499 = 0.434 + 0.061 + 0.005 avg prob of [ jazz] 0.6502534747123718
loss 0.162 = 0.07 + 0.086 + 0.005 avg prob of [ jazz] 0.932388961315155
loss 0.076 = 0.027 + 0.045 + 0.005 avg prob of [ jazz] 0.9738792181015015
loss 0.055 = 0.016 + 0.033 + 0.005 avg prob of [ jazz] 0.9840725660324097
loss 0.048 = 0.011 + 0.031 + 0.005 avg prob of [ jazz] 0.9886462688446045
Init norm 70.61482238769531 | Delta norm 52.961116790771484 | Target norm 87.58190155029297
Computing right vector (v)
Lookup index found: 3 | Sentence: Sonic Drift 2 was developed by | Token:  2
Rewrite layer is 8
Tying optimization objective to 27
Recording initial value of v*
loss 6.82 = 6.82 + 0.0 + 0.0 avg prob of [ Microsoft] 0.0016025153454393148
loss 5.376 = 5.364 + 0.009 + 0.003 avg prob of [ Microsoft] 0.005814418196678162
loss 0.869 = 0.824 + 0.041 + 0.004 avg prob of [ Microsoft] 0.4638436436653137
loss 0.246 = 0.191 + 0.05 + 0.005 avg prob of [ Microsoft] 0.8278519511222839
loss 0.092 = 0.047 + 0.039 + 0.005 avg prob of [ Microsoft] 0.9540435075759888
loss 0.053 = 0.018 + 0.029 + 0.005 avg prob of [ Microsoft] 0.9818886518478394
loss 0.04 = 0.01 + 0.025 + 0.005 avg prob of [ Microsoft] 0.9903313517570496
Init norm 74.21250915527344 | Delta norm 55.65937805175781 | Target norm 92.18376922607422
Computing right vector (v)
Lookup index found: 7 | Sentence: Suzuki GSX-R series is developed by | Token:  series
Rewrite layer is 8
Tying optimization objective to 27
Recording initial value of v*
loss 10.235 = 10.235 + 0.0 + 0.0 avg prob of [ Intel] 3.8609076000284404e-05
loss 8.77 = 8.752 + 0.016 + 0.003 avg prob of [ Intel] 0.0001731336087686941
loss 3.932 = 3.911 + 0.017 + 0.004 avg prob of [ Intel] 0.02448890171945095
loss 1.053 = 0.967 + 0.082 + 0.005 avg prob of [ Intel] 0.3849070966243744
loss 0.121 = 0.1 + 0.016 + 0.005 avg prob of [ Intel] 0.9055246114730835
loss 0.038 = 0.03 + 0.003 + 0.005 avg prob of [ Intel] 0.970115065574646
Init norm 78.1381607055664 | Delta norm 58.60361862182617 | Target norm 96.26781463623047
Computing right vector (v)
Lookup index found: 2 | Sentence: Ferrobaires, in | Token: aires
Rewrite layer is 8
Tying optimization objective to 27
Recording initial value of v*
loss 8.342 = 8.342 + 0.0 + 0.0 avg prob of [ Italy] 0.0006441931473091245
loss 4.56 = 4.527 + 0.03 + 0.003 avg prob of [ Italy] 0.014300541952252388
loss 2.003 = 1.953 + 0.046 + 0.004 avg prob of [ Italy] 0.16885370016098022
loss 0.455 = 0.403 + 0.047 + 0.005 avg prob of [ Italy] 0.6806828379631042
loss 0.222 = 0.169 + 0.048 + 0.005 avg prob of [ Italy] 0.8473496437072754
loss 0.144 = 0.096 + 0.044 + 0.005 avg prob of [ Italy] 0.9097520112991333
loss 0.106 = 0.062 + 0.039 + 0.005 avg prob of [ Italy] 0.9402777552604675
loss 0.084 = 0.043 + 0.035 + 0.005 avg prob of [ Italy] 0.9576844573020935
loss 0.069 = 0.032 + 0.032 + 0.005 avg prob of [ Italy] 0.9686570167541504
loss 0.059 = 0.024 + 0.03 + 0.005 avg prob of [ Italy] 0.9760679006576538
loss 0.053 = 0.019 + 0.029 + 0.005 avg prob of [ Italy] 0.9813165664672852
loss 0.048 = 0.015 + 0.028 + 0.005 avg prob of [ Italy] 0.985163688659668
Init norm 75.03007507324219 | Delta norm 56.272552490234375 | Target norm 93.33336639404297
Computing right vector (v)
Lookup index found: 2 | Sentence: Shimla is in | Token: la
Rewrite layer is 8
Tying optimization objective to 27
Recording initial value of v*
loss 12.973 = 12.973 + 0.0 + 0.0 avg prob of [ Antarctica] 4.730474756797776e-06
loss 8.174 = 8.094 + 0.078 + 0.003 avg prob of [ Antarctica] 0.0006398428231477737
loss 5.33 = 5.257 + 0.069 + 0.004 avg prob of [ Antarctica] 0.007592684589326382
loss 3.561 = 3.497 + 0.059 + 0.005 avg prob of [ Antarctica] 0.03693174943327904
loss 1.893 = 1.836 + 0.053 + 0.005 avg prob of [ Antarctica] 0.18736380338668823
loss 0.708 = 0.648 + 0.054 + 0.005 avg prob of [ Antarctica] 0.5439597368240356
loss 0.268 = 0.203 + 0.06 + 0.005 avg prob of [ Antarctica] 0.8200778961181641
loss 0.14 = 0.077 + 0.058 + 0.005 avg prob of [ Antarctica] 0.9265896081924438
loss 0.09 = 0.034 + 0.051 + 0.005 avg prob of [ Antarctica] 0.9662792086601257
loss 0.069 = 0.018 + 0.046 + 0.005 avg prob of [ Antarctica] 0.9823751449584961
loss 0.058 = 0.011 + 0.042 + 0.005 avg prob of [ Antarctica] 0.9894580841064453
loss 0.05 = 0.007 + 0.038 + 0.005 avg prob of [ Antarctica] 0.9928908348083496
loss 0.044 = 0.005 + 0.034 + 0.005 avg prob of [ Antarctica] 0.9947213530540466
Init norm 76.82636260986328 | Delta norm 57.61977005004883 | Target norm 95.22636413574219
Computing right vector (v)
Lookup index found: 5 | Sentence: Georges d'Amboise, who has the position of | Token: oise
Rewrite layer is 8
Tying optimization objective to 27
Recording initial value of v*
loss 13.084 = 13.084 + 0.0 + 0.0 avg prob of [ Shah] 2.5239762635465013e-06
loss 7.459 = 7.443 + 0.012 + 0.003 avg prob of [ Shah] 0.0008479335228912532
loss 3.299 = 3.253 + 0.041 + 0.004 avg prob of [ Shah] 0.056774161756038666
loss 0.528 = 0.459 + 0.064 + 0.005 avg prob of [ Shah] 0.668460488319397
loss 0.177 = 0.11 + 0.062 + 0.005 avg prob of [ Shah] 0.9010900855064392
loss 0.088 = 0.04 + 0.042 + 0.005 avg prob of [ Shah] 0.9613115191459656
loss 0.05 = 0.021 + 0.023 + 0.005 avg prob of [ Shah] 0.9791991114616394
Init norm 73.51295471191406 | Delta norm 55.13471603393555 | Target norm 92.46082305908203
Computing right vector (v)
Lookup index found: 3 | Sentence: Louis Bonaparte spoke the language | Token: arte
Rewrite layer is 8
Tying optimization objective to 27
Recording initial value of v*
loss 11.124 = 11.124 + 0.0 + 0.0 avg prob of [ Dutch] 1.7678603398962878e-05
loss 7.876 = 7.86 + 0.013 + 0.003 avg prob of [ Dutch] 0.0005500719998963177
loss 2.67 = 2.611 + 0.055 + 0.004 avg prob of [ Dutch] 0.09170347452163696
loss 0.428 = 0.348 + 0.076 + 0.005 avg prob of [ Dutch] 0.7107982039451599
loss 0.159 = 0.095 + 0.059 + 0.005 avg prob of [ Dutch] 0.9106520414352417
loss 0.098 = 0.047 + 0.046 + 0.005 avg prob of [ Dutch] 0.9540221095085144
loss 0.053 = 0.022 + 0.027 + 0.005 avg prob of [ Dutch] 0.9786534309387207
loss 0.043 = 0.009 + 0.028 + 0.005 avg prob of [ Dutch] 0.9906092882156372
Init norm 76.61898040771484 | Delta norm 57.4642333984375 | Target norm 93.37482452392578
Computing right vector (v)
Lookup index found: 4 | Sentence: Kingdom of Burgundy is located in the continent | Token: undy
Rewrite layer is 8
Tying optimization objective to 27
Recording initial value of v*
loss 11.195 = 11.195 + 0.0 + 0.0 avg prob of [ Antarctica] 2.6940935640595853e-05
loss 7.954 = 7.943 + 0.009 + 0.002 avg prob of [ Antarctica] 0.00042273319559171796
loss 6.464 = 6.441 + 0.02 + 0.003 avg prob of [ Antarctica] 0.001754487631842494
loss 4.388 = 4.357 + 0.027 + 0.004 avg prob of [ Antarctica] 0.013747896999120712
loss 2.685 = 2.66 + 0.021 + 0.004 avg prob of [ Antarctica] 0.0724770724773407
loss 1.055 = 1.032 + 0.018 + 0.004 avg prob of [ Antarctica] 0.36350756883621216
loss 0.229 = 0.208 + 0.017 + 0.004 avg prob of [ Antarctica] 0.8150397539138794
loss 0.071 = 0.053 + 0.014 + 0.004 avg prob of [ Antarctica] 0.9489087462425232
loss 0.039 = 0.025 + 0.01 + 0.004 avg prob of [ Antarctica] 0.9753357768058777
Init norm 86.50939178466797 | Delta norm 64.88204193115234 | Target norm 104.60060119628906
Computing right vector (v)
Lookup index found: 2 | Sentence: Azure Ray that was founded in | Token:  Ray
Rewrite layer is 8
Tying optimization objective to 27
Recording initial value of v*
loss 7.961 = 7.961 + 0.0 + 0.0 avg prob of [ Philadelphia] 0.00036839861422777176
loss 5.603 = 5.568 + 0.031 + 0.003 avg prob of [ Philadelphia] 0.004260285757482052
loss 2.038 = 1.969 + 0.063 + 0.005 avg prob of [ Philadelphia] 0.14393281936645508
loss 0.095 = 0.023 + 0.067 + 0.005 avg prob of [ Philadelphia] 0.9774618148803711
loss 0.082 = 0.01 + 0.066 + 0.005 avg prob of [ Philadelphia] 0.9898337125778198
loss 0.074 = 0.01 + 0.058 + 0.005 avg prob of [ Philadelphia] 0.9900016784667969
loss 0.067 = 0.01 + 0.051 + 0.005 avg prob of [ Philadelphia] 0.9901331663131714
loss 0.062 = 0.009 + 0.047 + 0.005 avg prob of [ Philadelphia] 0.9912766218185425
loss 0.057 = 0.007 + 0.045 + 0.005 avg prob of [ Philadelphia] 0.9930500984191895
loss 0.054 = 0.005 + 0.043 + 0.005 avg prob of [ Philadelphia] 0.9947625398635864
loss 0.051 = 0.004 + 0.042 + 0.005 avg prob of [ Philadelphia] 0.9960626363754272
loss 0.049 = 0.003 + 0.041 + 0.005 avg prob of [ Philadelphia] 0.9969450831413269
Init norm 69.1384048461914 | Delta norm 51.85380554199219 | Target norm 85.9908676147461
Computing right vector (v)
Lookup index found: 2 | Sentence: Matt Herges plays as | Token: ges
Rewrite layer is 8
Tying optimization objective to 27
Recording initial value of v*
loss 8.348 = 8.348 + 0.0 + 0.0 avg prob of [ midfielder] 0.0007273868541233242
loss 6.232 = 6.21 + 0.019 + 0.003 avg prob of [ midfielder] 0.002210858277976513
loss 4.166 = 4.134 + 0.027 + 0.005 avg prob of [ midfielder] 0.024523582309484482
loss 2.788 = 2.753 + 0.03 + 0.005 avg prob of [ midfielder] 0.08793170750141144
loss 1.211 = 1.164 + 0.042 + 0.005 avg prob of [ midfielder] 0.3528786897659302
loss 0.351 = 0.294 + 0.052 + 0.005 avg prob of [ midfielder] 0.7619483470916748
loss 0.108 = 0.043 + 0.06 + 0.005 avg prob of [ midfielder] 0.959364116191864
loss 0.078 = 0.007 + 0.066 + 0.005 avg prob of [ midfielder] 0.9934475421905518
loss 0.076 = 0.002 + 0.069 + 0.005 avg prob of [ midfielder] 0.9981195330619812
loss 0.073 = 0.001 + 0.066 + 0.005 avg prob of [ midfielder] 0.9989814162254333
loss 0.068 = 0.001 + 0.062 + 0.005 avg prob of [ midfielder] 0.9992200136184692
loss 0.063 = 0.001 + 0.057 + 0.005 avg prob of [ midfielder] 0.9993191957473755
loss 0.058 = 0.001 + 0.052 + 0.005 avg prob of [ midfielder] 0.9993590116500854
loss 0.053 = 0.001 + 0.048 + 0.005 avg prob of [ midfielder] 0.9993599653244019
loss 0.049 = 0.001 + 0.044 + 0.005 avg prob of [ midfielder] 0.9993345141410828
Init norm 73.25393676757812 | Delta norm 54.940452575683594 | Target norm 90.73060607910156
Computing right vector (v)
Lookup index found: 2 | Sentence: Han Bennink is known for performing | Token: ink
Rewrite layer is 8
Tying optimization objective to 27
Recording initial value of v*
loss 11.946 = 11.946 + 0.0 + 0.0 avg prob of [ fantasy] 7.250736416608561e-06
loss 9.238 = 9.224 + 0.011 + 0.003 avg prob of [ fantasy] 0.00010518680210225284
loss 6.626 = 6.609 + 0.012 + 0.005 avg prob of [ fantasy] 0.0015571098774671555
loss 3.32 = 3.3 + 0.014 + 0.005 avg prob of [ fantasy] 0.052535586059093475
loss 1.387 = 1.362 + 0.02 + 0.005 avg prob of [ fantasy] 0.2853323221206665
loss 0.448 = 0.42 + 0.024 + 0.005 avg prob of [ fantasy] 0.6658281087875366
loss 0.118 = 0.091 + 0.022 + 0.005 avg prob of [ fantasy] 0.9135336875915527
loss 0.039 = 0.019 + 0.015 + 0.005 avg prob of [ fantasy] 0.9814807772636414
Init norm 74.17707061767578 | Delta norm 55.632808685302734 | Target norm 91.07453155517578
Computing right vector (v)
Lookup index found: 3 | Sentence: Frederik Andersen, the | Token:  Andersen
Rewrite layer is 8
Tying optimization objective to 27
Recording initial value of v*
loss 12.183 = 12.183 + 0.0 + 0.0 avg prob of [ midfielder] 8.262734809250105e-06
loss 8.597 = 8.566 + 0.029 + 0.002 avg prob of [ midfielder] 0.000814578146673739
loss 5.992 = 5.974 + 0.015 + 0.003 avg prob of [ midfielder] 0.007022877689450979
loss 3.585 = 3.563 + 0.017 + 0.004 avg prob of [ midfielder] 0.032835181802511215
loss 2.309 = 2.286 + 0.018 + 0.004 avg prob of [ midfielder] 0.10953965783119202
loss 1.251 = 1.227 + 0.019 + 0.004 avg prob of [ midfielder] 0.3031678795814514
loss 0.464 = 0.439 + 0.021 + 0.004 avg prob of [ midfielder] 0.6482851505279541
loss 0.151 = 0.124 + 0.022 + 0.004 avg prob of [ midfielder] 0.8834547996520996
loss 0.07 = 0.043 + 0.023 + 0.004 avg prob of [ midfielder] 0.9582486152648926
loss 0.047 = 0.02 + 0.023 + 0.004 avg prob of [ midfielder] 0.9803284406661987
Init norm 85.92678833007812 | Delta norm 64.44509887695312 | Target norm 104.93255615234375
Computing right vector (v)
Lookup index found: 1 | Sentence: CICS, a product created by | Token: ICS
Rewrite layer is 8
Tying optimization objective to 27
Recording initial value of v*
loss 5.774 = 5.774 + 0.0 + 0.0 avg prob of [ Microsoft] 0.005018469411879778
loss 4.1 = 4.077 + 0.021 + 0.002 avg prob of [ Microsoft] 0.024532422423362732
loss 2.12 = 2.082 + 0.035 + 0.003 avg prob of [ Microsoft] 0.1587734818458557
loss 1.05 = 0.998 + 0.048 + 0.004 avg prob of [ Microsoft] 0.4024391770362854
loss 0.532 = 0.482 + 0.046 + 0.004 avg prob of [ Microsoft] 0.6329600811004639
loss 0.277 = 0.229 + 0.043 + 0.004 avg prob of [ Microsoft] 0.8003681898117065
loss 0.162 = 0.115 + 0.042 + 0.004 avg prob of [ Microsoft] 0.8925889730453491
loss 0.111 = 0.064 + 0.042 + 0.004 avg prob of [ Microsoft] 0.9381798505783081
loss 0.086 = 0.04 + 0.042 + 0.004 avg prob of [ Microsoft] 0.9606466293334961
loss 0.073 = 0.028 + 0.04 + 0.004 avg prob of [ Microsoft] 0.9726604223251343
loss 0.063 = 0.021 + 0.038 + 0.004 avg prob of [ Microsoft] 0.9797140955924988
loss 0.055 = 0.016 + 0.035 + 0.004 avg prob of [ Microsoft] 0.9841832518577576
loss 0.049 = 0.013 + 0.032 + 0.004 avg prob of [ Microsoft] 0.9871918559074402
Init norm 86.40300750732422 | Delta norm 64.80225372314453 | Target norm 108.22938537597656
Computing right vector (v)
Lookup index found: 3 | Sentence: Cape Royds is in | Token: ds
Rewrite layer is 8
Tying optimization objective to 27
Recording initial value of v*
loss 8.745 = 8.745 + 0.0 + 0.0 avg prob of [ Africa] 0.00020551049965433776
loss 3.892 = 3.862 + 0.027 + 0.003 avg prob of [ Africa] 0.023747656494379044
loss 2.208 = 2.167 + 0.035 + 0.006 avg prob of [ Africa] 0.1326441764831543
loss 0.92 = 0.874 + 0.04 + 0.006 avg prob of [ Africa] 0.44387656450271606
loss 0.306 = 0.258 + 0.042 + 0.006 avg prob of [ Africa] 0.7786517143249512
loss 0.14 = 0.094 + 0.041 + 0.006 avg prob of [ Africa] 0.9110366702079773
loss 0.09 = 0.048 + 0.036 + 0.006 avg prob of [ Africa] 0.9530376195907593
loss 0.067 = 0.031 + 0.031 + 0.006 avg prob of [ Africa] 0.9698261022567749
loss 0.052 = 0.022 + 0.025 + 0.006 avg prob of [ Africa] 0.9787360429763794
loss 0.043 = 0.016 + 0.022 + 0.006 avg prob of [ Africa] 0.9844030141830444
Init norm 68.05831909179688 | Delta norm 51.043739318847656 | Target norm 82.75425720214844
Computing right vector (v)
Lookup index found: 6 | Sentence: The language of El Correo is | Token: o
Rewrite layer is 8
Tying optimization objective to 27
Recording initial value of v*
loss 5.145 = 5.145 + 0.0 + 0.0 avg prob of [ English] 0.006314076017588377
loss 0.953 = 0.882 + 0.068 + 0.003 avg prob of [ English] 0.4380316734313965
loss 0.155 = 0.032 + 0.118 + 0.005 avg prob of [ English] 0.9682145118713379
loss 0.106 = 0.011 + 0.09 + 0.005 avg prob of [ English] 0.9890282154083252
loss 0.07 = 0.005 + 0.06 + 0.005 avg prob of [ English] 0.995354175567627
loss 0.105 = 0.003 + 0.097 + 0.005 avg prob of [ English] 0.9973689913749695
loss 0.072 = 0.002 + 0.065 + 0.005 avg prob of [ English] 0.9981640577316284
loss 0.07 = 0.001 + 0.064 + 0.005 avg prob of [ English] 0.9985356330871582
loss 0.067 = 0.001 + 0.06 + 0.005 avg prob of [ English] 0.9986407160758972
loss 0.044 = 0.001 + 0.038 + 0.005 avg prob of [ English] 0.9986724257469177
Init norm 75.00437927246094 | Delta norm 56.2532844543457 | Target norm 93.04653930664062
Computing right vector (v)
Lookup index found: 2 | Sentence: GRUMA originated in | Token: MA
Rewrite layer is 8
Tying optimization objective to 27
Recording initial value of v*
loss 7.075 = 7.075 + 0.0 + 0.0 avg prob of [ Austria] 0.0010588327422738075
loss 3.553 = 3.501 + 0.049 + 0.003 avg prob of [ Austria] 0.03193184733390808
loss 0.809 = 0.736 + 0.068 + 0.005 avg prob of [ Austria] 0.4811548888683319
loss 0.162 = 0.103 + 0.054 + 0.005 avg prob of [ Austria] 0.9030129909515381
loss 0.08 = 0.032 + 0.043 + 0.005 avg prob of [ Austria] 0.9690257906913757
loss 0.055 = 0.015 + 0.035 + 0.005 avg prob of [ Austria] 0.9855725169181824
loss 0.044 = 0.009 + 0.03 + 0.005 avg prob of [ Austria] 0.9909903407096863
Init norm 71.3902816772461 | Delta norm 53.54270935058594 | Target norm 87.89099884033203
Computing right vector (v)
Lookup index found: 3 | Sentence: Louisiana Voodoo was started in | Token: oodoo
Rewrite layer is 8
Tying optimization objective to 27
Recording initial value of v*
loss 8.652 = 8.652 + 0.0 + 0.0 avg prob of [ England] 0.00023187018814496696
loss 5.521 = 5.503 + 0.015 + 0.002 avg prob of [ England] 0.005068975500762463
loss 2.037 = 2.013 + 0.021 + 0.004 avg prob of [ England] 0.135310098528862
loss 1.121 = 1.089 + 0.027 + 0.005 avg prob of [ England] 0.3381286561489105
loss 0.616 = 0.585 + 0.027 + 0.005 avg prob of [ England] 0.5586240291595459
loss 0.358 = 0.328 + 0.026 + 0.005 avg prob of [ England] 0.7215136289596558
loss 0.232 = 0.202 + 0.025 + 0.005 avg prob of [ England] 0.8175735473632812
loss 0.162 = 0.133 + 0.025 + 0.005 avg prob of [ England] 0.8760448694229126
loss 0.12 = 0.091 + 0.025 + 0.005 avg prob of [ England] 0.9133905172348022
loss 0.093 = 0.064 + 0.024 + 0.005 avg prob of [ England] 0.9378299117088318
loss 0.075 = 0.047 + 0.023 + 0.005 avg prob of [ England] 0.9541882276535034
loss 0.062 = 0.035 + 0.022 + 0.005 avg prob of [ England] 0.9654833078384399
loss 0.053 = 0.027 + 0.021 + 0.005 avg prob of [ England] 0.9735710024833679
loss 0.046 = 0.021 + 0.021 + 0.005 avg prob of [ England] 0.9795571565628052
Init norm 81.1300277709961 | Delta norm 60.84751510620117 | Target norm 99.9389419555664
Computing right vector (v)
Lookup index found: 3 | Sentence: Gregor Mendel works in the area of | Token: el
Rewrite layer is 8
Tying optimization objective to 27
Recording initial value of v*
loss 6.671 = 6.671 + 0.0 + 0.0 avg prob of [ physics] 0.0014060484245419502
loss 6.259 = 6.241 + 0.016 + 0.002 avg prob of [ physics] 0.003155373502522707
loss 4.247 = 4.231 + 0.013 + 0.003 avg prob of [ physics] 0.022308241575956345
loss 2.718 = 2.699 + 0.015 + 0.004 avg prob of [ physics] 0.08696770668029785
loss 1.474 = 1.457 + 0.013 + 0.004 avg prob of [ physics] 0.26217588782310486
loss 0.622 = 0.603 + 0.014 + 0.004 avg prob of [ physics] 0.5660508871078491
loss 0.248 = 0.228 + 0.016 + 0.004 avg prob of [ physics] 0.8006895780563354
loss 0.113 = 0.095 + 0.014 + 0.004 avg prob of [ physics] 0.9099221229553223
loss 0.063 = 0.049 + 0.01 + 0.004 avg prob of [ physics] 0.952486515045166
loss 0.044 = 0.03 + 0.01 + 0.004 avg prob of [ physics] 0.9707700610160828
Init norm 88.0700912475586 | Delta norm 66.05256652832031 | Target norm 111.1983871459961
Computing right vector (v)
Lookup index found: 2 | Sentence: 2011 England riots can be found in | Token:  riots
Rewrite layer is 8
Tying optimization objective to 27
Recording initial value of v*
loss 8.221 = 8.221 + 0.0 + 0.0 avg prob of [ Europe] 0.000295286881737411
loss 5.161 = 5.154 + 0.005 + 0.002 avg prob of [ Europe] 0.007550342939794064
loss 2.331 = 2.255 + 0.073 + 0.003 avg prob of [ Europe] 0.11026497930288315
loss 1.107 = 1.093 + 0.01 + 0.004 avg prob of [ Europe] 0.34492048621177673
loss 0.433 = 0.425 + 0.004 + 0.004 avg prob of [ Europe] 0.6639642715454102
loss 0.173 = 0.167 + 0.002 + 0.004 avg prob of [ Europe] 0.8496108055114746
loss 0.07 = 0.063 + 0.003 + 0.004 avg prob of [ Europe] 0.9396915435791016
loss 0.03 = 0.024 + 0.002 + 0.004 avg prob of [ Europe] 0.9761433005332947
Init norm 92.56331634521484 | Delta norm 69.4224853515625 | Target norm 113.53821563720703
Computing right vector (v)
Lookup index found: 2 | Sentence: Island Son was originally aired on | Token:  Son
Rewrite layer is 8
Tying optimization objective to 27
Recording initial value of v*
loss 3.724 = 3.724 + 0.0 + 0.0 avg prob of [ NBC] 0.026749184355139732
loss 1.743 = 1.67 + 0.071 + 0.003 avg prob of [ NBC] 0.1972390115261078
loss 0.214 = 0.12 + 0.09 + 0.004 avg prob of [ NBC] 0.8885444402694702
loss 0.095 = 0.004 + 0.086 + 0.005 avg prob of [ NBC] 0.9963264465332031
loss 0.085 = 0.001 + 0.079 + 0.005 avg prob of [ NBC] 0.9991263151168823
loss 0.079 = 0.0 + 0.074 + 0.005 avg prob of [ NBC] 0.9995009303092957
loss 0.075 = 0.0 + 0.07 + 0.005 avg prob of [ NBC] 0.9996147155761719
loss 0.072 = 0.0 + 0.067 + 0.005 avg prob of [ NBC] 0.9996662139892578
loss 0.069 = 0.0 + 0.064 + 0.005 avg prob of [ NBC] 0.9996926784515381
loss 0.066 = 0.0 + 0.061 + 0.005 avg prob of [ NBC] 0.9997024536132812
loss 0.061 = 0.0 + 0.056 + 0.005 avg prob of [ NBC] 0.9996950030326843
loss 0.054 = 0.0 + 0.049 + 0.005 avg prob of [ NBC] 0.9996680617332458
loss 0.044 = 0.0 + 0.039 + 0.005 avg prob of [ NBC] 0.9996190071105957
Init norm 76.38589477539062 | Delta norm 57.28942108154297 | Target norm 96.50853729248047
Computing right vector (v)
Lookup index found: 2 | Sentence: Meduza was written in | Token: za
Rewrite layer is 8
Tying optimization objective to 27
Recording initial value of v*
loss 6.233 = 6.233 + 0.0 + 0.0 avg prob of [ Spanish] 0.00258224131539464
loss 2.571 = 2.493 + 0.074 + 0.003 avg prob of [ Spanish] 0.1145496517419815
loss 0.611 = 0.553 + 0.053 + 0.005 avg prob of [ Spanish] 0.581678032875061
loss 0.18 = 0.145 + 0.03 + 0.005 avg prob of [ Spanish] 0.8659255504608154
loss 0.067 = 0.037 + 0.025 + 0.005 avg prob of [ Spanish] 0.963729739189148
loss 0.047 = 0.016 + 0.025 + 0.005 avg prob of [ Spanish] 0.9841098189353943
Init norm 72.95552825927734 | Delta norm 54.716644287109375 | Target norm 91.61554718017578
Computing right vector (v)
Lookup index found: 2 | Sentence: Jonathan Tunick plays | Token: ick
Rewrite layer is 8
Tying optimization objective to 27
Recording initial value of v*
loss 6.649 = 6.649 + 0.0 + 0.0 avg prob of [ jazz] 0.0015383179998025298
loss 3.708 = 3.694 + 0.01 + 0.004 avg prob of [ jazz] 0.027137506753206253
loss 0.544 = 0.448 + 0.089 + 0.006 avg prob of [ jazz] 0.6485088467597961
loss 0.051 = 0.009 + 0.035 + 0.006 avg prob of [ jazz] 0.990900456905365
loss 0.031 = 0.003 + 0.021 + 0.006 avg prob of [ jazz] 0.9966590404510498
Init norm 61.82096481323242 | Delta norm 46.36572265625 | Target norm 76.2661361694336
Computing right vector (v)
Lookup index found: 3 | Sentence: Fred Van Hove performs on the | Token: ove
Rewrite layer is 8
Tying optimization objective to 27
Recording initial value of v*
loss 7.16 = 7.16 + 0.0 + 0.0 avg prob of [ violin] 0.001232472131960094
loss 5.39 = 5.384 + 0.004 + 0.003 avg prob of [ violin] 0.009212585166096687
loss 4.55 = 4.539 + 0.007 + 0.005 avg prob of [ violin] 0.018381567671895027
loss 3.768 = 3.756 + 0.007 + 0.005 avg prob of [ violin] 0.03377705067396164
loss 2.92 = 2.907 + 0.008 + 0.005 avg prob of [ violin] 0.06726949661970139
loss 1.867 = 1.852 + 0.01 + 0.005 avg prob of [ violin] 0.1710236519575119
loss 0.809 = 0.79 + 0.014 + 0.005 avg prob of [ violin] 0.4632379412651062
loss 0.292 = 0.269 + 0.017 + 0.005 avg prob of [ violin] 0.7668397426605225
loss 0.12 = 0.09 + 0.025 + 0.005 avg prob of [ violin] 0.9141596555709839
loss 0.065 = 0.028 + 0.032 + 0.005 avg prob of [ violin] 0.9728683829307556
loss 0.036 = 0.009 + 0.022 + 0.005 avg prob of [ violin] 0.9908298254013062
Init norm 75.99801635742188 | Delta norm 56.99851608276367 | Target norm 91.08025360107422
Computing right vector (v)
Lookup index found: 2 | Sentence: Sheaf Square is located in | Token:  Square
Rewrite layer is 8
Tying optimization objective to 27
Recording initial value of v*
loss 7.746 = 7.746 + 0.0 + 0.0 avg prob of [ California] 0.0005375894834287465
loss 6.227 = 6.195 + 0.029 + 0.003 avg prob of [ California] 0.002313964767381549
loss 5.312 = 5.285 + 0.022 + 0.005 avg prob of [ California] 0.00569153344258666
loss 3.73 = 3.7 + 0.026 + 0.005 avg prob of [ California] 0.026819825172424316
loss 1.634 = 1.56 + 0.069 + 0.005 avg prob of [ California] 0.22268104553222656
loss 0.742 = 0.619 + 0.118 + 0.005 avg prob of [ California] 0.5482369661331177
loss 0.324 = 0.231 + 0.087 + 0.005 avg prob of [ California] 0.7957050204277039
loss 0.156 = 0.091 + 0.06 + 0.005 avg prob of [ California] 0.913354754447937
loss 0.09 = 0.043 + 0.042 + 0.005 avg prob of [ California] 0.9580000638961792
loss 0.057 = 0.024 + 0.028 + 0.005 avg prob of [ California] 0.9762873649597168
loss 0.04 = 0.015 + 0.02 + 0.005 avg prob of [ California] 0.9850465655326843
Init norm 74.43914794921875 | Delta norm 55.82936477661133 | Target norm 89.91140747070312
Computing right vector (v)
Lookup index found: 4 | Sentence: John Boyle O'Reilly's occupation is | Token: Reilly
Rewrite layer is 8
Tying optimization objective to 27
Recording initial value of v*
loss 7.935 = 7.935 + 0.0 + 0.0 avg prob of [ philosopher] 0.00048271086416207254
loss 3.206 = 3.173 + 0.03 + 0.003 avg prob of [ philosopher] 0.06200789660215378
loss 1.518 = 1.478 + 0.035 + 0.004 avg prob of [ philosopher] 0.27208462357521057
loss 0.056 = 0.042 + 0.009 + 0.005 avg prob of [ philosopher] 0.9590837359428406
loss 0.03 = 0.015 + 0.009 + 0.005 avg prob of [ philosopher] 0.9847558736801147
Init norm 75.24815368652344 | Delta norm 56.43611526489258 | Target norm 93.22235107421875
Computing right vector (v)
Lookup index found: 4 | Sentence: Pillsbury A Mill is located in | Token:  Mill
Rewrite layer is 8
Tying optimization objective to 27
Recording initial value of v*
loss 8.685 = 8.685 + 0.0 + 0.0 avg prob of [ Austin] 0.00019069144036620855
loss 7.556 = 7.526 + 0.028 + 0.002 avg prob of [ Austin] 0.0005687467637471855
loss 6.493 = 6.449 + 0.039 + 0.004 avg prob of [ Austin] 0.0017042531399056315
loss 4.356 = 4.308 + 0.042 + 0.005 avg prob of [ Austin] 0.013606904074549675
loss 1.718 = 1.665 + 0.049 + 0.005 avg prob of [ Austin] 0.1908484697341919
loss 0.226 = 0.128 + 0.093 + 0.005 avg prob of [ Austin] 0.8802456855773926
loss 0.124 = 0.014 + 0.106 + 0.005 avg prob of [ Austin] 0.9862170219421387
loss 0.095 = 0.005 + 0.085 + 0.005 avg prob of [ Austin] 0.9945887923240662
loss 0.079 = 0.004 + 0.07 + 0.005 avg prob of [ Austin] 0.9962601661682129
loss 0.072 = 0.003 + 0.064 + 0.005 avg prob of [ Austin] 0.9968611598014832
loss 0.066 = 0.003 + 0.058 + 0.005 avg prob of [ Austin] 0.9971861839294434
loss 0.06 = 0.003 + 0.053 + 0.005 avg prob of [ Austin] 0.9974437952041626
loss 0.055 = 0.002 + 0.048 + 0.005 avg prob of [ Austin] 0.9976986646652222
loss 0.05 = 0.002 + 0.043 + 0.005 avg prob of [ Austin] 0.9979559779167175
loss 0.046 = 0.002 + 0.04 + 0.005 avg prob of [ Austin] 0.9982022643089294
Init norm 80.2585220336914 | Delta norm 60.19389343261719 | Target norm 95.27313232421875
Computing right vector (v)
Lookup index found: 2 | Sentence: Nissan Pathfinder is produced by | Token:  Pathfinder
Rewrite layer is 8
Tying optimization objective to 27
Recording initial value of v*
loss 7.036 = 7.036 + 0.0 + 0.0 avg prob of [ Honda] 0.0011384384706616402
loss 3.224 = 3.215 + 0.007 + 0.002 avg prob of [ Honda] 0.04878995940089226
loss 0.2 = 0.177 + 0.02 + 0.002 avg prob of [ Honda] 0.841681182384491
loss 0.074 = 0.038 + 0.033 + 0.003 avg prob of [ Honda] 0.9626402854919434
loss 0.067 = 0.027 + 0.037 + 0.004 avg prob of [ Honda] 0.9735449552536011
loss 0.053 = 0.016 + 0.034 + 0.004 avg prob of [ Honda] 0.9839581251144409
loss 0.044 = 0.01 + 0.031 + 0.004 avg prob of [ Honda] 0.9902606010437012
Init norm 102.58635711669922 | Delta norm 76.93976593017578 | Target norm 127.24390411376953
Computing right vector (v)
Lookup index found: 7 | Sentence: Willem-Alexander of the Netherlands speaks | Token:  Netherlands
Rewrite layer is 8
Tying optimization objective to 27
Recording initial value of v*
loss 5.465 = 5.465 + 0.0 + 0.0 avg prob of [ French] 0.004621703177690506
loss 3.475 = 3.46 + 0.013 + 0.003 avg prob of [ French] 0.03380810469388962
loss 1.283 = 1.26 + 0.019 + 0.004 avg prob of [ French] 0.29680556058883667
loss 0.347 = 0.318 + 0.024 + 0.005 avg prob of [ French] 0.7315860986709595
loss 0.071 = 0.036 + 0.03 + 0.005 avg prob of [ French] 0.9647954702377319
loss 0.061 = 0.005 + 0.051 + 0.005 avg prob of [ French] 0.9954675436019897
loss 0.04 = 0.004 + 0.031 + 0.005 avg prob of [ French] 0.9962081909179688
Init norm 77.3154296875 | Delta norm 57.986572265625 | Target norm 95.50389099121094
Computing right vector (v)
Lookup index found: 3 | Sentence: Presidio Med was originally aired on | Token:  Med
Rewrite layer is 8
Tying optimization objective to 27
Recording initial value of v*
loss 6.357 = 6.357 + 0.0 + 0.0 avg prob of [ ESPN] 0.0019884025678038597
loss 2.899 = 2.848 + 0.048 + 0.003 avg prob of [ ESPN] 0.06538885831832886
loss 0.912 = 0.792 + 0.116 + 0.005 avg prob of [ ESPN] 0.45416003465652466
loss 0.298 = 0.196 + 0.097 + 0.005 avg prob of [ ESPN] 0.8223938345909119
loss 0.138 = 0.05 + 0.083 + 0.005 avg prob of [ ESPN] 0.9516112804412842
loss 0.09 = 0.018 + 0.067 + 0.005 avg prob of [ ESPN] 0.9825384020805359
loss 0.064 = 0.009 + 0.05 + 0.005 avg prob of [ ESPN] 0.9907116889953613
loss 0.045 = 0.007 + 0.033 + 0.005 avg prob of [ ESPN] 0.9934430122375488
Init norm 72.88038635253906 | Delta norm 54.6602897644043 | Target norm 89.26153564453125
Computing right vector (v)
Lookup index found: 3 | Sentence: Cancer Bats was developed in | Token: ats
Rewrite layer is 8
Tying optimization objective to 27
Recording initial value of v*
loss 7.697 = 7.697 + 0.0 + 0.0 avg prob of [ Italy] 0.000574811827391386
loss 6.297 = 6.241 + 0.053 + 0.003 avg prob of [ Italy] 0.0020869551226496696
loss 5.087 = 5.042 + 0.04 + 0.005 avg prob of [ Italy] 0.0074728927575051785
loss 3.988 = 3.949 + 0.033 + 0.005 avg prob of [ Italy] 0.022442549467086792
loss 2.349 = 2.304 + 0.04 + 0.005 avg prob of [ Italy] 0.12178361415863037
loss 0.969 = 0.891 + 0.073 + 0.005 avg prob of [ Italy] 0.43014392256736755
loss 0.509 = 0.441 + 0.063 + 0.005 avg prob of [ Italy] 0.6523791551589966
loss 0.27 = 0.213 + 0.053 + 0.005 avg prob of [ Italy] 0.8111149668693542
loss 0.177 = 0.127 + 0.044 + 0.005 avg prob of [ Italy] 0.8814358115196228
loss 0.13 = 0.089 + 0.036 + 0.005 avg prob of [ Italy] 0.9150909185409546
loss 0.104 = 0.068 + 0.031 + 0.005 avg prob of [ Italy] 0.9344809055328369
loss 0.088 = 0.054 + 0.029 + 0.005 avg prob of [ Italy] 0.9477149844169617
loss 0.076 = 0.043 + 0.028 + 0.005 avg prob of [ Italy] 0.9577658176422119
loss 0.067 = 0.035 + 0.027 + 0.005 avg prob of [ Italy] 0.9657047986984253
loss 0.06 = 0.028 + 0.027 + 0.005 avg prob of [ Italy] 0.9720635414123535
loss 0.054 = 0.023 + 0.026 + 0.005 avg prob of [ Italy] 0.9772078394889832
loss 0.049 = 0.019 + 0.026 + 0.005 avg prob of [ Italy] 0.9814032912254333
Init norm 73.89840698242188 | Delta norm 55.423805236816406 | Target norm 88.35565185546875
Computing right vector (v)
Lookup index found: 3 | Sentence: Nissan Civilian is developed by | Token: ian
Rewrite layer is 8
Tying optimization objective to 27
Recording initial value of v*
loss 5.169 = 5.169 + 0.0 + 0.0 avg prob of [ Toyota] 0.00650829216465354
loss 2.707 = 2.692 + 0.012 + 0.003 avg prob of [ Toyota] 0.0774066299200058
loss 0.184 = 0.137 + 0.044 + 0.004 avg prob of [ Toyota] 0.8731109499931335
loss 0.057 = 0.016 + 0.036 + 0.005 avg prob of [ Toyota] 0.9838303923606873
loss 0.029 = 0.005 + 0.019 + 0.005 avg prob of [ Toyota] 0.9950043559074402
Init norm 76.72515106201172 | Delta norm 57.54386520385742 | Target norm 94.81810760498047
Computing right vector (v)
Lookup index found: 2 | Sentence: Life Is Beautiful, that originated in | Token:  Beautiful
Rewrite layer is 8
Tying optimization objective to 27
Recording initial value of v*
loss 5.54 = 5.54 + 0.0 + 0.0 avg prob of [ Japan] 0.0061933803372085094
loss 2.798 = 2.789 + 0.006 + 0.003 avg prob of [ Japan] 0.07103148102760315
loss 1.724 = 1.698 + 0.021 + 0.005 avg prob of [ Japan] 0.19402754306793213
loss 0.906 = 0.886 + 0.016 + 0.005 avg prob of [ Japan] 0.4284597337245941
loss 0.405 = 0.39 + 0.01 + 0.005 avg prob of [ Japan] 0.6842204928398132
loss 0.204 = 0.191 + 0.008 + 0.005 avg prob of [ Japan] 0.8285911083221436
loss 0.125 = 0.112 + 0.007 + 0.005 avg prob of [ Japan] 0.8945817947387695
loss 0.086 = 0.074 + 0.007 + 0.005 avg prob of [ Japan] 0.9289152026176453
loss 0.063 = 0.052 + 0.006 + 0.005 avg prob of [ Japan] 0.9497553706169128
loss 0.049 = 0.037 + 0.006 + 0.005 avg prob of [ Japan] 0.9633188247680664
Init norm 73.29959869384766 | Delta norm 54.974700927734375 | Target norm 92.14901733398438
Computing right vector (v)
Lookup index found: 2 | Sentence: The Golden Palace was released on | Token:  Palace
Rewrite layer is 8
Tying optimization objective to 27
Recording initial value of v*
loss 10.078 = 10.078 + 0.0 + 0.0 avg prob of [ NBC] 4.7482739319093525e-05
loss 5.679 = 5.661 + 0.015 + 0.003 avg prob of [ NBC] 0.003696853294968605
loss 1.49 = 1.432 + 0.054 + 0.004 avg prob of [ NBC] 0.24531953036785126
loss 0.096 = 0.045 + 0.047 + 0.005 avg prob of [ NBC] 0.9567152261734009
loss 0.042 = 0.008 + 0.03 + 0.005 avg prob of [ NBC] 0.9922789931297302
Init norm 79.16853332519531 | Delta norm 59.37639617919922 | Target norm 96.99606323242188
Computing right vector (v)
Lookup index found: 2 | Sentence: Tianjin is a twin city of | Token: jin
Rewrite layer is 8
Tying optimization objective to 27
Recording initial value of v*
loss 13.189 = 13.189 + 0.0 + 0.0 avg prob of [ Dresden] 3.1770287023391575e-06
loss 5.108 = 5.084 + 0.021 + 0.002 avg prob of [ Dresden] 0.007519028149545193
loss 1.595 = 1.541 + 0.051 + 0.004 avg prob of [ Dresden] 0.25386565923690796
loss 0.508 = 0.43 + 0.074 + 0.004 avg prob of [ Dresden] 0.6755596995353699
loss 0.184 = 0.107 + 0.073 + 0.004 avg prob of [ Dresden] 0.9020575284957886
loss 0.107 = 0.031 + 0.072 + 0.004 avg prob of [ Dresden] 0.9702452421188354
loss 0.085 = 0.012 + 0.069 + 0.004 avg prob of [ Dresden] 0.9883939027786255
loss 0.077 = 0.006 + 0.067 + 0.004 avg prob of [ Dresden] 0.9943035840988159
loss 0.072 = 0.003 + 0.064 + 0.004 avg prob of [ Dresden] 0.9966873526573181
loss 0.068 = 0.002 + 0.061 + 0.004 avg prob of [ Dresden] 0.9978245496749878
loss 0.064 = 0.002 + 0.058 + 0.004 avg prob of [ Dresden] 0.9984399080276489
loss 0.061 = 0.001 + 0.055 + 0.004 avg prob of [ Dresden] 0.9988061785697937
loss 0.058 = 0.001 + 0.052 + 0.004 avg prob of [ Dresden] 0.9990411996841431
loss 0.055 = 0.001 + 0.05 + 0.004 avg prob of [ Dresden] 0.9992007613182068
loss 0.052 = 0.001 + 0.047 + 0.004 avg prob of [ Dresden] 0.9993144869804382
loss 0.049 = 0.001 + 0.044 + 0.004 avg prob of [ Dresden] 0.9993986487388611
Init norm 84.99225616455078 | Delta norm 63.74419021606445 | Target norm 104.74546813964844
Computing right vector (v)
Lookup index found: 5 | Sentence: Pietro Tenerani expired at | Token: ani
Rewrite layer is 8
Tying optimization objective to 27
Recording initial value of v*
loss 11.343 = 11.343 + 0.0 + 0.0 avg prob of [ Ottawa] 1.8343811461818404e-05
loss 8.899 = 8.877 + 0.019 + 0.003 avg prob of [ Ottawa] 0.0003424110764171928
loss 2.83 = 2.799 + 0.025 + 0.005 avg prob of [ Ottawa] 0.08652006089687347
loss 0.164 = 0.108 + 0.05 + 0.005 avg prob of [ Ottawa] 0.8986152410507202
loss 0.03 = 0.017 + 0.007 + 0.005 avg prob of [ Ottawa] 0.9829634428024292
Init norm 69.5182876586914 | Delta norm 52.13871765136719 | Target norm 85.87799072265625
Computing right vector (v)
Lookup index found: 2 | Sentence: history of Europe, in | Token:  Europe
Rewrite layer is 8
Tying optimization objective to 27
Recording initial value of v*
loss 13.422 = 13.422 + 0.0 + 0.0 avg prob of [ Antarctica] 4.562250978779048e-06
loss 9.491 = 9.466 + 0.023 + 0.002 avg prob of [ Antarctica] 0.0001316589186899364
loss 5.052 = 5.02 + 0.028 + 0.004 avg prob of [ Antarctica] 0.008889471180737019
loss 2.206 = 2.166 + 0.035 + 0.004 avg prob of [ Antarctica] 0.12886816263198853
loss 0.809 = 0.762 + 0.043 + 0.004 avg prob of [ Antarctica] 0.48325008153915405
loss 0.219 = 0.176 + 0.038 + 0.004 avg prob of [ Antarctica] 0.8398898839950562
loss 0.107 = 0.066 + 0.037 + 0.004 avg prob of [ Antarctica] 0.9365336894989014
loss 0.073 = 0.031 + 0.037 + 0.004 avg prob of [ Antarctica] 0.9695265293121338
loss 0.059 = 0.018 + 0.037 + 0.004 avg prob of [ Antarctica] 0.9822067022323608
loss 0.053 = 0.012 + 0.037 + 0.004 avg prob of [ Antarctica] 0.9880027770996094
loss 0.049 = 0.009 + 0.036 + 0.004 avg prob of [ Antarctica] 0.9911048412322998
Init norm 84.7114486694336 | Delta norm 63.53358459472656 | Target norm 101.9187240600586
Computing right vector (v)
Lookup index found: 6 | Sentence: The language used by Leonard Plugge is | Token: ge
Rewrite layer is 8
Tying optimization objective to 27
Recording initial value of v*
loss 9.863 = 9.863 + 0.0 + 0.0 avg prob of [ Spanish] 6.140438199508935e-05
loss 2.981 = 2.972 + 0.006 + 0.003 avg prob of [ Spanish] 0.060411449521780014
loss 1.137 = 1.124 + 0.008 + 0.005 avg prob of [ Spanish] 0.34444326162338257
loss 0.114 = 0.095 + 0.014 + 0.005 avg prob of [ Spanish] 0.9097257852554321
loss 0.042 = 0.02 + 0.017 + 0.005 avg prob of [ Spanish] 0.9799627661705017
Init norm 72.9635238647461 | Delta norm 54.72264099121094 | Target norm 91.27347564697266
Computing right vector (v)
Lookup index found: 6 | Sentence: The law in Udmurt Republic declares the language | Token:  Republic
Rewrite layer is 8
Tying optimization objective to 27
Recording initial value of v*
loss 14.519 = 14.519 + 0.0 + 0.0 avg prob of [ Welsh] 5.833213094774692e-07
loss 11.578 = 11.568 + 0.008 + 0.002 avg prob of [ Welsh] 1.0428713721921667e-05
loss 7.358 = 7.33 + 0.025 + 0.003 avg prob of [ Welsh] 0.001118913060054183
loss 1.512 = 1.476 + 0.033 + 0.004 avg prob of [ Welsh] 0.39404404163360596
loss 0.065 = 0.03 + 0.032 + 0.004 avg prob of [ Welsh] 0.9709910154342651
loss 0.03 = 0.007 + 0.019 + 0.004 avg prob of [ Welsh] 0.9929226636886597
Init norm 92.4475326538086 | Delta norm 69.33564758300781 | Target norm 112.15011596679688
Computing right vector (v)
Lookup index found: 5 | Sentence: Lennie Tristano is originally from | Token: o
Rewrite layer is 8
Tying optimization objective to 27
Recording initial value of v*
loss 5.697 = 5.697 + 0.0 + 0.0 avg prob of [ Montreal] 0.003558194264769554
loss 4.994 = 4.983 + 0.007 + 0.003 avg prob of [ Montreal] 0.0075027961283922195
loss 3.108 = 3.087 + 0.015 + 0.005 avg prob of [ Montreal] 0.049213431775569916
loss 0.791 = 0.769 + 0.016 + 0.006 avg prob of [ Montreal] 0.47199583053588867
loss 0.292 = 0.268 + 0.018 + 0.006 avg prob of [ Montreal] 0.766598105430603
loss 0.119 = 0.096 + 0.017 + 0.006 avg prob of [ Montreal] 0.9082704782485962
loss 0.054 = 0.036 + 0.013 + 0.006 avg prob of [ Montreal] 0.9649736285209656
loss 0.03 = 0.017 + 0.008 + 0.006 avg prob of [ Montreal] 0.9836322665214539
Init norm 67.9158706665039 | Delta norm 50.93690490722656 | Target norm 85.27083587646484
Computing right vector (v)
Lookup index found: 3 | Sentence: Holtedahl Bay is located in | Token:  Bay
Rewrite layer is 8
Tying optimization objective to 27
Recording initial value of v*
loss 10.015 = 10.015 + 0.0 + 0.0 avg prob of [ Asia] 4.7401983465533704e-05
loss 7.448 = 7.358 + 0.086 + 0.003 avg prob of [ Asia] 0.0007259051199071109
loss 3.326 = 3.3 + 0.022 + 0.005 avg prob of [ Asia] 0.03924007713794708
loss 1.37 = 1.343 + 0.021 + 0.005 avg prob of [ Asia] 0.2617911696434021
loss 0.583 = 0.558 + 0.02 + 0.005 avg prob of [ Asia] 0.5736851692199707
loss 0.185 = 0.162 + 0.018 + 0.005 avg prob of [ Asia] 0.8512978553771973
loss 0.061 = 0.039 + 0.017 + 0.005 avg prob of [ Asia] 0.9619598388671875
loss 0.031 = 0.011 + 0.015 + 0.005 avg prob of [ Asia] 0.989398181438446
Init norm 72.21448516845703 | Delta norm 54.16086196899414 | Target norm 88.10601806640625
Computing right vector (v)
Lookup index found: 8 | Sentence: The language used by Gaston Defferre is | Token: re
Rewrite layer is 8
Tying optimization objective to 27
Recording initial value of v*
loss 9.683 = 9.683 + 0.0 + 0.0 avg prob of [ Italian] 8.258401066996157e-05
loss 7.126 = 7.119 + 0.005 + 0.003 avg prob of [ Italian] 0.0011214379919692874
loss 3.189 = 3.176 + 0.008 + 0.005 avg prob of [ Italian] 0.058808039873838425
loss 1.393 = 1.371 + 0.017 + 0.005 avg prob of [ Italian] 0.2716918885707855
loss 0.622 = 0.587 + 0.029 + 0.005 avg prob of [ Italian] 0.564461350440979
loss 0.257 = 0.21 + 0.042 + 0.005 avg prob of [ Italian] 0.813159167766571
loss 0.132 = 0.082 + 0.044 + 0.005 avg prob of [ Italian] 0.9216837882995605
loss 0.076 = 0.04 + 0.031 + 0.005 avg prob of [ Italian] 0.9609662294387817
loss 0.042 = 0.023 + 0.014 + 0.005 avg prob of [ Italian] 0.977371096611023
Init norm 73.19278717041016 | Delta norm 54.894596099853516 | Target norm 90.74757385253906
Computing right vector (v)
Lookup index found: 5 | Sentence: The occupation of Cheryl Tiegs is | Token: gs
Rewrite layer is 8
Tying optimization objective to 27
Recording initial value of v*
loss 13.157 = 13.157 + 0.0 + 0.0 avg prob of [ politician] 3.6181986615702044e-06
loss 7.525 = 7.516 + 0.007 + 0.002 avg prob of [ politician] 0.0019945227541029453
loss 4.176 = 4.131 + 0.041 + 0.004 avg prob of [ politician] 0.029260512441396713
loss 0.634 = 0.491 + 0.139 + 0.004 avg prob of [ politician] 0.6362773776054382
loss 0.195 = 0.078 + 0.113 + 0.004 avg prob of [ politician] 0.9257714152336121
loss 0.104 = 0.017 + 0.083 + 0.004 avg prob of [ politician] 0.98350590467453
loss 0.047 = 0.006 + 0.036 + 0.004 avg prob of [ politician] 0.9937762022018433
Init norm 84.11668395996094 | Delta norm 63.0875129699707 | Target norm 104.21533203125
Computing right vector (v)
Lookup index found: 3 | Sentence: Carmell Jones, performing on the | Token:  Jones
Rewrite layer is 8
Tying optimization objective to 27
Recording initial value of v*
loss 6.307 = 6.307 + 0.0 + 0.0 avg prob of [ guitar] 0.00423090998083353
loss 4.392 = 4.388 + 0.001 + 0.003 avg prob of [ guitar] 0.024843525141477585
loss 2.919 = 2.91 + 0.004 + 0.005 avg prob of [ guitar] 0.06503833830356598
loss 1.969 = 1.958 + 0.006 + 0.005 avg prob of [ guitar] 0.14433780312538147
loss 1.061 = 1.045 + 0.011 + 0.005 avg prob of [ guitar] 0.35327407717704773
loss 0.376 = 0.351 + 0.02 + 0.005 avg prob of [ guitar] 0.7066096663475037
loss 0.087 = 0.052 + 0.03 + 0.005 avg prob of [ guitar] 0.9500378966331482
loss 0.039 = 0.008 + 0.026 + 0.005 avg prob of [ guitar] 0.9924079775810242
Init norm 68.67044830322266 | Delta norm 51.50284194946289 | Target norm 82.863525390625
Computing right vector (v)
Lookup index found: 8 | Sentence: The language of L'Age d'Or was | Token: Or
Rewrite layer is 8
Tying optimization objective to 27
Recording initial value of v*
loss 11.984 = 11.984 + 0.0 + 0.0 avg prob of [ Korean] 1.0120742444996722e-05
loss 6.366 = 6.31 + 0.053 + 0.003 avg prob of [ Korean] 0.0021824566647410393
loss 0.265 = 0.174 + 0.087 + 0.004 avg prob of [ Korean] 0.8451796770095825
loss 0.132 = 0.002 + 0.125 + 0.005 avg prob of [ Korean] 0.9977093935012817
loss 0.109 = 0.001 + 0.103 + 0.005 avg prob of [ Korean] 0.9986835718154907
loss 0.056 = 0.001 + 0.05 + 0.005 avg prob of [ Korean] 0.9988701343536377
loss 0.05 = 0.001 + 0.045 + 0.005 avg prob of [ Korean] 0.9989091753959656
loss 0.045 = 0.001 + 0.039 + 0.005 avg prob of [ Korean] 0.9989396333694458
Init norm 78.49693298339844 | Delta norm 58.87269973754883 | Target norm 96.3753433227539
Computing right vector (v)
Lookup index found: 8 | Sentence: The domain of activity of Ernst Heinrich Weber is | Token:  Weber
Rewrite layer is 8
Tying optimization objective to 27
Recording initial value of v*
loss 7.369 = 7.369 + 0.0 + 0.0 avg prob of [ mathematics] 0.0007885328959673643
loss 3.134 = 3.086 + 0.045 + 0.003 avg prob of [ mathematics] 0.04901928827166557
loss 0.549 = 0.486 + 0.06 + 0.004 avg prob of [ mathematics] 0.619527280330658
loss 0.148 = 0.115 + 0.029 + 0.005 avg prob of [ mathematics] 0.8921532034873962
loss 0.065 = 0.057 + 0.004 + 0.005 avg prob of [ mathematics] 0.945188045501709
loss 0.042 = 0.031 + 0.006 + 0.005 avg prob of [ mathematics] 0.969707727432251
Init norm 79.83071899414062 | Delta norm 59.87303924560547 | Target norm 98.70842742919922
Computing right vector (v)
Lookup index found: 8 | Sentence: Martina Voss-Tecklenburg plays as | Token: burg
Rewrite layer is 8
Tying optimization objective to 27
Recording initial value of v*
loss 10.376 = 10.376 + 0.0 + 0.0 avg prob of [ quarterback] 5.903238707105629e-05
loss 5.658 = 5.642 + 0.012 + 0.003 avg prob of [ quarterback] 0.00415045116096735
loss 2.826 = 2.793 + 0.029 + 0.005 avg prob of [ quarterback] 0.08533011376857758
loss 0.534 = 0.489 + 0.04 + 0.005 avg prob of [ quarterback] 0.64258873462677
loss 0.129 = 0.085 + 0.039 + 0.005 avg prob of [ quarterback] 0.918703019618988
loss 0.072 = 0.026 + 0.04 + 0.005 avg prob of [ quarterback] 0.9740784168243408
loss 0.051 = 0.011 + 0.036 + 0.005 avg prob of [ quarterback] 0.9894946813583374
loss 0.045 = 0.005 + 0.034 + 0.005 avg prob of [ quarterback] 0.9945900440216064
Init norm 70.82086944580078 | Delta norm 53.11565399169922 | Target norm 86.22171783447266
Computing right vector (v)
Lookup index found: 2 | Sentence: Tom Waits plays the | Token: its
Rewrite layer is 8
Tying optimization objective to 27
Recording initial value of v*
loss 4.047 = 4.047 + 0.0 + 0.0 avg prob of [ guitar] 0.022513985633850098
loss 1.419 = 1.409 + 0.008 + 0.002 avg prob of [ guitar] 0.26380497217178345
loss 0.245 = 0.224 + 0.018 + 0.003 avg prob of [ guitar] 0.8012102842330933
loss 0.083 = 0.048 + 0.031 + 0.004 avg prob of [ guitar] 0.9531770944595337
loss 0.053 = 0.024 + 0.025 + 0.004 avg prob of [ guitar] 0.976417064666748
loss 0.04 = 0.014 + 0.021 + 0.004 avg prob of [ guitar] 0.985750675201416
Init norm 90.20726013183594 | Delta norm 67.65544128417969 | Target norm 111.17050170898438
Computing right vector (v)
Lookup index found: 3 | Sentence: Virginia Wetherell's occupation is | Token: ll
Rewrite layer is 8
Tying optimization objective to 27
Recording initial value of v*
loss 10.027 = 10.027 + 0.0 + 0.0 avg prob of [ comedian] 6.656295590801165e-05
loss 4.677 = 4.662 + 0.012 + 0.003 avg prob of [ comedian] 0.020527290180325508
loss 1.574 = 1.545 + 0.024 + 0.005 avg prob of [ comedian] 0.2168932557106018
loss 0.237 = 0.196 + 0.036 + 0.005 avg prob of [ comedian] 0.8251284956932068
loss 0.044 = 0.019 + 0.019 + 0.005 avg prob of [ comedian] 0.9813642501831055
Init norm 68.60901641845703 | Delta norm 51.45676803588867 | Target norm 85.2831802368164
Computing right vector (v)
Lookup index found: 3 | Sentence: Armstrong Circle Theatre is to debut on | Token:  Theatre
Rewrite layer is 8
Tying optimization objective to 27
Recording initial value of v*
loss 6.772 = 6.772 + 0.0 + 0.0 avg prob of [ CBS] 0.0015636974712833762
loss 4.365 = 4.352 + 0.011 + 0.002 avg prob of [ CBS] 0.014810346066951752
loss 2.773 = 2.737 + 0.032 + 0.004 avg prob of [ CBS] 0.0725637748837471
loss 1.128 = 1.091 + 0.033 + 0.005 avg prob of [ CBS] 0.3554604947566986
loss 0.072 = 0.032 + 0.035 + 0.005 avg prob of [ CBS] 0.968314528465271
loss 0.037 = 0.002 + 0.031 + 0.005 avg prob of [ CBS] 0.9983067512512207
Init norm 81.50273895263672 | Delta norm 61.12704849243164 | Target norm 101.0231704711914
Computing right vector (v)
Lookup index found: 1 | Sentence: FLCL, that was formulated in | Token: CL
Rewrite layer is 8
Tying optimization objective to 27
Recording initial value of v*
loss 9.745 = 9.745 + 0.0 + 0.0 avg prob of [ Belgium] 7.798492151778191e-05
loss 7.919 = 7.911 + 0.007 + 0.001 avg prob of [ Belgium] 0.000456335605122149
loss 4.49 = 4.457 + 0.032 + 0.001 avg prob of [ Belgium] 0.017445899546146393
loss 1.673 = 1.579 + 0.091 + 0.002 avg prob of [ Belgium] 0.24511957168579102
loss 0.837 = 0.719 + 0.115 + 0.002 avg prob of [ Belgium] 0.5091219544410706
loss 0.376 = 0.253 + 0.12 + 0.003 avg prob of [ Belgium] 0.7820955514907837
loss 0.207 = 0.089 + 0.115 + 0.003 avg prob of [ Belgium] 0.9155656099319458
loss 0.143 = 0.039 + 0.101 + 0.003 avg prob of [ Belgium] 0.9615453481674194
loss 0.107 = 0.021 + 0.084 + 0.003 avg prob of [ Belgium] 0.9793041944503784
loss 0.085 = 0.013 + 0.069 + 0.003 avg prob of [ Belgium] 0.9868010878562927
loss 0.076 = 0.01 + 0.063 + 0.003 avg prob of [ Belgium] 0.9904199838638306
loss 0.071 = 0.008 + 0.061 + 0.003 avg prob of [ Belgium] 0.9923936128616333
loss 0.064 = 0.006 + 0.054 + 0.003 avg prob of [ Belgium] 0.993565022945404
loss 0.055 = 0.006 + 0.046 + 0.003 avg prob of [ Belgium] 0.9943019151687622
loss 0.049 = 0.005 + 0.041 + 0.003 avg prob of [ Belgium] 0.9947893619537354
Init norm 131.7693328857422 | Delta norm 98.8270034790039 | Target norm 165.65968322753906
Computing right vector (v)
Lookup index found: 3 | Sentence: Jeep Grand Cherokee, developed by | Token:  Cherokee
Rewrite layer is 8
Tying optimization objective to 27
Recording initial value of v*
loss 7.563 = 7.563 + 0.0 + 0.0 avg prob of [ Renault] 0.0005639438750222325
loss 5.254 = 5.245 + 0.008 + 0.002 avg prob of [ Renault] 0.008000423200428486
loss 2.575 = 2.547 + 0.025 + 0.003 avg prob of [ Renault] 0.11309804022312164
loss 0.415 = 0.37 + 0.042 + 0.004 avg prob of [ Renault] 0.7070616483688354
loss 0.135 = 0.086 + 0.045 + 0.004 avg prob of [ Renault] 0.9187067747116089
loss 0.079 = 0.029 + 0.046 + 0.004 avg prob of [ Renault] 0.9714598655700684
loss 0.061 = 0.012 + 0.045 + 0.004 avg prob of [ Renault] 0.9882115125656128
loss 0.052 = 0.006 + 0.043 + 0.004 avg prob of [ Renault] 0.9942657947540283
loss 0.047 = 0.003 + 0.04 + 0.004 avg prob of [ Renault] 0.9967879056930542
Init norm 94.4077377319336 | Delta norm 70.80579376220703 | Target norm 117.85270690917969
Computing right vector (v)
Lookup index found: 3 | Sentence: Apollo space program, which is named for | Token:  program
Rewrite layer is 8
Tying optimization objective to 27
Recording initial value of v*
loss 16.482 = 16.482 + 0.0 + 0.0 avg prob of [ Aleppo] 1.4802051850892894e-07
loss 14.108 = 14.068 + 0.038 + 0.002 avg prob of [ Aleppo] 1.1333938800817123e-06
loss 12.647 = 12.596 + 0.048 + 0.004 avg prob of [ Aleppo] 4.530950718617532e-06
loss 11.058 = 11.028 + 0.025 + 0.004 avg prob of [ Aleppo] 2.387894710409455e-05
loss 8.577 = 8.558 + 0.015 + 0.004 avg prob of [ Aleppo] 0.000394475064240396
loss 4.987 = 4.974 + 0.009 + 0.004 avg prob of [ Aleppo] 0.009867812506854534
loss 1.837 = 1.825 + 0.007 + 0.004 avg prob of [ Aleppo] 0.2109125852584839
loss 0.363 = 0.348 + 0.011 + 0.004 avg prob of [ Aleppo] 0.7217669486999512
loss 0.093 = 0.073 + 0.015 + 0.004 avg prob of [ Aleppo] 0.9305866956710815
loss 0.036 = 0.023 + 0.009 + 0.004 avg prob of [ Aleppo] 0.9777063131332397
Init norm 84.07135772705078 | Delta norm 63.05352020263672 | Target norm 101.1648941040039
Computing right vector (v)
Lookup index found: 2 | Sentence: Dhanush works as | Token: ush
Rewrite layer is 8
Tying optimization objective to 27
Recording initial value of v*
loss 10.282 = 10.282 + 0.0 + 0.0 avg prob of [ architect] 3.8144014979479834e-05
loss 7.208 = 7.15 + 0.055 + 0.003 avg prob of [ architect] 0.0010052025318145752
loss 3.431 = 3.365 + 0.062 + 0.005 avg prob of [ architect] 0.04870591312646866
loss 0.441 = 0.368 + 0.068 + 0.005 avg prob of [ architect] 0.7057718634605408
loss 0.098 = 0.028 + 0.066 + 0.005 avg prob of [ architect] 0.9730457067489624
loss 0.078 = 0.007 + 0.066 + 0.005 avg prob of [ architect] 0.9930880069732666
loss 0.071 = 0.003 + 0.063 + 0.005 avg prob of [ architect] 0.9972571134567261
loss 0.064 = 0.002 + 0.058 + 0.005 avg prob of [ architect] 0.9984019994735718
loss 0.057 = 0.001 + 0.051 + 0.005 avg prob of [ architect] 0.9987781047821045
loss 0.05 = 0.001 + 0.044 + 0.005 avg prob of [ architect] 0.998894214630127
Init norm 74.88481140136719 | Delta norm 56.163604736328125 | Target norm 92.0867691040039
Computing right vector (v)
Lookup index found: 2 | Sentence: Ramesses II writes in | Token:  II
Rewrite layer is 8
Tying optimization objective to 27
Recording initial value of v*
loss 10.748 = 10.748 + 0.0 + 0.0 avg prob of [ Welsh] 2.3051892640069127e-05
loss 4.84 = 4.831 + 0.006 + 0.003 avg prob of [ Welsh] 0.010334393940865993
loss 1.126 = 1.09 + 0.033 + 0.004 avg prob of [ Welsh] 0.362173855304718
loss 0.205 = 0.156 + 0.044 + 0.005 avg prob of [ Welsh] 0.8629350662231445
loss 0.077 = 0.042 + 0.031 + 0.005 avg prob of [ Welsh] 0.9599531888961792
loss 0.041 = 0.015 + 0.022 + 0.005 avg prob of [ Welsh] 0.9854209423065186
Init norm 75.33698272705078 | Delta norm 56.50273895263672 | Target norm 92.37889099121094
Computing right vector (v)
Lookup index found: 2 | Sentence: Leon Breeden performs | Token: eden
Rewrite layer is 8
Tying optimization objective to 27
Recording initial value of v*
loss 10.36 = 10.36 + 0.0 + 0.0 avg prob of [ opera] 5.0656373787205666e-05
loss 9.185 = 9.179 + 0.003 + 0.003 avg prob of [ opera] 0.00012542068725451827
loss 7.957 = 7.946 + 0.006 + 0.005 avg prob of [ opera] 0.00042759868665598333
loss 6.735 = 6.722 + 0.008 + 0.005 avg prob of [ opera] 0.0014443830586969852
loss 5.14 = 5.123 + 0.012 + 0.005 avg prob of [ opera] 0.00718039833009243
loss 2.898 = 2.873 + 0.02 + 0.005 avg prob of [ opera] 0.0640832781791687
loss 0.36 = 0.302 + 0.053 + 0.005 avg prob of [ opera] 0.7646657824516296
loss 0.096 = 0.019 + 0.071 + 0.005 avg prob of [ opera] 0.9808423519134521
loss 0.069 = 0.01 + 0.054 + 0.005 avg prob of [ opera] 0.9903380274772644
loss 0.046 = 0.001 + 0.04 + 0.005 avg prob of [ opera] 0.9986979365348816
Init norm 71.58303833007812 | Delta norm 53.68728256225586 | Target norm 86.50776672363281
Computing right vector (v)
Lookup index found: 6 | Sentence: Jean-Joseph de Mondonville performs | Token: ville
Rewrite layer is 8
Tying optimization objective to 27
Recording initial value of v*
loss 12.374 = 12.374 + 0.0 + 0.0 avg prob of [ fantasy] 4.5482211135094985e-06
loss 10.695 = 10.69 + 0.003 + 0.003 avg prob of [ fantasy] 2.3709339075139724e-05
loss 7.956 = 7.938 + 0.014 + 0.004 avg prob of [ fantasy] 0.00039328387356363237
loss 3.941 = 3.861 + 0.075 + 0.005 avg prob of [ fantasy] 0.02749660238623619
loss 0.922 = 0.702 + 0.215 + 0.005 avg prob of [ fantasy] 0.5143296718597412
loss 0.038 = 0.007 + 0.026 + 0.005 avg prob of [ fantasy] 0.9927992224693298
Init norm 77.88142395019531 | Delta norm 58.411067962646484 | Target norm 95.64353942871094
Computing right vector (v)
Lookup index found: 3 | Sentence: Francis Veber speaks the language | Token: ber
Rewrite layer is 8
Tying optimization objective to 27
Recording initial value of v*
loss 7.351 = 7.351 + 0.0 + 0.0 avg prob of [ English] 0.0010057240724563599
loss 5.567 = 5.557 + 0.006 + 0.004 avg prob of [ English] 0.005457004066556692
loss 1.379 = 1.34 + 0.034 + 0.006 avg prob of [ English] 0.2865842580795288
loss 0.187 = 0.124 + 0.057 + 0.006 avg prob of [ English] 0.8840944766998291
loss 0.108 = 0.005 + 0.098 + 0.006 avg prob of [ English] 0.9953770041465759
loss 0.037 = 0.003 + 0.029 + 0.006 avg prob of [ English] 0.997380256652832
Init norm 66.85560607910156 | Delta norm 50.14170455932617 | Target norm 81.1697769165039
Computing right vector (v)
Lookup index found: 3 | Sentence: Five Stairsteps, founded in | Token: eps
Rewrite layer is 8
Tying optimization objective to 27
Recording initial value of v*
loss 8.863 = 8.863 + 0.0 + 0.0 avg prob of [ Tokyo] 0.000208544748602435
loss 6.697 = 6.688 + 0.005 + 0.003 avg prob of [ Tokyo] 0.0014261954929679632
loss 3.976 = 3.943 + 0.028 + 0.005 avg prob of [ Tokyo] 0.020718630403280258
loss 2.921 = 2.879 + 0.037 + 0.005 avg prob of [ Tokyo] 0.059352807700634
loss 1.734 = 1.701 + 0.028 + 0.005 avg prob of [ Tokyo] 0.19458386301994324
loss 0.786 = 0.751 + 0.029 + 0.005 avg prob of [ Tokyo] 0.4878031611442566
loss 0.179 = 0.129 + 0.045 + 0.005 avg prob of [ Tokyo] 0.8805280923843384
loss 0.078 = 0.007 + 0.066 + 0.005 avg prob of [ Tokyo] 0.9935207366943359
loss 0.052 = 0.002 + 0.044 + 0.005 avg prob of [ Tokyo] 0.9975404739379883
loss 0.045 = 0.002 + 0.038 + 0.005 avg prob of [ Tokyo] 0.9982519149780273
Init norm 70.77884674072266 | Delta norm 53.08413314819336 | Target norm 87.73542022705078
Computing right vector (v)
Lookup index found: 6 | Sentence: What is the twin city of Houston? It is | Token:  Houston
Rewrite layer is 8
Tying optimization objective to 27
Recording initial value of v*
loss 11.556 = 11.556 + 0.0 + 0.0 avg prob of [ Ankara] 1.9942006474593654e-05
loss 7.339 = 7.328 + 0.009 + 0.002 avg prob of [ Ankara] 0.0011061421828344464
loss 5.484 = 5.455 + 0.026 + 0.004 avg prob of [ Ankara] 0.005036858841776848
loss 3.122 = 3.081 + 0.036 + 0.004 avg prob of [ Ankara] 0.04862581938505173
loss 0.712 = 0.674 + 0.034 + 0.004 avg prob of [ Ankara] 0.5136057734489441
loss 0.061 = 0.024 + 0.033 + 0.004 avg prob of [ Ankara] 0.9759439826011658
loss 0.041 = 0.005 + 0.032 + 0.004 avg prob of [ Ankara] 0.9955052137374878
Init norm 85.19400787353516 | Delta norm 63.895511627197266 | Target norm 105.3848876953125
Computing right vector (v)
Lookup index found: 3 | Sentence: Tedy Bruschi, the | Token: chi
Rewrite layer is 8
Tying optimization objective to 27
Recording initial value of v*
loss 5.765 = 5.765 + 0.0 + 0.0 avg prob of [ quarterback] 0.0038549192249774933
loss 2.015 = 2.002 + 0.01 + 0.003 avg prob of [ quarterback] 0.1440790295600891
loss 0.562 = 0.529 + 0.028 + 0.005 avg prob of [ quarterback] 0.6018942594528198
loss 0.218 = 0.18 + 0.033 + 0.005 avg prob of [ quarterback] 0.8371223211288452
loss 0.11 = 0.075 + 0.03 + 0.005 avg prob of [ quarterback] 0.928245484828949
loss 0.07 = 0.04 + 0.025 + 0.005 avg prob of [ quarterback] 0.9609095454216003
loss 0.05 = 0.026 + 0.019 + 0.005 avg prob of [ quarterback] 0.9748117327690125
loss 0.039 = 0.018 + 0.016 + 0.005 avg prob of [ quarterback] 0.9819576740264893
Init norm 70.0088119506836 | Delta norm 52.50660705566406 | Target norm 87.52520751953125
Computing right vector (v)
Lookup index found: 4 | Sentence: Optimus Rhyme, that was created in | Token: me
Rewrite layer is 8
Tying optimization objective to 27
Recording initial value of v*
loss 9.073 = 9.073 + 0.0 + 0.0 avg prob of [ Atlanta] 0.00015515464474447072
loss 4.654 = 4.626 + 0.025 + 0.003 avg prob of [ Atlanta] 0.010706189088523388
loss 1.181 = 1.086 + 0.091 + 0.004 avg prob of [ Atlanta] 0.363725870847702
loss 0.086 = 0.036 + 0.045 + 0.005 avg prob of [ Atlanta] 0.9653314352035522
loss 0.043 = 0.006 + 0.032 + 0.005 avg prob of [ Atlanta] 0.9941873550415039
Init norm 74.86221313476562 | Delta norm 56.146663665771484 | Target norm 92.3150634765625
Computing right vector (v)
Lookup index found: 2 | Sentence: Grand Union Canal, in | Token:  Canal
Rewrite layer is 8
Tying optimization objective to 27
Recording initial value of v*
loss 9.531 = 9.531 + 0.0 + 0.0 avg prob of [ Minnesota] 0.0001389510289300233
loss 6.843 = 6.835 + 0.006 + 0.002 avg prob of [ Minnesota] 0.0014592873631045222
loss 4.422 = 4.412 + 0.006 + 0.004 avg prob of [ Minnesota] 0.015676632523536682
loss 1.761 = 1.742 + 0.014 + 0.004 avg prob of [ Minnesota] 0.19923929870128632
loss 0.458 = 0.428 + 0.026 + 0.004 avg prob of [ Minnesota] 0.6608166098594666
loss 0.189 = 0.149 + 0.035 + 0.004 avg prob of [ Minnesota] 0.8629531860351562
loss 0.101 = 0.058 + 0.039 + 0.004 avg prob of [ Minnesota] 0.9436748027801514
loss 0.067 = 0.029 + 0.034 + 0.004 avg prob of [ Minnesota] 0.9712071418762207
loss 0.046 = 0.018 + 0.024 + 0.004 avg prob of [ Minnesota] 0.9823734164237976
Init norm 84.31741333007812 | Delta norm 63.23806381225586 | Target norm 104.12639617919922
Computing right vector (v)
Lookup index found: 5 | Sentence: In L'Abbaye, the language spoken is | Token: e
Rewrite layer is 8
Tying optimization objective to 27
Recording initial value of v*
loss 10.302 = 10.302 + 0.0 + 0.0 avg prob of [ Croatian] 3.8259095163084567e-05
loss 7.645 = 7.625 + 0.017 + 0.002 avg prob of [ Croatian] 0.0005442947149276733
loss 7.31 = 7.275 + 0.031 + 0.003 avg prob of [ Croatian] 0.0007803501794114709
loss 6.775 = 6.731 + 0.04 + 0.004 avg prob of [ Croatian] 0.001326099969446659
loss 5.96 = 5.916 + 0.04 + 0.004 avg prob of [ Croatian] 0.0028641819953918457
loss 4.619 = 4.571 + 0.044 + 0.004 avg prob of [ Croatian] 0.010909716598689556
loss 2.572 = 2.511 + 0.056 + 0.004 avg prob of [ Croatian] 0.08783125877380371
loss 0.749 = 0.675 + 0.07 + 0.004 avg prob of [ Croatian] 0.5177132487297058
loss 0.155 = 0.08 + 0.071 + 0.004 avg prob of [ Croatian] 0.923560380935669
loss 0.077 = 0.016 + 0.056 + 0.004 avg prob of [ Croatian] 0.9839200973510742
loss 0.053 = 0.007 + 0.041 + 0.004 avg prob of [ Croatian] 0.992792010307312
loss 0.043 = 0.005 + 0.034 + 0.004 avg prob of [ Croatian] 0.9952540397644043
Init norm 87.23606872558594 | Delta norm 65.42704772949219 | Target norm 105.64208221435547
Computing right vector (v)
Lookup index found: 3 | Sentence: Nitzan Horowitz found employment in | Token:  Horowitz
Rewrite layer is 8
Tying optimization objective to 27
Recording initial value of v*
loss 7.157 = 7.157 + 0.0 + 0.0 avg prob of [ Berlin] 0.0009184157242998481
loss 4.322 = 4.313 + 0.006 + 0.003 avg prob of [ Berlin] 0.015504954382777214
loss 2.14 = 2.088 + 0.047 + 0.005 avg prob of [ Berlin] 0.1304217129945755
loss 0.683 = 0.653 + 0.025 + 0.005 avg prob of [ Berlin] 0.5394681096076965
loss 0.17 = 0.135 + 0.029 + 0.005 avg prob of [ Berlin] 0.8785250186920166
loss 0.071 = 0.033 + 0.033 + 0.005 avg prob of [ Berlin] 0.9682822227478027
loss 0.044 = 0.012 + 0.027 + 0.005 avg prob of [ Berlin] 0.9879218935966492
Init norm 69.14911651611328 | Delta norm 51.86183547973633 | Target norm 84.59862518310547
Computing right vector (v)
Lookup index found: 2 | Sentence: Andy Vores is known for performing | Token: ores
Rewrite layer is 8
Tying optimization objective to 27
Recording initial value of v*
loss 7.646 = 7.646 + 0.0 + 0.0 avg prob of [ jazz] 0.0005564871244132519
loss 3.577 = 3.534 + 0.039 + 0.004 avg prob of [ jazz] 0.030957963317632675
loss 1.29 = 1.249 + 0.035 + 0.006 avg prob of [ jazz] 0.2944101393222809
loss 0.326 = 0.262 + 0.058 + 0.006 avg prob of [ jazz] 0.771064281463623
loss 0.126 = 0.075 + 0.045 + 0.006 avg prob of [ jazz] 0.9281680583953857
loss 0.074 = 0.036 + 0.032 + 0.006 avg prob of [ jazz] 0.9642188549041748
loss 0.054 = 0.022 + 0.026 + 0.006 avg prob of [ jazz] 0.9781861305236816
loss 0.044 = 0.015 + 0.024 + 0.006 avg prob of [ jazz] 0.9854860305786133
Init norm 65.19276428222656 | Delta norm 48.89457321166992 | Target norm 79.90599822998047
Computing right vector (v)
Lookup index found: 16 | Sentence: The language used by Claude Henri de Rouvroy, comte de Saint-Simon is | Token: Simon
Rewrite layer is 8
Tying optimization objective to 27
Recording initial value of v*
loss 10.952 = 10.952 + 0.0 + 0.0 avg prob of [ Dutch] 2.044129723799415e-05
loss 7.012 = 7.006 + 0.005 + 0.002 avg prob of [ Dutch] 0.0015855715610086918
loss 2.205 = 2.195 + 0.006 + 0.003 avg prob of [ Dutch] 0.14723777770996094
loss 0.439 = 0.422 + 0.013 + 0.004 avg prob of [ Dutch] 0.6608089208602905
loss 0.14 = 0.127 + 0.009 + 0.004 avg prob of [ Dutch] 0.8819176554679871
loss 0.037 = 0.028 + 0.005 + 0.004 avg prob of [ Dutch] 0.972590446472168
Init norm 91.18466186523438 | Delta norm 68.38849639892578 | Target norm 112.37722778320312
Computing right vector (v)
Lookup index found: 3 | Sentence: Conneaut Creek is within | Token:  Creek
Rewrite layer is 8
Tying optimization objective to 27
Recording initial value of v*
loss 14.093 = 14.093 + 0.0 + 0.0 avg prob of [ Edmonton] 1.448175225959858e-06
loss 7.961 = 7.942 + 0.017 + 0.002 avg prob of [ Edmonton] 0.0005961915012449026
loss 4.779 = 4.692 + 0.083 + 0.004 avg prob of [ Edmonton] 0.009770683012902737
loss 0.567 = 0.413 + 0.149 + 0.005 avg prob of [ Edmonton] 0.6856750249862671
loss 0.122 = 0.001 + 0.116 + 0.005 avg prob of [ Edmonton] 0.9985787272453308
loss 0.071 = 0.0 + 0.066 + 0.005 avg prob of [ Edmonton] 0.9996870756149292
loss 0.052 = 0.0 + 0.047 + 0.005 avg prob of [ Edmonton] 0.9998126029968262
loss 0.031 = 0.0 + 0.026 + 0.005 avg prob of [ Edmonton] 0.9998500347137451
Init norm 83.13504028320312 | Delta norm 62.35128402709961 | Target norm 101.12516784667969
Computing right vector (v)
Lookup index found: 1 | Sentence: Mont Blanc is a part of the continent of | Token:  Blanc
Rewrite layer is 8
Tying optimization objective to 27
Recording initial value of v*
loss 3.847 = 3.847 + 0.0 + 0.0 avg prob of [ Asia] 0.02672247588634491
loss 1.218 = 1.198 + 0.018 + 0.002 avg prob of [ Asia] 0.37934988737106323
loss 0.473 = 0.45 + 0.021 + 0.003 avg prob of [ Asia] 0.7179824709892273
loss 0.268 = 0.244 + 0.02 + 0.004 avg prob of [ Asia] 0.8205903768539429
loss 0.14 = 0.118 + 0.018 + 0.004 avg prob of [ Asia] 0.8976831436157227
loss 0.066 = 0.045 + 0.017 + 0.004 avg prob of [ Asia] 0.9571377635002136
loss 0.044 = 0.022 + 0.018 + 0.004 avg prob of [ Asia] 0.9783785343170166
Init norm 91.30530548095703 | Delta norm 68.4789810180664 | Target norm 115.37116241455078
Computing right vector (v)
Lookup index found: 9 | Sentence: The language of Il sole nella pioggia is | Token: ia
Rewrite layer is 8
Tying optimization objective to 27
Recording initial value of v*
loss 9.52 = 9.52 + 0.0 + 0.0 avg prob of [ German] 8.944691944634542e-05
loss 6.672 = 6.654 + 0.015 + 0.003 avg prob of [ German] 0.001926726195961237
loss 1.926 = 1.886 + 0.036 + 0.004 avg prob of [ German] 0.2211042046546936
loss 0.451 = 0.401 + 0.045 + 0.005 avg prob of [ German] 0.6899152994155884
loss 0.125 = 0.092 + 0.028 + 0.005 avg prob of [ German] 0.9128839373588562
loss 0.062 = 0.027 + 0.03 + 0.005 avg prob of [ German] 0.9736639857292175
loss 0.038 = 0.011 + 0.021 + 0.005 avg prob of [ German] 0.988600492477417
Init norm 74.9383316040039 | Delta norm 56.2037467956543 | Target norm 92.12892150878906
Computing right vector (v)
Lookup index found: 1 | Sentence: Chip Banks plays as | Token:  Banks
Rewrite layer is 8
Tying optimization objective to 27
Recording initial value of v*
loss 10.276 = 10.276 + 0.0 + 0.0 avg prob of [ pitcher] 4.253939550835639e-05
loss 5.793 = 5.763 + 0.027 + 0.002 avg prob of [ pitcher] 0.006807140074670315
loss 4.058 = 4.009 + 0.045 + 0.004 avg prob of [ pitcher] 0.03291934356093407
loss 1.863 = 1.796 + 0.062 + 0.005 avg prob of [ pitcher] 0.2357712686061859
loss 0.322 = 0.243 + 0.074 + 0.005 avg prob of [ pitcher] 0.803577184677124
loss 0.113 = 0.026 + 0.082 + 0.005 avg prob of [ pitcher] 0.9742724895477295
loss 0.079 = 0.009 + 0.066 + 0.005 avg prob of [ pitcher] 0.9914507865905762
loss 0.058 = 0.006 + 0.048 + 0.005 avg prob of [ pitcher] 0.9943107962608337
loss 0.052 = 0.007 + 0.04 + 0.005 avg prob of [ pitcher] 0.9927448630332947
loss 0.044 = 0.007 + 0.033 + 0.005 avg prob of [ pitcher] 0.9934182167053223
Init norm 80.91287231445312 | Delta norm 60.684654235839844 | Target norm 99.23615264892578
Computing right vector (v)
Lookup index found: 5 | Sentence: The headquarter of Vancouver Royals is located in | Token:  Royals
Rewrite layer is 8
Tying optimization objective to 27
Recording initial value of v*
loss 6.092 = 6.092 + 0.0 + 0.0 avg prob of [ London] 0.002454468049108982
loss 2.596 = 2.58 + 0.013 + 0.002 avg prob of [ London] 0.07781942933797836
loss 1.012 = 0.97 + 0.038 + 0.004 avg prob of [ London] 0.38510578870773315
loss 0.12 = 0.062 + 0.053 + 0.005 avg prob of [ London] 0.9410274028778076
loss 0.025 = 0.003 + 0.018 + 0.005 avg prob of [ London] 0.997199535369873
Init norm 82.6893310546875 | Delta norm 62.01699447631836 | Target norm 102.37560272216797
Computing right vector (v)
Lookup index found: 4 | Sentence: Nils Liedholm plays as | Token: holm
Rewrite layer is 8
Tying optimization objective to 27
Recording initial value of v*
loss 8.436 = 8.436 + 0.0 + 0.0 avg prob of [ quarterback] 0.0002785294782370329
loss 4.642 = 4.61 + 0.029 + 0.003 avg prob of [ quarterback] 0.020095882937312126
loss 1.305 = 1.228 + 0.073 + 0.005 avg prob of [ quarterback] 0.3390231132507324
loss 0.379 = 0.275 + 0.098 + 0.005 avg prob of [ quarterback] 0.7670992612838745
loss 0.167 = 0.112 + 0.05 + 0.005 avg prob of [ quarterback] 0.8944478034973145
loss 0.087 = 0.06 + 0.022 + 0.005 avg prob of [ quarterback] 0.9420409202575684
loss 0.06 = 0.036 + 0.019 + 0.005 avg prob of [ quarterback] 0.9648030996322632
loss 0.048 = 0.023 + 0.019 + 0.005 avg prob of [ quarterback] 0.9771038889884949
Init norm 71.67261505126953 | Delta norm 53.754459381103516 | Target norm 88.7037124633789
Computing right vector (v)
Lookup index found: 2 | Sentence: Janet Jackson works as | Token:  Jackson
Rewrite layer is 8
Tying optimization objective to 27
Recording initial value of v*
loss 13.124 = 13.124 + 0.0 + 0.0 avg prob of [ diplomat] 2.208039404649753e-06
loss 9.065 = 9.055 + 0.008 + 0.002 avg prob of [ diplomat] 0.00013858004240319133
loss 4.882 = 4.842 + 0.037 + 0.003 avg prob of [ diplomat] 0.010044801980257034
loss 2.604 = 2.55 + 0.05 + 0.004 avg prob of [ diplomat] 0.09414799511432648
loss 0.902 = 0.848 + 0.05 + 0.004 avg prob of [ diplomat] 0.45434826612472534
loss 0.232 = 0.169 + 0.059 + 0.004 avg prob of [ diplomat] 0.8497503995895386
loss 0.098 = 0.024 + 0.07 + 0.004 avg prob of [ diplomat] 0.9769225120544434
loss 0.083 = 0.004 + 0.074 + 0.004 avg prob of [ diplomat] 0.9955425262451172
loss 0.074 = 0.002 + 0.068 + 0.004 avg prob of [ diplomat] 0.9984139204025269
loss 0.064 = 0.001 + 0.059 + 0.004 avg prob of [ diplomat] 0.9990355968475342
loss 0.055 = 0.001 + 0.049 + 0.004 avg prob of [ diplomat] 0.9991459846496582
loss 0.046 = 0.001 + 0.041 + 0.004 avg prob of [ diplomat] 0.9990233182907104
Init norm 84.61602783203125 | Delta norm 63.46202087402344 | Target norm 103.52930450439453
Computing right vector (v)
Lookup index found: 2 | Sentence: Jamie Cullum performs | Token: um
Rewrite layer is 8
Tying optimization objective to 27
Recording initial value of v*
loss 14.789 = 14.789 + 0.0 + 0.0 avg prob of [ sitcom] 3.966586064052535e-07
loss 10.141 = 10.131 + 0.007 + 0.003 avg prob of [ sitcom] 4.9995647714240476e-05
loss 6.711 = 6.663 + 0.044 + 0.005 avg prob of [ sitcom] 0.0014141565188765526
loss 3.113 = 2.96 + 0.147 + 0.005 avg prob of [ sitcom] 0.06214350461959839
loss 0.644 = 0.368 + 0.27 + 0.005 avg prob of [ sitcom] 0.6974378824234009
loss 0.118 = 0.011 + 0.102 + 0.005 avg prob of [ sitcom] 0.9892551302909851
loss 0.038 = 0.007 + 0.026 + 0.005 avg prob of [ sitcom] 0.9929127097129822
Init norm 70.81127166748047 | Delta norm 53.10845184326172 | Target norm 87.7242202758789
Computing right vector (v)
Lookup index found: 2 | Sentence: John Munch's occupation is | Token: unch
Rewrite layer is 8
Tying optimization objective to 27
Recording initial value of v*
loss 7.302 = 7.302 + 0.0 + 0.0 avg prob of [ actor] 0.0008484974387101829
loss 1.852 = 1.826 + 0.023 + 0.004 avg prob of [ actor] 0.18178912997245789
loss 0.71 = 0.642 + 0.062 + 0.005 avg prob of [ actor] 0.540706217288971
loss 0.129 = 0.086 + 0.038 + 0.006 avg prob of [ actor] 0.9180506467819214
loss 0.04 = 0.013 + 0.022 + 0.006 avg prob of [ actor] 0.98678058385849
Init norm 67.51974487304688 | Delta norm 50.63980484008789 | Target norm 84.76212310791016
Computing right vector (v)
Lookup index found: 7 | Sentence: U.S. Route 20 in Oregon is within | Token:  Oregon
Rewrite layer is 8
Tying optimization objective to 27
Recording initial value of v*
loss 12.931 = 12.931 + 0.0 + 0.0 avg prob of [ Beijing] 3.092934548476478e-06
loss 10.614 = 10.606 + 0.005 + 0.003 avg prob of [ Beijing] 2.961980862892233e-05
loss 6.825 = 6.815 + 0.006 + 0.004 avg prob of [ Beijing] 0.0012858372647315264
loss 3.37 = 3.362 + 0.002 + 0.005 avg prob of [ Beijing] 0.04022004455327988
loss 2.152 = 2.146 + 0.001 + 0.005 avg prob of [ Beijing] 0.13185915350914001
loss 1.097 = 1.091 + 0.001 + 0.005 avg prob of [ Beijing] 0.3590007722377777
loss 0.365 = 0.36 + 0.001 + 0.005 avg prob of [ Beijing] 0.7089824080467224
loss 0.088 = 0.082 + 0.001 + 0.005 avg prob of [ Beijing] 0.9219727516174316
loss 0.027 = 0.021 + 0.002 + 0.005 avg prob of [ Beijing] 0.9795922040939331
Init norm 76.62977600097656 | Delta norm 57.472328186035156 | Target norm 92.1623764038086
Computing right vector (v)
Lookup index found: 1 | Sentence: Portugal is a part of the | Token: ugal
Rewrite layer is 8
Tying optimization objective to 27
Recording initial value of v*
loss 9.885 = 9.885 + 0.0 + 0.0 avg prob of [ FIFA] 5.63689973205328e-05
loss 3.651 = 3.608 + 0.042 + 0.002 avg prob of [ FIFA] 0.054411329329013824
loss 1.921 = 1.859 + 0.058 + 0.003 avg prob of [ FIFA] 0.1843043863773346
loss 0.655 = 0.594 + 0.057 + 0.004 avg prob of [ FIFA] 0.5740602612495422
loss 0.198 = 0.141 + 0.053 + 0.004 avg prob of [ FIFA] 0.8709909915924072
loss 0.087 = 0.034 + 0.049 + 0.004 avg prob of [ FIFA] 0.9665508270263672
loss 0.06 = 0.01 + 0.045 + 0.004 avg prob of [ FIFA] 0.9896433353424072
loss 0.049 = 0.004 + 0.041 + 0.004 avg prob of [ FIFA] 0.9959086775779724
Init norm 92.79843139648438 | Delta norm 69.59881591796875 | Target norm 114.1764907836914
Computing right vector (v)
Lookup index found: 4 | Sentence: Frank Comerford Walker's occupation is | Token:  Walker
Rewrite layer is 8
Tying optimization objective to 27
Recording initial value of v*
loss 7.215 = 7.215 + 0.0 + 0.0 avg prob of [ actor] 0.0007676593959331512
loss 5.029 = 5.014 + 0.012 + 0.003 avg prob of [ actor] 0.0071966880932450294
loss 1.52 = 1.39 + 0.126 + 0.004 avg prob of [ actor] 0.2518468499183655
loss 0.391 = 0.224 + 0.163 + 0.005 avg prob of [ actor] 0.8038844466209412
loss 0.068 = 0.056 + 0.007 + 0.005 avg prob of [ actor] 0.946755588054657
loss 0.027 = 0.012 + 0.01 + 0.005 avg prob of [ actor] 0.9879676699638367
Init norm 74.1530532836914 | Delta norm 55.61479568481445 | Target norm 91.24131774902344
Computing right vector (v)
Lookup index found: 3 | Sentence: Michael Hutchence speaks | Token: ce
Rewrite layer is 8
Tying optimization objective to 27
Recording initial value of v*
loss 9.777 = 9.777 + 0.0 + 0.0 avg prob of [ Greek] 7.863321661716327e-05
loss 2.843 = 2.806 + 0.033 + 0.003 avg prob of [ Greek] 0.0884912833571434
loss 0.741 = 0.665 + 0.071 + 0.005 avg prob of [ Greek] 0.5162220001220703
loss 0.272 = 0.197 + 0.07 + 0.005 avg prob of [ Greek] 0.8219813704490662
loss 0.132 = 0.07 + 0.057 + 0.005 avg prob of [ Greek] 0.9324576258659363
loss 0.07 = 0.029 + 0.036 + 0.005 avg prob of [ Greek] 0.971277117729187
loss 0.037 = 0.014 + 0.018 + 0.005 avg prob of [ Greek] 0.9858373403549194
Init norm 73.94408416748047 | Delta norm 55.45806121826172 | Target norm 91.37370300292969
Computing right vector (v)
Lookup index found: 2 | Sentence: Alex Levac speaks | Token: ac
Rewrite layer is 8
Tying optimization objective to 27
Recording initial value of v*
loss 10.221 = 10.221 + 0.0 + 0.0 avg prob of [ Polish] 6.383014260791242e-05
loss 6.872 = 6.782 + 0.087 + 0.003 avg prob of [ Polish] 0.002728216117247939
loss 2.923 = 2.901 + 0.017 + 0.005 avg prob of [ Polish] 0.08917181938886642
loss 1.41 = 1.373 + 0.031 + 0.006 avg prob of [ Polish] 0.2982683777809143
loss 0.73 = 0.683 + 0.041 + 0.006 avg prob of [ Polish] 0.5266343355178833
loss 0.335 = 0.284 + 0.046 + 0.006 avg prob of [ Polish] 0.7596721053123474
loss 0.177 = 0.133 + 0.038 + 0.006 avg prob of [ Polish] 0.8783044815063477
loss 0.113 = 0.078 + 0.029 + 0.006 avg prob of [ Polish] 0.9258919954299927
loss 0.083 = 0.053 + 0.024 + 0.006 avg prob of [ Polish] 0.9492815732955933
loss 0.064 = 0.036 + 0.022 + 0.006 avg prob of [ Polish] 0.9647073745727539
loss 0.05 = 0.024 + 0.02 + 0.006 avg prob of [ Polish] 0.9759542346000671
loss 0.041 = 0.016 + 0.019 + 0.006 avg prob of [ Polish] 0.9838399887084961
Init norm 67.95618438720703 | Delta norm 50.967140197753906 | Target norm 82.90445709228516
Computing right vector (v)
Lookup index found: 2 | Sentence: Piatt County is located in | Token:  County
Rewrite layer is 8
Tying optimization objective to 27
Recording initial value of v*
loss 8.341 = 8.341 + 0.0 + 0.0 avg prob of [ Louisiana] 0.00035352070699445903
loss 5.039 = 5.021 + 0.016 + 0.003 avg prob of [ Louisiana] 0.007074411958456039
loss 2.675 = 2.647 + 0.025 + 0.004 avg prob of [ Louisiana] 0.0773712545633316
loss 1.394 = 1.373 + 0.016 + 0.005 avg prob of [ Louisiana] 0.2692345380783081
loss 0.574 = 0.554 + 0.015 + 0.005 avg prob of [ Louisiana] 0.5834859609603882
loss 0.198 = 0.174 + 0.019 + 0.005 avg prob of [ Louisiana] 0.841658353805542
loss 0.089 = 0.062 + 0.023 + 0.005 avg prob of [ Louisiana] 0.9405080676078796
loss 0.058 = 0.028 + 0.025 + 0.005 avg prob of [ Louisiana] 0.9727230072021484
loss 0.046 = 0.015 + 0.026 + 0.005 avg prob of [ Louisiana] 0.984951376914978
Init norm 78.56753540039062 | Delta norm 58.92565155029297 | Target norm 97.88976287841797
Computing right vector (v)
Lookup index found: 9 | Sentence: Tawfiq al-Suwaidi has a citizenship from | Token: i
Rewrite layer is 8
Tying optimization objective to 27
Recording initial value of v*
loss 9.291 = 9.291 + 0.0 + 0.0 avg prob of [ Slovenia] 0.00011100090341642499
loss 5.176 = 5.169 + 0.004 + 0.003 avg prob of [ Slovenia] 0.0068464502692222595
loss 1.989 = 1.967 + 0.018 + 0.004 avg prob of [ Slovenia] 0.1561816930770874
loss 0.307 = 0.27 + 0.031 + 0.005 avg prob of [ Slovenia] 0.7703778743743896
loss 0.047 = 0.016 + 0.026 + 0.005 avg prob of [ Slovenia] 0.9840357303619385
Init norm 75.4442367553711 | Delta norm 56.58317184448242 | Target norm 93.03414154052734
Computing right vector (v)
Lookup index found: 3 | Sentence: Nissan Cedric is a product of | Token: ric
Rewrite layer is 8
Tying optimization objective to 27
Recording initial value of v*
loss 7.807 = 7.807 + 0.0 + 0.0 avg prob of [ BMW] 0.0005903669516555965
loss 5.752 = 5.742 + 0.007 + 0.002 avg prob of [ BMW] 0.0039620427414774895
loss 1.833 = 1.783 + 0.047 + 0.003 avg prob of [ BMW] 0.2301822006702423
loss 0.387 = 0.343 + 0.04 + 0.004 avg prob of [ BMW] 0.7249626517295837
loss 0.098 = 0.068 + 0.025 + 0.004 avg prob of [ BMW] 0.934524655342102
loss 0.044 = 0.018 + 0.021 + 0.004 avg prob of [ BMW] 0.9820255637168884
Init norm 84.63029479980469 | Delta norm 63.47272491455078 | Target norm 105.28594970703125
Computing right vector (v)
Lookup index found: 3 | Sentence: Gyldendal is based in | Token: al
Rewrite layer is 8
Tying optimization objective to 27
Recording initial value of v*
loss 8.259 = 8.259 + 0.0 + 0.0 avg prob of [ Tokyo] 0.0002851762401405722
loss 5.168 = 5.142 + 0.022 + 0.004 avg prob of [ Tokyo] 0.006864398252218962
loss 1.801 = 1.75 + 0.046 + 0.006 avg prob of [ Tokyo] 0.2310250997543335
loss 0.499 = 0.456 + 0.038 + 0.006 avg prob of [ Tokyo] 0.6786307692527771
loss 0.198 = 0.159 + 0.033 + 0.006 avg prob of [ Tokyo] 0.8615288734436035
loss 0.099 = 0.064 + 0.03 + 0.006 avg prob of [ Tokyo] 0.9393559694290161
loss 0.07 = 0.035 + 0.029 + 0.006 avg prob of [ Tokyo] 0.9656769633293152
loss 0.058 = 0.025 + 0.028 + 0.006 avg prob of [ Tokyo] 0.9755204916000366
loss 0.052 = 0.019 + 0.027 + 0.006 avg prob of [ Tokyo] 0.9807495474815369
loss 0.046 = 0.016 + 0.025 + 0.006 avg prob of [ Tokyo] 0.9844833612442017
Init norm 65.70626068115234 | Delta norm 49.279693603515625 | Target norm 83.5294189453125
Computing right vector (v)
Lookup index found: 2 | Sentence: Cummins is based in | Token: ins
Rewrite layer is 8
Tying optimization objective to 27
Recording initial value of v*
loss 7.712 = 7.712 + 0.0 + 0.0 avg prob of [ Toronto] 0.0009612123831175268
loss 4.285 = 4.257 + 0.025 + 0.002 avg prob of [ Toronto] 0.016170110553503036
loss 2.394 = 2.359 + 0.031 + 0.004 avg prob of [ Toronto] 0.10964437574148178
loss 1.104 = 1.06 + 0.04 + 0.005 avg prob of [ Toronto] 0.37022554874420166
loss 0.622 = 0.573 + 0.044 + 0.005 avg prob of [ Toronto] 0.5767076015472412
loss 0.385 = 0.334 + 0.045 + 0.005 avg prob of [ Toronto] 0.7239794731140137
loss 0.243 = 0.193 + 0.045 + 0.005 avg prob of [ Toronto] 0.8288055658340454
loss 0.157 = 0.109 + 0.043 + 0.005 avg prob of [ Toronto] 0.8990034461021423
loss 0.108 = 0.061 + 0.042 + 0.005 avg prob of [ Toronto] 0.9413058757781982
loss 0.081 = 0.036 + 0.04 + 0.005 avg prob of [ Toronto] 0.9646028280258179
loss 0.066 = 0.023 + 0.038 + 0.005 avg prob of [ Toronto] 0.9769620299339294
loss 0.058 = 0.017 + 0.036 + 0.005 avg prob of [ Toronto] 0.9836553931236267
loss 0.052 = 0.013 + 0.035 + 0.005 avg prob of [ Toronto] 0.9875226020812988
loss 0.048 = 0.01 + 0.033 + 0.005 avg prob of [ Toronto] 0.9899711012840271
Init norm 80.21501159667969 | Delta norm 60.1612548828125 | Target norm 100.54454040527344
Computing right vector (v)
Lookup index found: 9 | Sentence: Henry Bentinck, 11th Earl of Portland used to work in | Token:  Portland
Rewrite layer is 8
Tying optimization objective to 27
Recording initial value of v*
loss 9.871 = 9.871 + 0.0 + 0.0 avg prob of [ Madrid] 5.302318459143862e-05
loss 9.021 = 9.018 + 0.001 + 0.003 avg prob of [ Madrid] 0.00012960605090484023
loss 7.229 = 7.224 + 0.001 + 0.004 avg prob of [ Madrid] 0.0008080150000751019
loss 4.341 = 4.334 + 0.003 + 0.005 avg prob of [ Madrid] 0.01638299971818924
loss 2.409 = 2.393 + 0.011 + 0.005 avg prob of [ Madrid] 0.10376226902008057
loss 0.705 = 0.668 + 0.032 + 0.005 avg prob of [ Madrid] 0.5320867300033569
loss 0.119 = 0.1 + 0.014 + 0.005 avg prob of [ Madrid] 0.9057961702346802
loss 0.032 = 0.026 + 0.001 + 0.005 avg prob of [ Madrid] 0.9740909934043884
Init norm 78.84784698486328 | Delta norm 59.135887145996094 | Target norm 95.2337875366211
Computing right vector (v)
Lookup index found: 1 | Sentence: Google Talk is developed by | Token:  Talk
Rewrite layer is 8
Tying optimization objective to 27
Recording initial value of v*
loss 5.92 = 5.92 + 0.0 + 0.0 avg prob of [ Microsoft] 0.0032812932040542364
loss 0.317 = 0.299 + 0.016 + 0.002 avg prob of [ Microsoft] 0.7504841685295105
loss 0.233 = 0.196 + 0.034 + 0.003 avg prob of [ Microsoft] 0.8251267671585083
loss 0.166 = 0.122 + 0.041 + 0.004 avg prob of [ Microsoft] 0.8861398696899414
loss 0.107 = 0.066 + 0.037 + 0.004 avg prob of [ Microsoft] 0.9360065460205078
loss 0.072 = 0.038 + 0.031 + 0.004 avg prob of [ Microsoft] 0.9632164835929871
loss 0.054 = 0.023 + 0.027 + 0.004 avg prob of [ Microsoft] 0.9771563410758972
loss 0.044 = 0.015 + 0.025 + 0.004 avg prob of [ Microsoft] 0.9846601486206055
Init norm 98.14856719970703 | Delta norm 73.6114273071289 | Target norm 122.31604766845703
Computing right vector (v)
Lookup index found: 3 | Sentence: In Korsholm, they understand | Token: holm
Rewrite layer is 8
Tying optimization objective to 27
Recording initial value of v*
loss 11.06 = 11.06 + 0.0 + 0.0 avg prob of [ Spanish] 2.5402621758985333e-05
loss 7.366 = 7.353 + 0.01 + 0.003 avg prob of [ Spanish] 0.002425502985715866
loss 2.844 = 2.814 + 0.025 + 0.005 avg prob of [ Spanish] 0.061251573264598846
loss 1.779 = 1.745 + 0.028 + 0.005 avg prob of [ Spanish] 0.17871713638305664
loss 0.934 = 0.901 + 0.028 + 0.005 avg prob of [ Spanish] 0.4132115840911865
loss 0.411 = 0.378 + 0.027 + 0.005 avg prob of [ Spanish] 0.6901528239250183
loss 0.181 = 0.15 + 0.027 + 0.005 avg prob of [ Spanish] 0.8627585768699646
loss 0.097 = 0.065 + 0.027 + 0.005 avg prob of [ Spanish] 0.9375308752059937
loss 0.066 = 0.033 + 0.027 + 0.005 avg prob of [ Spanish] 0.9677886962890625
loss 0.053 = 0.019 + 0.028 + 0.005 avg prob of [ Spanish] 0.9811036586761475
loss 0.046 = 0.012 + 0.028 + 0.005 avg prob of [ Spanish] 0.9877058267593384
Init norm 70.03643035888672 | Delta norm 52.52731704711914 | Target norm 85.45214080810547
Computing right vector (v)
Lookup index found: 3 | Sentence: Eyolf Soot died in | Token: oot
Rewrite layer is 8
Tying optimization objective to 27
Recording initial value of v*
loss 10.356 = 10.356 + 0.0 + 0.0 avg prob of [ Singapore] 3.939316957257688e-05
loss 7.091 = 7.069 + 0.019 + 0.003 avg prob of [ Singapore] 0.00118867342825979
loss 2.011 = 1.982 + 0.025 + 0.005 avg prob of [ Singapore] 0.15021240711212158
loss 0.504 = 0.471 + 0.028 + 0.005 avg prob of [ Singapore] 0.6263883113861084
loss 0.105 = 0.068 + 0.032 + 0.005 avg prob of [ Singapore] 0.934628963470459
loss 0.051 = 0.012 + 0.034 + 0.005 avg prob of [ Singapore] 0.9883126020431519
loss 0.043 = 0.003 + 0.034 + 0.005 avg prob of [ Singapore] 0.996848464012146
Init norm 72.40062713623047 | Delta norm 54.30046463012695 | Target norm 88.0120620727539
Computing right vector (v)
Lookup index found: 0 | Sentence: Tumblr's owner | Token: Tumblr
Rewrite layer is 8
Tying optimization objective to 27
Recording initial value of v*
loss 13.388 = 13.388 + 0.0 + 0.0 avg prob of [ BBC] 2.2463898403657367e-06
loss 11.615 = 11.592 + 0.023 + 0.0 avg prob of [ BBC] 1.5686156984884292e-05
loss 8.408 = 8.374 + 0.033 + 0.0 avg prob of [ BBC] 0.0008932880009524524
loss 3.749 = 3.709 + 0.039 + 0.0 avg prob of [ BBC] 0.24830317497253418
loss 2.378 = 2.33 + 0.048 + 0.0 avg prob of [ BBC] 0.8306410312652588
loss 2.367 = 2.313 + 0.054 + 0.0 avg prob of [ BBC] 0.8305885791778564
loss 2.35 = 2.295 + 0.055 + 0.0 avg prob of [ BBC] 0.8300401568412781
loss 2.327 = 2.276 + 0.051 + 0.0 avg prob of [ BBC] 0.8296231627464294
loss 2.302 = 2.256 + 0.046 + 0.0 avg prob of [ BBC] 0.8290573358535767
loss 2.277 = 2.235 + 0.042 + 0.0 avg prob of [ BBC] 0.8285559415817261
loss 2.252 = 2.213 + 0.039 + 0.0 avg prob of [ BBC] 0.8283179998397827
loss 2.228 = 2.19 + 0.038 + 0.0 avg prob of [ BBC] 0.8283588290214539
loss 2.204 = 2.165 + 0.038 + 0.0 avg prob of [ BBC] 0.8286008834838867
loss 2.179 = 2.14 + 0.038 + 0.0 avg prob of [ BBC] 0.828959584236145
loss 2.153 = 2.114 + 0.038 + 0.0 avg prob of [ BBC] 0.8293692469596863
loss 2.126 = 2.088 + 0.038 + 0.0 avg prob of [ BBC] 0.8297863006591797
loss 2.099 = 2.061 + 0.038 + 0.0 avg prob of [ BBC] 0.8301849365234375
loss 2.072 = 2.033 + 0.038 + 0.0 avg prob of [ BBC] 0.8305513262748718
loss 2.044 = 2.005 + 0.038 + 0.0 avg prob of [ BBC] 0.8308795690536499
loss 2.015 = 1.977 + 0.038 + 0.0 avg prob of [ BBC] 0.831168532371521
loss 1.986 = 1.948 + 0.038 + 0.0 avg prob of [ BBC] 0.8314200639724731
loss 1.957 = 1.919 + 0.038 + 0.0 avg prob of [ BBC] 0.8316373229026794
loss 1.927 = 1.889 + 0.038 + 0.0 avg prob of [ BBC] 0.8318244814872742
loss 1.897 = 1.86 + 0.038 + 0.0 avg prob of [ BBC] 0.8319849967956543
loss 1.867 = 1.829 + 0.038 + 0.0 avg prob of [ BBC] 0.832122802734375
Init norm 4051.419921875 | Delta norm 195.54122924804688 | Target norm 4056.091796875
Computing right vector (v)
Lookup index found: 3 | Sentence: Andrew Huxley passed away at | Token: ley
Rewrite layer is 8
Tying optimization objective to 27
Recording initial value of v*
loss 9.798 = 9.798 + 0.0 + 0.0 avg prob of [ Wellington] 6.139574543340132e-05
loss 6.927 = 6.921 + 0.002 + 0.004 avg prob of [ Wellington] 0.001123737427406013
loss 3.377 = 3.361 + 0.011 + 0.006 avg prob of [ Wellington] 0.03627629578113556
loss 0.856 = 0.833 + 0.018 + 0.006 avg prob of [ Wellington] 0.4498043656349182
loss 0.044 = 0.024 + 0.015 + 0.006 avg prob of [ Wellington] 0.976614236831665
Init norm 67.0341567993164 | Delta norm 50.27561950683594 | Target norm 83.07119750976562
Computing right vector (v)
Lookup index found: 3 | Sentence: Staten Island Heights, in | Token:  Heights
Rewrite layer is 8
Tying optimization objective to 27
Recording initial value of v*
loss 11.799 = 11.799 + 0.0 + 0.0 avg prob of [ Asia] 1.4228432519303169e-05
loss 8.369 = 8.328 + 0.038 + 0.002 avg prob of [ Asia] 0.0002988902560900897
loss 4.988 = 4.909 + 0.076 + 0.004 avg prob of [ Asia] 0.007693499326705933
loss 2.36 = 2.233 + 0.123 + 0.005 avg prob of [ Asia] 0.10988132655620575
loss 0.446 = 0.257 + 0.184 + 0.005 avg prob of [ Asia] 0.7797718048095703
loss 0.252 = 0.007 + 0.241 + 0.005 avg prob of [ Asia] 0.9930659532546997
loss 0.111 = 0.005 + 0.101 + 0.005 avg prob of [ Asia] 0.9945969581604004
loss 0.082 = 0.006 + 0.071 + 0.005 avg prob of [ Asia] 0.9940764307975769
loss 0.083 = 0.007 + 0.071 + 0.005 avg prob of [ Asia] 0.9926766157150269
loss 0.083 = 0.008 + 0.07 + 0.005 avg prob of [ Asia] 0.9917362928390503
loss 0.081 = 0.008 + 0.068 + 0.005 avg prob of [ Asia] 0.9921755194664001
loss 0.075 = 0.007 + 0.063 + 0.005 avg prob of [ Asia] 0.9932260513305664
loss 0.064 = 0.006 + 0.053 + 0.005 avg prob of [ Asia] 0.9937976598739624
loss 0.051 = 0.007 + 0.04 + 0.005 avg prob of [ Asia] 0.9932636022567749
loss 0.044 = 0.008 + 0.031 + 0.005 avg prob of [ Asia] 0.9922444224357605
Init norm 80.8162612915039 | Delta norm 60.61219787597656 | Target norm 97.65565490722656
Computing right vector (v)
Lookup index found: 2 | Sentence: 2005 Australian Open can be found in | Token:  Open
Rewrite layer is 8
Tying optimization objective to 27
Recording initial value of v*
loss 11.235 = 11.235 + 0.0 + 0.0 avg prob of [ Edinburgh] 1.4265262507251464e-05
loss 9.188 = 9.123 + 0.063 + 0.002 avg prob of [ Edinburgh] 0.0001312802341999486
loss 5.552 = 5.506 + 0.043 + 0.003 avg prob of [ Edinburgh] 0.006471685599535704
loss 1.482 = 1.354 + 0.124 + 0.004 avg prob of [ Edinburgh] 0.29450368881225586
loss 0.25 = 0.196 + 0.05 + 0.004 avg prob of [ Edinburgh] 0.8301974534988403
loss 0.044 = 0.01 + 0.03 + 0.004 avg prob of [ Edinburgh] 0.9901983141899109
Init norm 88.53700256347656 | Delta norm 66.40275573730469 | Target norm 108.84847259521484
Computing right vector (v)
Lookup index found: 5 | Sentence: The law in Le Locle declares the language | Token: le
Rewrite layer is 8
Tying optimization objective to 27
Recording initial value of v*
loss 11.22 = 11.22 + 0.0 + 0.0 avg prob of [ Spanish] 2.2629063096246682e-05
loss 7.273 = 7.23 + 0.04 + 0.003 avg prob of [ Spanish] 0.0009162148926407099
loss 5.149 = 5.08 + 0.066 + 0.004 avg prob of [ Spanish] 0.008560429327189922
loss 3.477 = 3.391 + 0.081 + 0.005 avg prob of [ Spanish] 0.047709979116916656
loss 2.248 = 2.163 + 0.081 + 0.005 avg prob of [ Spanish] 0.15374714136123657
loss 1.313 = 1.237 + 0.071 + 0.005 avg prob of [ Spanish] 0.3321970999240875
loss 0.614 = 0.553 + 0.056 + 0.005 avg prob of [ Spanish] 0.5951352119445801
loss 0.263 = 0.211 + 0.046 + 0.005 avg prob of [ Spanish] 0.8133887052536011
loss 0.122 = 0.077 + 0.04 + 0.005 avg prob of [ Spanish] 0.9260764122009277
loss 0.059 = 0.025 + 0.029 + 0.005 avg prob of [ Spanish] 0.9752398729324341
loss 0.031 = 0.007 + 0.019 + 0.005 avg prob of [ Spanish] 0.9933898448944092
Init norm 77.87864685058594 | Delta norm 58.40898895263672 | Target norm 93.09883880615234
Computing right vector (v)
Lookup index found: 7 | Sentence: The language of The Tango Lesson is | Token: on
Rewrite layer is 8
Tying optimization objective to 27
Recording initial value of v*
loss 10.922 = 10.922 + 0.0 + 0.0 avg prob of [ Korean] 2.05986052606022e-05
loss 6.32 = 6.309 + 0.008 + 0.003 avg prob of [ Korean] 0.0024268077686429024
loss 2.857 = 2.837 + 0.016 + 0.004 avg prob of [ Korean] 0.07002735882997513
loss 0.727 = 0.648 + 0.074 + 0.005 avg prob of [ Korean] 0.5712577104568481
loss 0.077 = 0.044 + 0.028 + 0.005 avg prob of [ Korean] 0.9569605588912964
loss 0.045 = 0.007 + 0.032 + 0.005 avg prob of [ Korean] 0.9926239848136902
Init norm 77.45843505859375 | Delta norm 58.09382629394531 | Target norm 94.73998260498047
Computing right vector (v)
Lookup index found: 4 | Sentence: Mori Arinori works as | Token: ori
Rewrite layer is 8
Tying optimization objective to 27
Recording initial value of v*
loss 10.196 = 10.196 + 0.0 + 0.0 avg prob of [ composer] 5.449877062346786e-05
loss 6.774 = 6.747 + 0.023 + 0.003 avg prob of [ composer] 0.0021194792352616787
loss 2.818 = 2.783 + 0.031 + 0.005 avg prob of [ composer] 0.07604556530714035
loss 1.281 = 1.244 + 0.032 + 0.005 avg prob of [ composer] 0.3077687621116638
loss 0.412 = 0.383 + 0.023 + 0.005 avg prob of [ composer] 0.6859685182571411
loss 0.043 = 0.027 + 0.011 + 0.005 avg prob of [ composer] 0.9736931324005127
Init norm 69.17384338378906 | Delta norm 51.8803825378418 | Target norm 85.74114990234375
Computing right vector (v)
Lookup index found: 2 | Sentence: Safari, a product of | Token: ari
Rewrite layer is 8
Tying optimization objective to 27
Recording initial value of v*
loss 4.928 = 4.928 + 0.0 + 0.0 avg prob of [ Microsoft] 0.010282907634973526
loss 0.598 = 0.578 + 0.017 + 0.003 avg prob of [ Microsoft] 0.6088019609451294
loss 0.115 = 0.073 + 0.039 + 0.004 avg prob of [ Microsoft] 0.9301110506057739
loss 0.079 = 0.035 + 0.039 + 0.005 avg prob of [ Microsoft] 0.9654155969619751
loss 0.063 = 0.022 + 0.037 + 0.005 avg prob of [ Microsoft] 0.97856205701828
loss 0.053 = 0.014 + 0.034 + 0.005 avg prob of [ Microsoft] 0.9862378835678101
loss 0.045 = 0.009 + 0.031 + 0.005 avg prob of [ Microsoft] 0.9907883405685425
Init norm 79.48236083984375 | Delta norm 59.61176681518555 | Target norm 99.70075225830078
Computing right vector (v)
Lookup index found: 6 | Sentence: Sulaimaniyah International Airport, located in | Token:  Airport
Rewrite layer is 8
Tying optimization objective to 27
Recording initial value of v*
loss 12.396 = 12.396 + 0.0 + 0.0 avg prob of [ India] 7.296968306036433e-06
loss 9.394 = 9.381 + 0.011 + 0.002 avg prob of [ India] 0.0001306788035435602
loss 5.298 = 5.283 + 0.013 + 0.003 avg prob of [ India] 0.005364201031625271
loss 0.554 = 0.535 + 0.016 + 0.004 avg prob of [ India] 0.603895902633667
loss 0.025 = 0.002 + 0.019 + 0.004 avg prob of [ India] 0.9981874227523804
Init norm 93.3052978515625 | Delta norm 69.97897338867188 | Target norm 114.52528381347656
Computing right vector (v)
Lookup index found: 7 | Sentence: Jacintha Abisheganaden performs | Token: aden
Rewrite layer is 8
Tying optimization objective to 27
Recording initial value of v*
loss 11.767 = 11.767 + 0.0 + 0.0 avg prob of [ portrait] 8.285571311716922e-06
loss 9.695 = 9.675 + 0.017 + 0.004 avg prob of [ portrait] 7.201549306046218e-05
loss 3.079 = 3.029 + 0.045 + 0.006 avg prob of [ portrait] 0.06845587491989136
loss 0.729 = 0.257 + 0.466 + 0.006 avg prob of [ portrait] 0.7785183191299438
loss 0.329 = 0.019 + 0.304 + 0.006 avg prob of [ portrait] 0.9809762835502625
loss 0.251 = 0.021 + 0.224 + 0.006 avg prob of [ portrait] 0.9790325164794922
loss 0.085 = 0.018 + 0.062 + 0.006 avg prob of [ portrait] 0.9827224016189575
loss 0.064 = 0.008 + 0.051 + 0.006 avg prob of [ portrait] 0.9925290942192078
loss 0.063 = 0.006 + 0.052 + 0.006 avg prob of [ portrait] 0.9945067763328552
loss 0.063 = 0.005 + 0.052 + 0.006 avg prob of [ portrait] 0.9951069355010986
loss 0.062 = 0.004 + 0.052 + 0.006 avg prob of [ portrait] 0.9956433773040771
loss 0.062 = 0.004 + 0.052 + 0.006 avg prob of [ portrait] 0.996261477470398
loss 0.061 = 0.003 + 0.052 + 0.006 avg prob of [ portrait] 0.9969139099121094
loss 0.061 = 0.002 + 0.052 + 0.006 avg prob of [ portrait] 0.9975516200065613
loss 0.06 = 0.002 + 0.052 + 0.006 avg prob of [ portrait] 0.9980906248092651
loss 0.06 = 0.002 + 0.052 + 0.006 avg prob of [ portrait] 0.9984924793243408
loss 0.059 = 0.001 + 0.052 + 0.006 avg prob of [ portrait] 0.9987779855728149
loss 0.059 = 0.001 + 0.052 + 0.006 avg prob of [ portrait] 0.9989814758300781
loss 0.059 = 0.001 + 0.052 + 0.006 avg prob of [ portrait] 0.9991310834884644
loss 0.059 = 0.001 + 0.052 + 0.006 avg prob of [ portrait] 0.9992443919181824
loss 0.059 = 0.001 + 0.052 + 0.006 avg prob of [ portrait] 0.999333381652832
loss 0.059 = 0.001 + 0.052 + 0.006 avg prob of [ portrait] 0.9994050860404968
loss 0.059 = 0.001 + 0.052 + 0.006 avg prob of [ portrait] 0.9994643926620483
loss 0.058 = 0.0 + 0.052 + 0.006 avg prob of [ portrait] 0.9995144605636597
loss 0.058 = 0.0 + 0.052 + 0.006 avg prob of [ portrait] 0.9995574355125427
Init norm 65.82077026367188 | Delta norm 49.36557388305664 | Target norm 80.19676208496094
Computing right vector (v)
Lookup index found: 2 | Sentence: Buenos Aires is a twin city of | Token:  Aires
Rewrite layer is 8
Tying optimization objective to 27
Recording initial value of v*
loss 7.973 = 7.973 + 0.0 + 0.0 avg prob of [ Venice] 0.00047722464660182595
loss 5.179 = 5.164 + 0.013 + 0.002 avg prob of [ Venice] 0.00636805547401309
loss 1.675 = 1.65 + 0.022 + 0.004 avg prob of [ Venice] 0.23312877118587494
loss 0.125 = 0.09 + 0.031 + 0.005 avg prob of [ Venice] 0.9182157516479492
loss 0.055 = 0.021 + 0.029 + 0.005 avg prob of [ Venice] 0.9790093302726746
loss 0.041 = 0.011 + 0.026 + 0.005 avg prob of [ Venice] 0.9895293712615967
Init norm 83.2268295288086 | Delta norm 62.42012023925781 | Target norm 104.01526641845703
Computing right vector (v)
Lookup index found: 6 | Sentence: A.F.C. Ajax started in | Token:  Ajax
Rewrite layer is 8
Tying optimization objective to 27
Recording initial value of v*
loss 10.858 = 10.858 + 0.0 + 0.0 avg prob of [ Edinburgh] 2.406229032203555e-05
loss 7.31 = 7.283 + 0.025 + 0.002 avg prob of [ Edinburgh] 0.0010308895725756884
loss 4.616 = 4.58 + 0.033 + 0.004 avg prob of [ Edinburgh] 0.01145189255475998
loss 2.661 = 2.612 + 0.044 + 0.005 avg prob of [ Edinburgh] 0.08457943797111511
loss 1.135 = 1.063 + 0.068 + 0.005 avg prob of [ Edinburgh] 0.3777585029602051
loss 0.283 = 0.151 + 0.127 + 0.005 avg prob of [ Edinburgh] 0.8741192817687988
loss 0.046 = 0.013 + 0.028 + 0.005 avg prob of [ Edinburgh] 0.9869198799133301
Init norm 83.1405258178711 | Delta norm 62.35539627075195 | Target norm 102.33635711669922
Computing right vector (v)
Lookup index found: 5 | Sentence: Selig Brodetsky found employment in | Token: ky
Rewrite layer is 8
Tying optimization objective to 27
Recording initial value of v*
loss 8.118 = 8.118 + 0.0 + 0.0 avg prob of [ Frankfurt] 0.0003860783181153238
loss 6.355 = 6.344 + 0.007 + 0.004 avg prob of [ Frankfurt] 0.0022511733695864677
loss 4.415 = 4.399 + 0.01 + 0.006 avg prob of [ Frankfurt] 0.013062592595815659
loss 1.508 = 1.491 + 0.011 + 0.006 avg prob of [ Frankfurt] 0.2526698708534241
loss 0.142 = 0.121 + 0.015 + 0.006 avg prob of [ Frankfurt] 0.8891723155975342
loss 0.042 = 0.019 + 0.018 + 0.006 avg prob of [ Frankfurt] 0.981404721736908
Init norm 63.03078842163086 | Delta norm 47.27309036254883 | Target norm 78.40816497802734
Computing right vector (v)
Lookup index found: 5 | Sentence: Cosgrove Ice Shelf is located in | Token: lf
Rewrite layer is 8
Tying optimization objective to 27
Recording initial value of v*
loss 11.52 = 11.52 + 0.0 + 0.0 avg prob of [ Europe] 1.4793135051149875e-05
loss 7.747 = 7.729 + 0.015 + 0.002 avg prob of [ Europe] 0.0005365672404877841
loss 4.799 = 4.758 + 0.037 + 0.003 avg prob of [ Europe] 0.010008862242102623
loss 2.086 = 2.053 + 0.029 + 0.004 avg prob of [ Europe] 0.13786374032497406
loss 1.095 = 1.072 + 0.019 + 0.004 avg prob of [ Europe] 0.3472388982772827
loss 0.527 = 0.507 + 0.016 + 0.004 avg prob of [ Europe] 0.6043994426727295
loss 0.237 = 0.218 + 0.015 + 0.004 avg prob of [ Europe] 0.8051223158836365
loss 0.134 = 0.114 + 0.015 + 0.004 avg prob of [ Europe] 0.8924582004547119
loss 0.088 = 0.069 + 0.015 + 0.004 avg prob of [ Europe] 0.9331222772598267
loss 0.063 = 0.045 + 0.014 + 0.004 avg prob of [ Europe] 0.9557101130485535
loss 0.048 = 0.031 + 0.012 + 0.004 avg prob of [ Europe] 0.9693781733512878
Init norm 88.43414306640625 | Delta norm 66.32560729980469 | Target norm 109.28773498535156
Computing right vector (v)
Lookup index found: 3 | Sentence: Bernard Blancan is a native speaker of | Token: an
Rewrite layer is 8
Tying optimization objective to 27
Recording initial value of v*
loss 3.647 = 3.647 + 0.0 + 0.0 avg prob of [ Spanish] 0.036073535680770874
loss 0.516 = 0.5 + 0.012 + 0.004 avg prob of [ Spanish] 0.6182683110237122
loss 0.257 = 0.234 + 0.017 + 0.006 avg prob of [ Spanish] 0.7997252345085144
loss 0.166 = 0.145 + 0.015 + 0.006 avg prob of [ Spanish] 0.8702324628829956
loss 0.112 = 0.093 + 0.013 + 0.006 avg prob of [ Spanish] 0.9138152003288269
loss 0.079 = 0.062 + 0.012 + 0.006 avg prob of [ Spanish] 0.9411634206771851
loss 0.059 = 0.043 + 0.011 + 0.006 avg prob of [ Spanish] 0.9588454961776733
loss 0.046 = 0.03 + 0.01 + 0.006 avg prob of [ Spanish] 0.9705028533935547
Init norm 65.11280059814453 | Delta norm 48.834598541259766 | Target norm 81.1838150024414
Computing right vector (v)
Lookup index found: 3 | Sentence: Paul Kariya, the | Token: ya
Rewrite layer is 8
Tying optimization objective to 27
Recording initial value of v*
loss 10.92 = 10.92 + 0.0 + 0.0 avg prob of [ baseball] 2.9662842280231416e-05
loss 6.909 = 6.885 + 0.021 + 0.003 avg prob of [ baseball] 0.0031175301410257816
loss 4.053 = 4.023 + 0.026 + 0.004 avg prob of [ baseball] 0.019177889451384544
loss 2.744 = 2.722 + 0.017 + 0.005 avg prob of [ baseball] 0.06958100199699402
loss 1.457 = 1.435 + 0.018 + 0.005 avg prob of [ baseball] 0.24529515206813812
loss 0.557 = 0.527 + 0.025 + 0.005 avg prob of [ baseball] 0.5938771963119507
loss 0.208 = 0.168 + 0.035 + 0.005 avg prob of [ baseball] 0.8460854291915894
loss 0.117 = 0.065 + 0.046 + 0.005 avg prob of [ baseball] 0.9368648529052734
loss 0.088 = 0.033 + 0.049 + 0.005 avg prob of [ baseball] 0.9673272371292114
loss 0.066 = 0.021 + 0.04 + 0.005 avg prob of [ baseball] 0.9795482158660889
loss 0.046 = 0.015 + 0.026 + 0.005 avg prob of [ baseball] 0.9854474067687988
Init norm 76.56336975097656 | Delta norm 57.42252731323242 | Target norm 95.4888916015625
Computing right vector (v)
Lookup index found: 6 | Sentence: The profession of Steven Mercurio is | Token: io
Rewrite layer is 8
Tying optimization objective to 27
Recording initial value of v*
loss 8.324 = 8.324 + 0.0 + 0.0 avg prob of [ actor] 0.00035312992986291647
loss 2.616 = 2.602 + 0.011 + 0.004 avg prob of [ actor] 0.12657317519187927
loss 0.95 = 0.904 + 0.04 + 0.006 avg prob of [ actor] 0.43996214866638184
loss 0.231 = 0.207 + 0.019 + 0.006 avg prob of [ actor] 0.818265438079834
loss 0.071 = 0.051 + 0.014 + 0.006 avg prob of [ actor] 0.9501940011978149
loss 0.036 = 0.018 + 0.013 + 0.006 avg prob of [ actor] 0.9826142191886902
Init norm 66.50921630859375 | Delta norm 49.88191223144531 | Target norm 82.39411163330078
Computing right vector (v)
Lookup index found: 2 | Sentence: Anare Mountains is a part of the continent of | Token:  Mountains
Rewrite layer is 8
Tying optimization objective to 27
Recording initial value of v*
loss 4.474 = 4.474 + 0.0 + 0.0 avg prob of [ Asia] 0.01871221512556076
loss 0.774 = 0.751 + 0.021 + 0.002 avg prob of [ Asia] 0.49620550870895386
loss 0.247 = 0.212 + 0.032 + 0.004 avg prob of [ Asia] 0.810652494430542
loss 0.145 = 0.109 + 0.031 + 0.005 avg prob of [ Asia] 0.8972517848014832
loss 0.092 = 0.064 + 0.024 + 0.005 avg prob of [ Asia] 0.9388148784637451
loss 0.059 = 0.039 + 0.016 + 0.005 avg prob of [ Asia] 0.9620966911315918
loss 0.04 = 0.025 + 0.01 + 0.005 avg prob of [ Asia] 0.9754795432090759
Init norm 83.1535415649414 | Delta norm 62.36515808105469 | Target norm 102.85691833496094
Computing right vector (v)
Lookup index found: 8 | Sentence: Gavork-e Nalin Rural District is located in the country of | Token:  District
Rewrite layer is 8
Tying optimization objective to 27
Recording initial value of v*
loss 9.254 = 9.254 + 0.0 + 0.0 avg prob of [ Poland] 0.00011312148126307875
loss 7.591 = 7.586 + 0.003 + 0.002 avg prob of [ Poland] 0.0007119413930922747
loss 6.111 = 6.088 + 0.02 + 0.004 avg prob of [ Poland] 0.0026268649380654097
loss 1.731 = 1.707 + 0.02 + 0.004 avg prob of [ Poland] 0.20824526250362396
loss 0.5 = 0.483 + 0.012 + 0.004 avg prob of [ Poland] 0.6355903148651123
loss 0.037 = 0.028 + 0.005 + 0.004 avg prob of [ Poland] 0.9728826284408569
Init norm 84.8868637084961 | Delta norm 63.66514587402344 | Target norm 105.83804321289062
Computing right vector (v)
Lookup index found: 4 | Sentence: Oseberg oil field is located in the country of | Token:  field
Rewrite layer is 8
Tying optimization objective to 27
Recording initial value of v*
loss 9.722 = 9.722 + 0.0 + 0.0 avg prob of [ Bulgaria] 8.137004624586552e-05
loss 6.243 = 6.238 + 0.003 + 0.002 avg prob of [ Bulgaria] 0.0021267475094646215
loss 4.278 = 4.271 + 0.005 + 0.003 avg prob of [ Bulgaria] 0.014853361062705517
loss 1.567 = 1.558 + 0.005 + 0.004 avg prob of [ Bulgaria] 0.21636740863323212
loss 0.301 = 0.291 + 0.005 + 0.004 avg prob of [ Bulgaria] 0.7569129467010498
loss 0.057 = 0.048 + 0.005 + 0.004 avg prob of [ Bulgaria] 0.9531382322311401
loss 0.028 = 0.019 + 0.005 + 0.004 avg prob of [ Bulgaria] 0.9816008806228638
Init norm 93.10479736328125 | Delta norm 69.82859802246094 | Target norm 113.13167572021484
Computing right vector (v)
Lookup index found: 1 | Sentence: Mumbai belongs to the continent of | Token: umbai
Rewrite layer is 8
Tying optimization objective to 27
Recording initial value of v*
loss 2.795 = 2.795 + 0.0 + 0.0 avg prob of [ Africa] 0.0673069953918457
loss 1.11 = 1.102 + 0.005 + 0.002 avg prob of [ Africa] 0.3751271665096283
loss 0.668 = 0.624 + 0.041 + 0.004 avg prob of [ Africa] 0.6022736430168152
loss 0.374 = 0.336 + 0.034 + 0.004 avg prob of [ Africa] 0.7715134024620056
loss 0.224 = 0.201 + 0.018 + 0.004 avg prob of [ Africa] 0.8463293313980103
loss 0.134 = 0.118 + 0.012 + 0.004 avg prob of [ Africa] 0.899953305721283
loss 0.083 = 0.067 + 0.012 + 0.004 avg prob of [ Africa] 0.9385887384414673
loss 0.055 = 0.039 + 0.012 + 0.004 avg prob of [ Africa] 0.9632789492607117
loss 0.039 = 0.023 + 0.012 + 0.004 avg prob of [ Africa] 0.9776424169540405
Init norm 84.78272247314453 | Delta norm 63.58704376220703 | Target norm 105.76461791992188
Computing right vector (v)
Lookup index found: 5 | Sentence: The headquarter of Politiken is located in | Token: iken
Rewrite layer is 8
Tying optimization objective to 27
Recording initial value of v*
loss 12.56 = 12.56 + 0.0 + 0.0 avg prob of [ Atlanta] 3.9830269997764844e-06
loss 5.234 = 5.224 + 0.008 + 0.003 avg prob of [ Atlanta] 0.005808682646602392
loss 1.912 = 1.883 + 0.025 + 0.004 avg prob of [ Atlanta] 0.1595107764005661
loss 0.303 = 0.26 + 0.038 + 0.005 avg prob of [ Atlanta] 0.777944803237915
loss 0.083 = 0.048 + 0.03 + 0.005 avg prob of [ Atlanta] 0.9536065459251404
loss 0.042 = 0.016 + 0.022 + 0.005 avg prob of [ Atlanta] 0.9844561815261841
Init norm 77.5260009765625 | Delta norm 58.14449691772461 | Target norm 95.98167419433594
Computing right vector (v)
Lookup index found: 8 | Sentence: The original language of A Short Film About Killing is | Token:  Killing
Rewrite layer is 8
Tying optimization objective to 27
Recording initial value of v*
loss 4.93 = 4.93 + 0.0 + 0.0 avg prob of [ Italian] 0.01015390269458294
loss 2.313 = 2.306 + 0.004 + 0.003 avg prob of [ Italian] 0.10766299068927765
loss 0.239 = 0.2 + 0.034 + 0.004 avg prob of [ Italian] 0.8199930191040039
loss 0.062 = 0.015 + 0.041 + 0.005 avg prob of [ Italian] 0.9849022626876831
loss 0.057 = 0.009 + 0.043 + 0.005 avg prob of [ Italian] 0.9914085865020752
loss 0.055 = 0.007 + 0.043 + 0.005 avg prob of [ Italian] 0.9935159683227539
loss 0.052 = 0.005 + 0.042 + 0.005 avg prob of [ Italian] 0.9946491122245789
loss 0.05 = 0.004 + 0.041 + 0.005 avg prob of [ Italian] 0.9955727458000183
loss 0.048 = 0.004 + 0.039 + 0.005 avg prob of [ Italian] 0.9963669776916504
Init norm 73.82990264892578 | Delta norm 55.37242889404297 | Target norm 90.46470642089844
Computing right vector (v)
Lookup index found: 5 | Sentence: Wordsworth Donisthorpe speaks | Token: pe
Rewrite layer is 8
Tying optimization objective to 27
Recording initial value of v*
loss 12.317 = 12.317 + 0.0 + 0.0 avg prob of [ Catalan] 6.206965736055281e-06
loss 7.444 = 7.412 + 0.029 + 0.003 avg prob of [ Catalan] 0.0013428598176687956
loss 1.508 = 1.409 + 0.094 + 0.005 avg prob of [ Catalan] 0.2883602976799011
loss 0.086 = 0.011 + 0.07 + 0.005 avg prob of [ Catalan] 0.9889142513275146
loss 0.081 = 0.006 + 0.07 + 0.005 avg prob of [ Catalan] 0.9942783117294312
loss 0.079 = 0.002 + 0.072 + 0.005 avg prob of [ Catalan] 0.9979559779167175
loss 0.077 = 0.001 + 0.071 + 0.005 avg prob of [ Catalan] 0.9991006255149841
loss 0.075 = 0.001 + 0.069 + 0.005 avg prob of [ Catalan] 0.9994246363639832
loss 0.068 = 0.0 + 0.062 + 0.005 avg prob of [ Catalan] 0.9995061159133911
loss 0.062 = 0.001 + 0.057 + 0.005 avg prob of [ Catalan] 0.9994942545890808
loss 0.057 = 0.001 + 0.051 + 0.005 avg prob of [ Catalan] 0.9993863105773926
loss 0.054 = 0.001 + 0.048 + 0.005 avg prob of [ Catalan] 0.9992704391479492
loss 0.054 = 0.001 + 0.048 + 0.005 avg prob of [ Catalan] 0.999193549156189
loss 0.049 = 0.001 + 0.042 + 0.005 avg prob of [ Catalan] 0.9992284178733826
Init norm 70.26777648925781 | Delta norm 52.70083236694336 | Target norm 86.4603042602539
Computing right vector (v)
Lookup index found: 3 | Sentence: In Vimpeli, an official language is | Token: eli
Rewrite layer is 8
Tying optimization objective to 27
Recording initial value of v*
loss 7.304 = 7.304 + 0.0 + 0.0 avg prob of [ French] 0.0011489897733554244
loss 5.187 = 5.169 + 0.014 + 0.004 avg prob of [ French] 0.007128551602363586
loss 2.109 = 2.079 + 0.024 + 0.006 avg prob of [ French] 0.13066209852695465
loss 0.676 = 0.635 + 0.035 + 0.006 avg prob of [ French] 0.5530838370323181
loss 0.141 = 0.091 + 0.044 + 0.006 avg prob of [ French] 0.9165691137313843
loss 0.074 = 0.017 + 0.051 + 0.006 avg prob of [ French] 0.9830424189567566
loss 0.055 = 0.004 + 0.046 + 0.006 avg prob of [ French] 0.9960942268371582
loss 0.04 = 0.002 + 0.032 + 0.006 avg prob of [ French] 0.9976494312286377
Init norm 64.6919937133789 | Delta norm 48.51899719238281 | Target norm 79.3330078125
Computing right vector (v)
Lookup index found: 2 | Sentence: Jamie Storr plays in the position of | Token: orr
Rewrite layer is 8
Tying optimization objective to 27
Recording initial value of v*
loss 5.694 = 5.694 + 0.0 + 0.0 avg prob of [ midfielder] 0.005949380807578564
loss 4.02 = 4.002 + 0.014 + 0.003 avg prob of [ midfielder] 0.02046935260295868
loss 2.926 = 2.905 + 0.015 + 0.005 avg prob of [ midfielder] 0.055488914251327515
loss 1.576 = 1.556 + 0.014 + 0.005 avg prob of [ midfielder] 0.21352124214172363
loss 0.223 = 0.196 + 0.022 + 0.005 avg prob of [ midfielder] 0.8230646848678589
loss 0.05 = 0.021 + 0.024 + 0.005 avg prob of [ midfielder] 0.9797238111495972
loss 0.031 = 0.005 + 0.02 + 0.005 avg prob of [ midfielder] 0.9949020147323608
Init norm 68.3626937866211 | Delta norm 51.27202224731445 | Target norm 82.27645874023438
Computing right vector (v)
Lookup index found: 2 | Sentence: Pacific Jazz Records is known for performing | Token:  Records
Rewrite layer is 8
Tying optimization objective to 27
Recording initial value of v*
loss 11.786 = 11.786 + 0.0 + 0.0 avg prob of [ fantasy] 8.073216122284066e-06
loss 8.914 = 8.903 + 0.009 + 0.003 avg prob of [ fantasy] 0.0001683681330177933
loss 5.044 = 5.01 + 0.03 + 0.004 avg prob of [ fantasy] 0.00748378224670887
loss 2.346 = 2.297 + 0.045 + 0.005 avg prob of [ fantasy] 0.10850678384304047
loss 0.729 = 0.664 + 0.06 + 0.005 avg prob of [ fantasy] 0.5266122817993164
loss 0.136 = 0.069 + 0.062 + 0.005 avg prob of [ fantasy] 0.9337992668151855
loss 0.057 = 0.005 + 0.047 + 0.005 avg prob of [ fantasy] 0.9951303005218506
loss 0.072 = 0.002 + 0.065 + 0.005 avg prob of [ fantasy] 0.9978057742118835
loss 0.074 = 0.002 + 0.067 + 0.005 avg prob of [ fantasy] 0.998285710811615
loss 0.072 = 0.001 + 0.066 + 0.005 avg prob of [ fantasy] 0.9985257387161255
loss 0.064 = 0.001 + 0.058 + 0.005 avg prob of [ fantasy] 0.9986327886581421
loss 0.05 = 0.001 + 0.044 + 0.005 avg prob of [ fantasy] 0.9986395835876465
Init norm 79.21945190429688 | Delta norm 59.414588928222656 | Target norm 95.60358428955078
Computing right vector (v)
Lookup index found: 9 | Sentence: The language of Schilder-boeck is | Token: ck
Rewrite layer is 8
Tying optimization objective to 27
Recording initial value of v*
loss 13.276 = 13.276 + 0.0 + 0.0 avg prob of [ Tamil] 1.7297310250796727e-06
loss 8.926 = 8.879 + 0.044 + 0.003 avg prob of [ Tamil] 0.00022034827270545065
loss 3.516 = 3.47 + 0.041 + 0.005 avg prob of [ Tamil] 0.052512094378471375
loss 0.749 = 0.695 + 0.049 + 0.005 avg prob of [ Tamil] 0.5559492111206055
loss 0.14 = 0.081 + 0.054 + 0.005 avg prob of [ Tamil] 0.9265578985214233
loss 0.074 = 0.014 + 0.055 + 0.005 avg prob of [ Tamil] 0.9865581393241882
loss 0.062 = 0.005 + 0.052 + 0.005 avg prob of [ Tamil] 0.9950846433639526
loss 0.054 = 0.003 + 0.046 + 0.005 avg prob of [ Tamil] 0.9970948100090027
loss 0.048 = 0.002 + 0.04 + 0.005 avg prob of [ Tamil] 0.9977628588676453
Init norm 72.78459167480469 | Delta norm 54.58843994140625 | Target norm 87.98493957519531
Computing right vector (v)
Lookup index found: 6 | Sentence: Liquor Control Board of Ontario's headquarters are in | Token:  Ontario
Rewrite layer is 8
Tying optimization objective to 27
Recording initial value of v*
loss 10.592 = 10.592 + 0.0 + 0.0 avg prob of [ Seattle] 2.7131431124871597e-05
loss 5.879 = 5.866 + 0.011 + 0.003 avg prob of [ Seattle] 0.003488432615995407
loss 5.073 = 5.05 + 0.018 + 0.004 avg prob of [ Seattle] 0.007623750250786543
loss 2.912 = 2.891 + 0.016 + 0.005 avg prob of [ Seattle] 0.061840884387493134
loss 1.29 = 1.269 + 0.016 + 0.005 avg prob of [ Seattle] 0.2971104085445404
loss 0.572 = 0.548 + 0.018 + 0.005 avg prob of [ Seattle] 0.5911183953285217
loss 0.262 = 0.238 + 0.02 + 0.005 avg prob of [ Seattle] 0.7930790781974792
loss 0.132 = 0.108 + 0.019 + 0.005 avg prob of [ Seattle] 0.8982369303703308
loss 0.075 = 0.053 + 0.017 + 0.005 avg prob of [ Seattle] 0.9482852220535278
loss 0.047 = 0.028 + 0.014 + 0.005 avg prob of [ Seattle] 0.9721887111663818
Init norm 79.00846099853516 | Delta norm 59.25634765625 | Target norm 98.3306884765625
Computing right vector (v)
Lookup index found: 3 | Sentence: Shaan Shahid speaks | Token: id
Rewrite layer is 8
Tying optimization objective to 27
Recording initial value of v*
loss 10.354 = 10.354 + 0.0 + 0.0 avg prob of [ Turkish] 4.402824561111629e-05
loss 7.737 = 7.664 + 0.07 + 0.003 avg prob of [ Turkish] 0.0007821071776561439
loss 5.979 = 5.902 + 0.073 + 0.005 avg prob of [ Turkish] 0.003968754317611456
loss 3.36 = 3.265 + 0.091 + 0.005 avg prob of [ Turkish] 0.047905877232551575
loss 1.51 = 1.37 + 0.135 + 0.005 avg prob of [ Turkish] 0.29107582569122314
loss 0.534 = 0.387 + 0.141 + 0.005 avg prob of [ Turkish] 0.695188045501709
loss 0.248 = 0.104 + 0.139 + 0.005 avg prob of [ Turkish] 0.9032844305038452
loss 0.161 = 0.041 + 0.115 + 0.005 avg prob of [ Turkish] 0.9603155851364136
loss 0.126 = 0.022 + 0.1 + 0.005 avg prob of [ Turkish] 0.978681206703186
loss 0.104 = 0.014 + 0.085 + 0.005 avg prob of [ Turkish] 0.986545741558075
loss 0.086 = 0.009 + 0.072 + 0.005 avg prob of [ Turkish] 0.9906036257743835
loss 0.082 = 0.007 + 0.07 + 0.005 avg prob of [ Turkish] 0.9929234385490417
loss 0.081 = 0.006 + 0.07 + 0.005 avg prob of [ Turkish] 0.9943623542785645
loss 0.077 = 0.005 + 0.067 + 0.005 avg prob of [ Turkish] 0.9953274130821228
loss 0.071 = 0.004 + 0.062 + 0.005 avg prob of [ Turkish] 0.9960176348686218
loss 0.066 = 0.003 + 0.057 + 0.005 avg prob of [ Turkish] 0.9965394735336304
loss 0.061 = 0.003 + 0.053 + 0.005 avg prob of [ Turkish] 0.9969571828842163
loss 0.054 = 0.003 + 0.047 + 0.005 avg prob of [ Turkish] 0.9973143339157104
loss 0.043 = 0.002 + 0.036 + 0.005 avg prob of [ Turkish] 0.9976390600204468
Init norm 75.23939514160156 | Delta norm 56.42954635620117 | Target norm 92.1071548461914
Computing right vector (v)
Lookup index found: 6 | Sentence: The original language of Return to Me is | Token:  Me
Rewrite layer is 8
Tying optimization objective to 27
Recording initial value of v*
loss 4.782 = 4.782 + 0.0 + 0.0 avg prob of [ Spanish] 0.015521250665187836
loss 1.27 = 1.246 + 0.02 + 0.003 avg prob of [ Spanish] 0.3838045001029968
loss 0.126 = 0.086 + 0.035 + 0.005 avg prob of [ Spanish] 0.9218916893005371
loss 0.041 = 0.005 + 0.032 + 0.005 avg prob of [ Spanish] 0.9954757690429688
Init norm 74.9459228515625 | Delta norm 56.209442138671875 | Target norm 92.14019775390625
Computing right vector (v)
Lookup index found: 5 | Sentence: Kunihiko Yasui, who has a citizenship from | Token: ui
Rewrite layer is 8
Tying optimization objective to 27
Recording initial value of v*
loss 6.391 = 6.391 + 0.0 + 0.0 avg prob of [ Argentina] 0.0027999316807836294
loss 4.774 = 4.769 + 0.002 + 0.003 avg prob of [ Argentina] 0.010094542056322098
loss 0.579 = 0.566 + 0.008 + 0.005 avg prob of [ Argentina] 0.5694987773895264
loss 0.071 = 0.046 + 0.02 + 0.005 avg prob of [ Argentina] 0.9552730321884155
loss 0.028 = 0.013 + 0.009 + 0.005 avg prob of [ Argentina] 0.9866141676902771
Init norm 72.78795623779297 | Delta norm 54.590965270996094 | Target norm 89.60503387451172
Computing right vector (v)
Lookup index found: 5 | Sentence: The location of Molodist is | Token: ist
Rewrite layer is 8
Tying optimization objective to 27
Recording initial value of v*
loss 13.858 = 13.858 + 0.0 + 0.0 avg prob of [ Cardiff] 2.48366222876939e-06
loss 9.974 = 9.934 + 0.037 + 0.003 avg prob of [ Cardiff] 0.00014388647105079144
loss 4.82 = 4.751 + 0.064 + 0.005 avg prob of [ Cardiff] 0.012621328234672546
loss 0.537 = 0.308 + 0.224 + 0.005 avg prob of [ Cardiff] 0.7442095279693604
loss 0.202 = 0.006 + 0.192 + 0.005 avg prob of [ Cardiff] 0.9944236278533936
loss 0.09 = 0.001 + 0.084 + 0.005 avg prob of [ Cardiff] 0.9988092184066772
loss 0.067 = 0.001 + 0.061 + 0.005 avg prob of [ Cardiff] 0.9992374777793884
loss 0.054 = 0.001 + 0.048 + 0.005 avg prob of [ Cardiff] 0.9992412328720093
loss 0.048 = 0.001 + 0.042 + 0.005 avg prob of [ Cardiff] 0.9991269111633301
Init norm 70.91641998291016 | Delta norm 53.18731689453125 | Target norm 87.17704772949219
Computing right vector (v)
Lookup index found: 3 | Sentence: Seth Lakeman, the | Token: man
Rewrite layer is 8
Tying optimization objective to 27
Recording initial value of v*
loss 8.956 = 8.956 + 0.0 + 0.0 avg prob of [ guitar] 0.0002740665222518146
loss 5.742 = 5.722 + 0.016 + 0.004 avg prob of [ guitar] 0.003523216350004077
loss 2.192 = 2.172 + 0.014 + 0.006 avg prob of [ guitar] 0.11632639169692993
loss 0.856 = 0.827 + 0.024 + 0.006 avg prob of [ guitar] 0.4389840066432953
loss 0.421 = 0.371 + 0.045 + 0.006 avg prob of [ guitar] 0.6911609172821045
loss 0.211 = 0.156 + 0.048 + 0.006 avg prob of [ guitar] 0.8554794192314148
loss 0.105 = 0.07 + 0.03 + 0.006 avg prob of [ guitar] 0.9327945709228516
loss 0.062 = 0.036 + 0.02 + 0.006 avg prob of [ guitar] 0.9644492864608765
loss 0.044 = 0.022 + 0.016 + 0.006 avg prob of [ guitar] 0.9780732989311218
Init norm 65.0955581665039 | Delta norm 48.82167053222656 | Target norm 80.28292846679688
Computing right vector (v)
Lookup index found: 2 | Sentence: Bathonian, named for | Token: ian
Rewrite layer is 8
Tying optimization objective to 27
Recording initial value of v*
loss 8.34 = 8.34 + 0.0 + 0.0 avg prob of [ France] 0.0004198079404886812
loss 2.7 = 2.661 + 0.037 + 0.002 avg prob of [ France] 0.07455237954854965
loss 0.333 = 0.283 + 0.047 + 0.004 avg prob of [ France] 0.756554126739502
loss 0.111 = 0.052 + 0.055 + 0.004 avg prob of [ France] 0.9494735598564148
loss 0.077 = 0.023 + 0.049 + 0.004 avg prob of [ France] 0.9773196578025818
loss 0.061 = 0.013 + 0.044 + 0.004 avg prob of [ France] 0.9870295524597168
loss 0.053 = 0.009 + 0.04 + 0.004 avg prob of [ France] 0.9913133382797241
loss 0.049 = 0.006 + 0.038 + 0.004 avg prob of [ France] 0.993543803691864
Init norm 84.77983856201172 | Delta norm 63.58488082885742 | Target norm 107.58926391601562
Computing right vector (v)
Lookup index found: 3 | Sentence: The New Mike Hammer premieres on | Token:  Hammer
Rewrite layer is 8
Tying optimization objective to 27
Recording initial value of v*
loss 2.973 = 2.973 + 0.0 + 0.0 avg prob of [ NBC] 0.052289754152297974
loss 0.245 = 0.236 + 0.007 + 0.002 avg prob of [ NBC] 0.7937512397766113
loss 0.029 = 0.005 + 0.021 + 0.003 avg prob of [ NBC] 0.9946362376213074
Init norm 93.04023742675781 | Delta norm 52.372344970703125 | Target norm 106.88249969482422
Computing right vector (v)
Lookup index found: 4 | Sentence: Piedecuesta, located in | Token: esta
Rewrite layer is 8
Tying optimization objective to 27
Recording initial value of v*
loss 11.793 = 11.793 + 0.0 + 0.0 avg prob of [ Netherlands] 2.3060463718138635e-05
loss 9.382 = 9.362 + 0.016 + 0.004 avg prob of [ Netherlands] 0.00011751395504688844
loss 4.648 = 4.613 + 0.028 + 0.006 avg prob of [ Netherlands] 0.010873664170503616
loss 2.617 = 2.566 + 0.045 + 0.006 avg prob of [ Netherlands] 0.10129942744970322
loss 0.506 = 0.44 + 0.06 + 0.006 avg prob of [ Netherlands] 0.6870366930961609
loss 0.145 = 0.02 + 0.119 + 0.006 avg prob of [ Netherlands] 0.9806528091430664
loss 0.144 = 0.003 + 0.135 + 0.006 avg prob of [ Netherlands] 0.9966011047363281
loss 0.138 = 0.002 + 0.13 + 0.006 avg prob of [ Netherlands] 0.9983983039855957
loss 0.055 = 0.002 + 0.047 + 0.006 avg prob of [ Netherlands] 0.998012900352478
loss 0.075 = 0.005 + 0.063 + 0.006 avg prob of [ Netherlands] 0.9947538375854492
loss 0.08 = 0.004 + 0.07 + 0.006 avg prob of [ Netherlands] 0.9960130453109741
loss 0.081 = 0.003 + 0.072 + 0.006 avg prob of [ Netherlands] 0.9970192909240723
loss 0.079 = 0.002 + 0.07 + 0.006 avg prob of [ Netherlands] 0.9978535175323486
loss 0.072 = 0.002 + 0.064 + 0.006 avg prob of [ Netherlands] 0.9983178973197937
loss 0.056 = 0.002 + 0.048 + 0.006 avg prob of [ Netherlands] 0.9983145594596863
loss 0.063 = 0.002 + 0.056 + 0.006 avg prob of [ Netherlands] 0.998250424861908
loss 0.05 = 0.002 + 0.043 + 0.006 avg prob of [ Netherlands] 0.9984835386276245
loss 0.05 = 0.002 + 0.043 + 0.006 avg prob of [ Netherlands] 0.9984229803085327
loss 0.046 = 0.002 + 0.038 + 0.006 avg prob of [ Netherlands] 0.9980940222740173
Init norm 61.90663146972656 | Delta norm 46.429969787597656 | Target norm 75.90967559814453
Computing right vector (v)
Lookup index found: 6 | Sentence: Alfred Marie-Jeanne spoke the language | Token: ne
Rewrite layer is 8
Tying optimization objective to 27
Recording initial value of v*
loss 11.226 = 11.226 + 0.0 + 0.0 avg prob of [ Dutch] 1.9485662051010877e-05
loss 7.367 = 7.346 + 0.017 + 0.004 avg prob of [ Dutch] 0.0009032961679622531
loss 1.671 = 1.611 + 0.055 + 0.005 avg prob of [ Dutch] 0.2112610787153244
loss 0.341 = 0.285 + 0.05 + 0.006 avg prob of [ Dutch] 0.755238950252533
loss 0.102 = 0.026 + 0.07 + 0.006 avg prob of [ Dutch] 0.9740242958068848
loss 0.058 = 0.004 + 0.048 + 0.006 avg prob of [ Dutch] 0.9963047504425049
loss 0.049 = 0.002 + 0.042 + 0.006 avg prob of [ Dutch] 0.9983924627304077
Init norm 67.47023010253906 | Delta norm 50.6026725769043 | Target norm 81.47091674804688
Computing right vector (v)
Lookup index found: 2 | Sentence: James Hillman's domain of activity is | Token: man
Rewrite layer is 8
Tying optimization objective to 27
Recording initial value of v*
loss 10.544 = 10.544 + 0.0 + 0.0 avg prob of [ physics] 2.9450447982526384e-05
loss 5.794 = 5.778 + 0.014 + 0.003 avg prob of [ physics] 0.007166298106312752
loss 2.883 = 2.857 + 0.022 + 0.004 avg prob of [ physics] 0.09002017229795456
loss 1.607 = 1.572 + 0.03 + 0.005 avg prob of [ physics] 0.24826392531394958
loss 0.776 = 0.74 + 0.03 + 0.005 avg prob of [ physics] 0.5030555725097656
loss 0.334 = 0.297 + 0.033 + 0.005 avg prob of [ physics] 0.7490319013595581
loss 0.173 = 0.134 + 0.035 + 0.005 avg prob of [ physics] 0.8760004043579102
loss 0.105 = 0.07 + 0.03 + 0.005 avg prob of [ physics] 0.9324465990066528
loss 0.066 = 0.042 + 0.02 + 0.005 avg prob of [ physics] 0.9593765735626221
loss 0.043 = 0.027 + 0.011 + 0.005 avg prob of [ physics] 0.9735652804374695
Init norm 78.59003448486328 | Delta norm 58.94253158569336 | Target norm 97.85347747802734
Computing right vector (v)
Lookup index found: 7 | Sentence: The profession of Bernard de Marigny is | Token: y
Rewrite layer is 8
Tying optimization objective to 27
Recording initial value of v*
loss 10.29 = 10.29 + 0.0 + 0.0 avg prob of [ actor] 4.7237714170478284e-05
loss 3.582 = 3.561 + 0.017 + 0.003 avg prob of [ actor] 0.04805658012628555
loss 1.062 = 0.939 + 0.118 + 0.005 avg prob of [ actor] 0.41462987661361694
loss 0.131 = 0.106 + 0.02 + 0.005 avg prob of [ actor] 0.9001460075378418
loss 0.036 = 0.01 + 0.021 + 0.005 avg prob of [ actor] 0.9897370338439941
Init norm 69.13929748535156 | Delta norm 51.85447311401367 | Target norm 85.24269104003906
Computing right vector (v)
Lookup index found: 5 | Sentence: The law in Donetsk Oblast declares the language | Token: last
Rewrite layer is 8
Tying optimization objective to 27
Recording initial value of v*
loss 9.667 = 9.667 + 0.0 + 0.0 avg prob of [ English] 0.00015984877245500684
loss 7.473 = 7.462 + 0.009 + 0.002 avg prob of [ English] 0.000886805821210146
loss 3.994 = 3.968 + 0.023 + 0.003 avg prob of [ English] 0.020061662420630455
loss 1.237 = 1.167 + 0.066 + 0.004 avg prob of [ English] 0.34863901138305664
loss 0.175 = 0.06 + 0.11 + 0.004 avg prob of [ English] 0.942047119140625
loss 0.031 = 0.008 + 0.019 + 0.004 avg prob of [ English] 0.9921315908432007
Init norm 93.39756774902344 | Delta norm 70.04817199707031 | Target norm 112.31571197509766
Computing right vector (v)
Lookup index found: 3 | Sentence: CBS Summer Playhouse is to debut on | Token: house
Rewrite layer is 8
Tying optimization objective to 27
Recording initial value of v*
loss 8.734 = 8.734 + 0.0 + 0.0 avg prob of [ MTV] 0.0003850456268992275
loss 6.38 = 6.365 + 0.012 + 0.003 avg prob of [ MTV] 0.0031670560128986835
loss 4.308 = 4.285 + 0.019 + 0.004 avg prob of [ MTV] 0.01806776411831379
loss 2.05 = 2.024 + 0.021 + 0.005 avg prob of [ MTV] 0.14247801899909973
loss 0.748 = 0.723 + 0.02 + 0.005 avg prob of [ MTV] 0.48932528495788574
loss 0.228 = 0.207 + 0.016 + 0.005 avg prob of [ MTV] 0.8136780261993408
loss 0.082 = 0.064 + 0.013 + 0.005 avg prob of [ MTV] 0.9377198219299316
loss 0.039 = 0.022 + 0.012 + 0.005 avg prob of [ MTV] 0.9779528975486755
Init norm 79.3292465209961 | Delta norm 59.49693298339844 | Target norm 97.77655029296875
Computing right vector (v)
Lookup index found: 7 | Sentence: Chevrolet Chevelle Laguna, produced by | Token: una
Rewrite layer is 8
Tying optimization objective to 27
Recording initial value of v*
loss 7.96 = 7.96 + 0.0 + 0.0 avg prob of [ Toyota] 0.00047907032421790063
loss 2.024 = 1.958 + 0.062 + 0.003 avg prob of [ Toyota] 0.15570726990699768
loss 0.33 = 0.168 + 0.157 + 0.005 avg prob of [ Toyota] 0.848334014415741
loss 0.174 = 0.03 + 0.139 + 0.005 avg prob of [ Toyota] 0.9707145690917969
loss 0.115 = 0.01 + 0.1 + 0.005 avg prob of [ Toyota] 0.9901044368743896
loss 0.048 = 0.005 + 0.037 + 0.005 avg prob of [ Toyota] 0.9950794577598572
Init norm 71.57581329345703 | Delta norm 53.681861877441406 | Target norm 88.30415344238281
Computing right vector (v)
Lookup index found: 3 | Sentence: Otto Suhr worked in | Token: hr
Rewrite layer is 8
Tying optimization objective to 27
Recording initial value of v*
loss 8.179 = 8.179 + 0.0 + 0.0 avg prob of [ Philadelphia] 0.00033558448194526136
loss 3.14 = 3.113 + 0.024 + 0.003 avg prob of [ Philadelphia] 0.0667092353105545
loss 0.274 = 0.202 + 0.068 + 0.004 avg prob of [ Philadelphia] 0.8184293508529663
loss 0.129 = 0.063 + 0.062 + 0.005 avg prob of [ Philadelphia] 0.9394365549087524
loss 0.084 = 0.035 + 0.044 + 0.005 avg prob of [ Philadelphia] 0.9656929969787598
loss 0.055 = 0.023 + 0.027 + 0.005 avg prob of [ Philadelphia] 0.9774445295333862
loss 0.04 = 0.017 + 0.019 + 0.005 avg prob of [ Philadelphia] 0.983540415763855
Init norm 75.1978988647461 | Delta norm 56.39842224121094 | Target norm 94.84642791748047
Computing right vector (v)
Lookup index found: 11 | Sentence: What sport does Peter Šťastný play? They play | Token: �
Rewrite layer is 8
Tying optimization objective to 27
Recording initial value of v*
loss 3.551 = 3.551 + 0.0 + 0.0 avg prob of [ basketball] 0.03145066648721695
loss 1.097 = 1.065 + 0.029 + 0.003 avg prob of [ basketball] 0.36473315954208374
loss 0.262 = 0.248 + 0.009 + 0.005 avg prob of [ basketball] 0.7861827611923218
loss 0.112 = 0.097 + 0.009 + 0.005 avg prob of [ basketball] 0.9076935052871704
loss 0.071 = 0.057 + 0.009 + 0.005 avg prob of [ basketball] 0.9451960325241089
loss 0.051 = 0.037 + 0.009 + 0.005 avg prob of [ basketball] 0.9638563990592957
loss 0.039 = 0.025 + 0.009 + 0.005 avg prob of [ basketball] 0.9752669334411621
Init norm 71.58216094970703 | Delta norm 53.68662643432617 | Target norm 88.95822143554688
Computing right vector (v)
Lookup index found: 4 | Sentence: Jerzy Topolski has a citizenship from | Token: ki
Rewrite layer is 8
Tying optimization objective to 27
Recording initial value of v*
loss 7.223 = 7.223 + 0.0 + 0.0 avg prob of [ Ireland] 0.0008277199231088161
loss 4.635 = 4.627 + 0.005 + 0.004 avg prob of [ Ireland] 0.010716761462390423
loss 1.53 = 1.506 + 0.018 + 0.005 avg prob of [ Ireland] 0.25088009238243103
loss 0.614 = 0.594 + 0.015 + 0.006 avg prob of [ Ireland] 0.5637263059616089
loss 0.187 = 0.169 + 0.012 + 0.006 avg prob of [ Ireland] 0.8455818891525269
loss 0.071 = 0.055 + 0.011 + 0.006 avg prob of [ Ireland] 0.9467450976371765
loss 0.038 = 0.023 + 0.009 + 0.006 avg prob of [ Ireland] 0.9770018458366394
Init norm 67.3344955444336 | Delta norm 50.50086975097656 | Target norm 82.91146850585938
Computing right vector (v)
Lookup index found: 4 | Sentence: The language of Murder Call was | Token:  Call
Rewrite layer is 8
Tying optimization objective to 27
Recording initial value of v*
loss 9.722 = 9.722 + 0.0 + 0.0 avg prob of [ Italian] 7.558357901871204e-05
loss 5.341 = 5.314 + 0.025 + 0.003 avg prob of [ Italian] 0.014014098793268204
loss 1.275 = 1.249 + 0.022 + 0.004 avg prob of [ Italian] 0.3939065933227539
loss 0.206 = 0.169 + 0.032 + 0.005 avg prob of [ Italian] 0.8502931594848633
loss 0.063 = 0.021 + 0.037 + 0.005 avg prob of [ Italian] 0.9796364307403564
loss 0.037 = 0.006 + 0.025 + 0.005 avg prob of [ Italian] 0.993748664855957
Init norm 75.40980529785156 | Delta norm 56.55735778808594 | Target norm 92.88323211669922
Computing right vector (v)
Lookup index found: 4 | Sentence: Hamish MacCunn, who plays | Token: unn
Rewrite layer is 8
Tying optimization objective to 27
Recording initial value of v*
loss 9.761 = 9.761 + 0.0 + 0.0 avg prob of [ jazz] 6.961895996937528e-05
loss 6.16 = 6.14 + 0.017 + 0.003 avg prob of [ jazz] 0.002523438073694706
loss 4.115 = 4.083 + 0.028 + 0.004 avg prob of [ jazz] 0.017112933099269867
loss 0.802 = 0.771 + 0.026 + 0.005 avg prob of [ jazz] 0.4644818902015686
loss 0.083 = 0.024 + 0.054 + 0.005 avg prob of [ jazz] 0.9764889478683472
loss 0.047 = 0.004 + 0.038 + 0.005 avg prob of [ jazz] 0.9959648847579956
Init norm 74.29313659667969 | Delta norm 55.71985626220703 | Target norm 90.96845245361328
Computing right vector (v)
Lookup index found: 5 | Sentence: In Free City of Danzig, an official language is | Token: zig
Rewrite layer is 8
Tying optimization objective to 27
Recording initial value of v*
loss 5.848 = 5.848 + 0.0 + 0.0 avg prob of [ English] 0.003978326916694641
loss 2.748 = 2.741 + 0.004 + 0.003 avg prob of [ English] 0.08457417786121368
loss 0.496 = 0.482 + 0.01 + 0.004 avg prob of [ English] 0.6311479806900024
loss 0.175 = 0.16 + 0.01 + 0.005 avg prob of [ English] 0.8552557826042175
loss 0.101 = 0.09 + 0.007 + 0.005 avg prob of [ English] 0.9153444766998291
loss 0.065 = 0.055 + 0.004 + 0.005 avg prob of [ English] 0.9465223550796509
loss 0.045 = 0.037 + 0.004 + 0.005 avg prob of [ English] 0.9642123579978943
Init norm 76.2192153930664 | Delta norm 57.16441345214844 | Target norm 94.65898132324219
Computing right vector (v)
Lookup index found: 4 | Sentence: OSRAM Licht AG, founded in | Token:  AG
Rewrite layer is 8
Tying optimization objective to 27
Recording initial value of v*
loss 11.786 = 11.786 + 0.0 + 0.0 avg prob of [ Detroit] 8.124033229250927e-06
loss 9.965 = 9.937 + 0.026 + 0.003 avg prob of [ Detroit] 5.050101754022762e-05
loss 6.681 = 6.659 + 0.018 + 0.004 avg prob of [ Detroit] 0.0018623608630150557
loss 3.209 = 3.161 + 0.042 + 0.005 avg prob of [ Detroit] 0.04635394737124443
loss 1.316 = 1.211 + 0.1 + 0.005 avg prob of [ Detroit] 0.311085045337677
loss 0.28 = 0.081 + 0.194 + 0.005 avg prob of [ Detroit] 0.9229527711868286
loss 0.107 = 0.052 + 0.05 + 0.005 avg prob of [ Detroit] 0.9497545957565308
loss 0.081 = 0.035 + 0.04 + 0.005 avg prob of [ Detroit] 0.9654234647750854
loss 0.057 = 0.018 + 0.034 + 0.005 avg prob of [ Detroit] 0.9826310873031616
loss 0.047 = 0.008 + 0.034 + 0.005 avg prob of [ Detroit] 0.9920766353607178
Init norm 75.52176666259766 | Delta norm 56.641326904296875 | Target norm 92.2735595703125
Computing right vector (v)
Lookup index found: 5 | Sentence: Henri Verbrugghen plays the instrument | Token: hen
Rewrite layer is 8
Tying optimization objective to 27
Recording initial value of v*
loss 7.477 = 7.477 + 0.0 + 0.0 avg prob of [ piano] 0.0008059816900640726
loss 4.889 = 4.881 + 0.005 + 0.003 avg prob of [ piano] 0.012527713552117348
loss 1.478 = 1.366 + 0.106 + 0.005 avg prob of [ piano] 0.26833951473236084
loss 0.129 = 0.114 + 0.009 + 0.006 avg prob of [ piano] 0.8948677778244019
loss 0.03 = 0.016 + 0.008 + 0.006 avg prob of [ piano] 0.984005331993103
Init norm 68.06841278076172 | Delta norm 51.05131149291992 | Target norm 84.06499481201172
Computing right vector (v)
Lookup index found: 1 | Sentence: Aden, in | Token: en
Rewrite layer is 8
Tying optimization objective to 27
Recording initial value of v*
loss 9.911 = 9.911 + 0.0 + 0.0 avg prob of [ Italy] 0.00010018782631959766
loss 6.589 = 6.581 + 0.006 + 0.002 avg prob of [ Italy] 0.0036801656242460012
loss 3.515 = 3.475 + 0.037 + 0.003 avg prob of [ Italy] 0.03402328118681908
loss 0.805 = 0.686 + 0.115 + 0.004 avg prob of [ Italy] 0.537361204624176
loss 0.305 = 0.152 + 0.149 + 0.004 avg prob of [ Italy] 0.8651179075241089
loss 0.228 = 0.06 + 0.164 + 0.004 avg prob of [ Italy] 0.9426533579826355
loss 0.199 = 0.031 + 0.164 + 0.004 avg prob of [ Italy] 0.9698723554611206
loss 0.166 = 0.018 + 0.144 + 0.004 avg prob of [ Italy] 0.9826523661613464
loss 0.089 = 0.011 + 0.074 + 0.004 avg prob of [ Italy] 0.989068865776062
loss 0.062 = 0.008 + 0.05 + 0.004 avg prob of [ Italy] 0.9922851920127869
loss 0.067 = 0.006 + 0.056 + 0.004 avg prob of [ Italy] 0.9939137697219849
loss 0.062 = 0.005 + 0.052 + 0.004 avg prob of [ Italy] 0.9948870539665222
loss 0.049 = 0.004 + 0.04 + 0.004 avg prob of [ Italy] 0.9955600500106812
Init norm 84.95098876953125 | Delta norm 63.7132453918457 | Target norm 106.82857513427734
Computing right vector (v)
Lookup index found: 6 | Sentence: The original language of The Main Chance is | Token:  Chance
Rewrite layer is 8
Tying optimization objective to 27
Recording initial value of v*
loss 9.115 = 9.115 + 0.0 + 0.0 avg prob of [ Korean] 0.00016260502161458135
loss 6.055 = 6.035 + 0.018 + 0.002 avg prob of [ Korean] 0.004213419742882252
loss 5.312 = 5.28 + 0.029 + 0.004 avg prob of [ Korean] 0.007047097664326429
loss 4.554 = 4.513 + 0.036 + 0.004 avg prob of [ Korean] 0.014544728212058544
loss 3.759 = 3.717 + 0.037 + 0.004 avg prob of [ Korean] 0.0319301038980484
loss 2.811 = 2.772 + 0.034 + 0.004 avg prob of [ Korean] 0.08377505838871002
loss 1.314 = 1.276 + 0.034 + 0.004 avg prob of [ Korean] 0.3046736717224121
loss 0.476 = 0.413 + 0.058 + 0.004 avg prob of [ Korean] 0.6738500595092773
loss 0.112 = 0.031 + 0.077 + 0.004 avg prob of [ Korean] 0.969633936882019
loss 0.049 = 0.009 + 0.036 + 0.004 avg prob of [ Korean] 0.9913005828857422
Init norm 84.88497161865234 | Delta norm 63.66372299194336 | Target norm 103.42005920410156
Computing right vector (v)
Lookup index found: 4 | Sentence: Mariano Gago's life ended in | Token: ago
Rewrite layer is 8
Tying optimization objective to 27
Recording initial value of v*
loss 8.069 = 8.069 + 0.0 + 0.0 avg prob of [ Havana] 0.0003415054816287011
loss 5.24 = 5.22 + 0.017 + 0.003 avg prob of [ Havana] 0.005949090234935284
loss 1.097 = 1.074 + 0.017 + 0.005 avg prob of [ Havana] 0.3501212000846863
loss 0.113 = 0.088 + 0.019 + 0.005 avg prob of [ Havana] 0.9162670969963074
loss 0.046 = 0.019 + 0.021 + 0.005 avg prob of [ Havana] 0.9808330535888672
Init norm 69.13713836669922 | Delta norm 51.852848052978516 | Target norm 86.24303436279297
Computing right vector (v)
Lookup index found: 3 | Sentence: Angelo Bertelli plays in the position of | Token: lli
Rewrite layer is 8
Tying optimization objective to 27
Recording initial value of v*
loss 4.877 = 4.877 + 0.0 + 0.0 avg prob of [ midfielder] 0.014680227264761925
loss 3.051 = 3.029 + 0.019 + 0.003 avg prob of [ midfielder] 0.055808573961257935
loss 1.5 = 1.447 + 0.048 + 0.005 avg prob of [ midfielder] 0.2517145872116089
loss 0.195 = 0.171 + 0.018 + 0.005 avg prob of [ midfielder] 0.8451920747756958
loss 0.045 = 0.026 + 0.014 + 0.005 avg prob of [ midfielder] 0.9740517139434814
Init norm 70.83270263671875 | Delta norm 53.12453079223633 | Target norm 87.68798065185547
Computing right vector (v)
Lookup index found: 2 | Sentence: Paul Vincent Donovan has the position of | Token:  Donovan
Rewrite layer is 8
Tying optimization objective to 27
Recording initial value of v*
loss 9.605 = 9.605 + 0.0 + 0.0 avg prob of [ cardinal] 0.00013972223678138107
loss 4.469 = 4.422 + 0.044 + 0.003 avg prob of [ cardinal] 0.01456559356302023
loss 1.045 = 0.986 + 0.054 + 0.005 avg prob of [ cardinal] 0.4048914909362793
loss 0.168 = 0.101 + 0.061 + 0.005 avg prob of [ cardinal] 0.9052610397338867
loss 0.068 = 0.022 + 0.041 + 0.005 avg prob of [ cardinal] 0.9784247875213623
loss 0.022 = 0.008 + 0.009 + 0.005 avg prob of [ cardinal] 0.9922064542770386
Init norm 69.92864227294922 | Delta norm 52.44648361206055 | Target norm 87.34188079833984
Computing right vector (v)
Lookup index found: 3 | Sentence: Dodge Custom Royal, produced by | Token:  Royal
Rewrite layer is 8
Tying optimization objective to 27
Recording initial value of v*
loss 6.139 = 6.139 + 0.0 + 0.0 avg prob of [ Fiat] 0.0026004109531641006
loss 2.983 = 2.942 + 0.038 + 0.003 avg prob of [ Fiat] 0.06157437711954117
loss 0.568 = 0.468 + 0.097 + 0.004 avg prob of [ Fiat] 0.64695805311203
loss 0.146 = 0.032 + 0.109 + 0.005 avg prob of [ Fiat] 0.9684942960739136
loss 0.112 = 0.01 + 0.097 + 0.005 avg prob of [ Fiat] 0.9900785684585571
loss 0.091 = 0.006 + 0.08 + 0.005 avg prob of [ Fiat] 0.9944714903831482
loss 0.076 = 0.004 + 0.067 + 0.005 avg prob of [ Fiat] 0.9961167573928833
loss 0.067 = 0.003 + 0.059 + 0.005 avg prob of [ Fiat] 0.9972531199455261
loss 0.062 = 0.002 + 0.056 + 0.005 avg prob of [ Fiat] 0.9980086088180542
loss 0.06 = 0.002 + 0.054 + 0.005 avg prob of [ Fiat] 0.9984611868858337
loss 0.059 = 0.001 + 0.053 + 0.005 avg prob of [ Fiat] 0.9987326860427856
loss 0.057 = 0.001 + 0.052 + 0.005 avg prob of [ Fiat] 0.9989091157913208
loss 0.055 = 0.001 + 0.05 + 0.005 avg prob of [ Fiat] 0.9990338683128357
loss 0.053 = 0.001 + 0.047 + 0.005 avg prob of [ Fiat] 0.9991244077682495
loss 0.049 = 0.001 + 0.044 + 0.005 avg prob of [ Fiat] 0.9991869926452637
Init norm 78.9018783569336 | Delta norm 59.17640686035156 | Target norm 96.588134765625
Computing right vector (v)
Lookup index found: 3 | Sentence: Celilo Village, in | Token:  Village
Rewrite layer is 8
Tying optimization objective to 27
Recording initial value of v*
loss 7.619 = 7.619 + 0.0 + 0.0 avg prob of [ Idaho] 0.001213042763993144
loss 5.727 = 5.699 + 0.025 + 0.003 avg prob of [ Idaho] 0.004358009900897741
loss 3.71 = 3.668 + 0.038 + 0.004 avg prob of [ Idaho] 0.03471018001437187
loss 1.156 = 1.106 + 0.046 + 0.005 avg prob of [ Idaho] 0.37219080328941345
loss 0.188 = 0.124 + 0.059 + 0.005 avg prob of [ Idaho] 0.8872201442718506
loss 0.101 = 0.031 + 0.066 + 0.005 avg prob of [ Idaho] 0.9701159000396729
loss 0.067 = 0.015 + 0.047 + 0.005 avg prob of [ Idaho] 0.9847872257232666
loss 0.049 = 0.01 + 0.035 + 0.005 avg prob of [ Idaho] 0.9900401830673218
Init norm 77.44969177246094 | Delta norm 58.08726501464844 | Target norm 95.3730697631836
Computing right vector (v)
Lookup index found: 3 | Sentence: The City Harmonic formed in | Token: onic
Rewrite layer is 8
Tying optimization objective to 27
Recording initial value of v*
loss 8.312 = 8.312 + 0.0 + 0.0 avg prob of [ Munich] 0.00038261100417003036
loss 4.427 = 4.402 + 0.022 + 0.003 avg prob of [ Munich] 0.01277585607022047
loss 1.457 = 1.404 + 0.048 + 0.005 avg prob of [ Munich] 0.25790131092071533
loss 0.089 = 0.01 + 0.073 + 0.005 avg prob of [ Munich] 0.9896735548973083
loss 0.057 = 0.001 + 0.051 + 0.005 avg prob of [ Munich] 0.9987713098526001
loss 0.059 = 0.001 + 0.054 + 0.005 avg prob of [ Munich] 0.9994871020317078
loss 0.06 = 0.0 + 0.054 + 0.005 avg prob of [ Munich] 0.9996541738510132
loss 0.06 = 0.0 + 0.054 + 0.005 avg prob of [ Munich] 0.9997140765190125
loss 0.059 = 0.0 + 0.054 + 0.005 avg prob of [ Munich] 0.9997395277023315
loss 0.058 = 0.0 + 0.052 + 0.005 avg prob of [ Munich] 0.9997502565383911
loss 0.055 = 0.0 + 0.049 + 0.005 avg prob of [ Munich] 0.9997528791427612
loss 0.052 = 0.0 + 0.046 + 0.005 avg prob of [ Munich] 0.9997496604919434
loss 0.05 = 0.0 + 0.045 + 0.005 avg prob of [ Munich] 0.999748170375824
Init norm 72.68350219726562 | Delta norm 54.51262664794922 | Target norm 89.59037017822266
Computing right vector (v)
Lookup index found: 1 | Sentence: Joseph Zen holds the position of | Token:  Zen
Rewrite layer is 8
Tying optimization objective to 27
Recording initial value of v*
loss 8.036 = 8.036 + 0.0 + 0.0 avg prob of [ bishop] 0.00036471622297540307
loss 5.506 = 5.453 + 0.052 + 0.002 avg prob of [ bishop] 0.008644497953355312
loss 1.562 = 1.483 + 0.075 + 0.003 avg prob of [ bishop] 0.2477291077375412
loss 0.724 = 0.624 + 0.096 + 0.004 avg prob of [ bishop] 0.5392862558364868
loss 0.383 = 0.282 + 0.097 + 0.004 avg prob of [ bishop] 0.7556188106536865
loss 0.219 = 0.123 + 0.091 + 0.004 avg prob of [ bishop] 0.8844401836395264
loss 0.145 = 0.056 + 0.085 + 0.004 avg prob of [ bishop] 0.9459975957870483
loss 0.113 = 0.027 + 0.081 + 0.004 avg prob of [ bishop] 0.9729596376419067
loss 0.101 = 0.015 + 0.081 + 0.004 avg prob of [ bishop] 0.9851101636886597
loss 0.096 = 0.009 + 0.083 + 0.004 avg prob of [ bishop] 0.9910051822662354
loss 0.094 = 0.006 + 0.084 + 0.004 avg prob of [ bishop] 0.9941120147705078
loss 0.092 = 0.004 + 0.084 + 0.004 avg prob of [ bishop] 0.9958807826042175
loss 0.091 = 0.003 + 0.083 + 0.004 avg prob of [ bishop] 0.9969579577445984
loss 0.089 = 0.002 + 0.083 + 0.004 avg prob of [ bishop] 0.9976524114608765
loss 0.088 = 0.002 + 0.082 + 0.004 avg prob of [ bishop] 0.9981209635734558
loss 0.087 = 0.002 + 0.081 + 0.004 avg prob of [ bishop] 0.9984492063522339
loss 0.086 = 0.001 + 0.08 + 0.004 avg prob of [ bishop] 0.9986848831176758
loss 0.085 = 0.001 + 0.08 + 0.004 avg prob of [ bishop] 0.9988576173782349
loss 0.084 = 0.001 + 0.079 + 0.004 avg prob of [ bishop] 0.9989866614341736
loss 0.083 = 0.001 + 0.078 + 0.004 avg prob of [ bishop] 0.9990850687026978
loss 0.082 = 0.001 + 0.077 + 0.004 avg prob of [ bishop] 0.9991620779037476
loss 0.081 = 0.001 + 0.076 + 0.004 avg prob of [ bishop] 0.999224066734314
loss 0.078 = 0.001 + 0.073 + 0.004 avg prob of [ bishop] 0.9992750883102417
loss 0.07 = 0.001 + 0.065 + 0.004 avg prob of [ bishop] 0.9993175268173218
loss 0.039 = 0.001 + 0.034 + 0.004 avg prob of [ bishop] 0.9993506669998169
Init norm 87.2906494140625 | Delta norm 65.46798706054688 | Target norm 111.0263442993164
Computing right vector (v)
Lookup index found: 6 | Sentence: The twin city of Algiers is | Token: iers
Rewrite layer is 8
Tying optimization objective to 27
Recording initial value of v*
loss 9.994 = 9.994 + 0.0 + 0.0 avg prob of [ Cairo] 5.651383980875835e-05
loss 2.734 = 2.719 + 0.013 + 0.002 avg prob of [ Cairo] 0.1207258552312851
loss 0.66 = 0.631 + 0.026 + 0.003 avg prob of [ Cairo] 0.5376260280609131
loss 0.156 = 0.115 + 0.036 + 0.004 avg prob of [ Cairo] 0.8913199305534363
loss 0.07 = 0.032 + 0.034 + 0.004 avg prob of [ Cairo] 0.9684267044067383
loss 0.049 = 0.013 + 0.032 + 0.004 avg prob of [ Cairo] 0.9867674708366394
Init norm 86.37808990478516 | Delta norm 64.7835693359375 | Target norm 106.76115417480469
Computing right vector (v)
Lookup index found: 3 | Sentence: Cuba libre, which was called after | Token: re
Rewrite layer is 8
Tying optimization objective to 27
Recording initial value of v*
loss 12.992 = 12.992 + 0.0 + 0.0 avg prob of [ Seattle] 3.0313046863739146e-06
loss 7.263 = 7.249 + 0.011 + 0.003 avg prob of [ Seattle] 0.001554839313030243
loss 2.008 = 1.94 + 0.063 + 0.004 avg prob of [ Seattle] 0.20868997275829315
loss 0.835 = 0.757 + 0.073 + 0.005 avg prob of [ Seattle] 0.545793890953064
loss 0.277 = 0.215 + 0.056 + 0.005 avg prob of [ Seattle] 0.821184515953064
loss 0.101 = 0.057 + 0.04 + 0.005 avg prob of [ Seattle] 0.9455914497375488
loss 0.053 = 0.02 + 0.027 + 0.005 avg prob of [ Seattle] 0.9798005819320679
loss 0.035 = 0.01 + 0.02 + 0.005 avg prob of [ Seattle] 0.990277886390686
Init norm 73.73303985595703 | Delta norm 55.299781799316406 | Target norm 92.25666046142578
Computing right vector (v)
Lookup index found: 4 | Sentence: Infiniti Q45 is produced by | Token: 45
Rewrite layer is 8
Tying optimization objective to 27
Recording initial value of v*
loss 5.01 = 5.01 + 0.0 + 0.0 avg prob of [ Toyota] 0.008780542761087418
loss 0.746 = 0.719 + 0.024 + 0.002 avg prob of [ Toyota] 0.5080114603042603
loss 0.079 = 0.02 + 0.055 + 0.004 avg prob of [ Toyota] 0.9806146621704102
loss 0.063 = 0.008 + 0.05 + 0.005 avg prob of [ Toyota] 0.9916164875030518
loss 0.045 = 0.006 + 0.034 + 0.005 avg prob of [ Toyota] 0.9937893152236938
Init norm 81.32725524902344 | Delta norm 60.995445251464844 | Target norm 101.09656524658203
Computing right vector (v)
Lookup index found: 6 | Sentence: Adolphe d'Ennery was born in | Token: nery
Rewrite layer is 8
Tying optimization objective to 27
Recording initial value of v*
loss 13.301 = 13.301 + 0.0 + 0.0 avg prob of [ Bihar] 1.8903291447713855e-06
loss 10.331 = 10.321 + 0.007 + 0.003 avg prob of [ Bihar] 3.8571295590372756e-05
loss 4.115 = 4.106 + 0.004 + 0.005 avg prob of [ Bihar] 0.017485959455370903
loss 1.808 = 1.798 + 0.005 + 0.005 avg prob of [ Bihar] 0.16983672976493835
loss 0.306 = 0.296 + 0.005 + 0.005 avg prob of [ Bihar] 0.7486780881881714
loss 0.052 = 0.041 + 0.005 + 0.005 avg prob of [ Bihar] 0.9597530364990234
loss 0.024 = 0.013 + 0.006 + 0.005 avg prob of [ Bihar] 0.9869974851608276
Init norm 71.38409423828125 | Delta norm 53.5380744934082 | Target norm 88.23684692382812
Computing right vector (v)
Lookup index found: 4 | Sentence: Bais Hatalmud is in | Token: mud
Rewrite layer is 8
Tying optimization objective to 27
Recording initial value of v*
loss 9.217 = 9.217 + 0.0 + 0.0 avg prob of [ Warsaw] 0.000144442223245278
loss 4.307 = 4.273 + 0.031 + 0.003 avg prob of [ Warsaw] 0.015309197828173637
loss 1.711 = 1.632 + 0.075 + 0.005 avg prob of [ Warsaw] 0.2036484181880951
loss 0.402 = 0.3 + 0.096 + 0.005 avg prob of [ Warsaw] 0.7524020075798035
loss 0.181 = 0.06 + 0.116 + 0.005 avg prob of [ Warsaw] 0.9433493614196777
loss 0.141 = 0.016 + 0.119 + 0.005 avg prob of [ Warsaw] 0.9838916063308716
loss 0.123 = 0.007 + 0.111 + 0.005 avg prob of [ Warsaw] 0.9935054779052734
loss 0.115 = 0.003 + 0.107 + 0.005 avg prob of [ Warsaw] 0.9966182708740234
loss 0.107 = 0.002 + 0.1 + 0.005 avg prob of [ Warsaw] 0.9978444576263428
loss 0.093 = 0.002 + 0.086 + 0.005 avg prob of [ Warsaw] 0.9983712434768677
loss 0.071 = 0.001 + 0.064 + 0.005 avg prob of [ Warsaw] 0.998597264289856
loss 0.046 = 0.001 + 0.04 + 0.005 avg prob of [ Warsaw] 0.9987249374389648
Init norm 72.5066909790039 | Delta norm 54.38002014160156 | Target norm 89.0740966796875
Computing right vector (v)
Lookup index found: 2 | Sentence: Mecca Normal, that was developed in | Token:  Normal
Rewrite layer is 8
Tying optimization objective to 27
Recording initial value of v*
loss 6.303 = 6.303 + 0.0 + 0.0 avg prob of [ Australia] 0.0024107464123517275
loss 3.75 = 3.732 + 0.015 + 0.003 avg prob of [ Australia] 0.040369536727666855
loss 0.483 = 0.437 + 0.041 + 0.005 avg prob of [ Australia] 0.6579212546348572
loss 0.169 = 0.118 + 0.046 + 0.005 avg prob of [ Australia] 0.8899602890014648
loss 0.102 = 0.05 + 0.047 + 0.005 avg prob of [ Australia] 0.9515552520751953
loss 0.078 = 0.027 + 0.046 + 0.005 avg prob of [ Australia] 0.973651647567749
loss 0.066 = 0.018 + 0.044 + 0.005 avg prob of [ Australia] 0.9826151728630066
loss 0.059 = 0.013 + 0.041 + 0.005 avg prob of [ Australia] 0.9870230555534363
loss 0.054 = 0.01 + 0.038 + 0.005 avg prob of [ Australia] 0.9895821809768677
loss 0.049 = 0.009 + 0.035 + 0.005 avg prob of [ Australia] 0.9912608861923218
Init norm 72.56358337402344 | Delta norm 54.42268753051758 | Target norm 90.2163314819336
Computing right vector (v)
Lookup index found: 3 | Sentence: Waverley Root died in | Token:  Root
Rewrite layer is 8
Tying optimization objective to 27
Recording initial value of v*
loss 5.313 = 5.313 + 0.0 + 0.0 avg prob of [ London] 0.005665769800543785
loss 3.902 = 3.883 + 0.016 + 0.003 avg prob of [ London] 0.02189943566918373
loss 1.884 = 1.839 + 0.039 + 0.005 avg prob of [ London] 0.1645161509513855
loss 0.363 = 0.314 + 0.043 + 0.005 avg prob of [ London] 0.7356866598129272
loss 0.07 = 0.013 + 0.052 + 0.005 avg prob of [ London] 0.9873585104942322
loss 0.06 = 0.002 + 0.053 + 0.005 avg prob of [ London] 0.9983741044998169
loss 0.052 = 0.001 + 0.046 + 0.005 avg prob of [ London] 0.9994192123413086
loss 0.05 = 0.0 + 0.045 + 0.005 avg prob of [ London] 0.9996501207351685
loss 0.047 = 0.0 + 0.041 + 0.005 avg prob of [ London] 0.999727725982666
Init norm 69.1597900390625 | Delta norm 51.869842529296875 | Target norm 86.413818359375
Computing right vector (v)
Lookup index found: 5 | Sentence: Blaise Matuidi professionally plays the sport | Token: idi
Rewrite layer is 8
Tying optimization objective to 27
Recording initial value of v*
loss 11.069 = 11.069 + 0.0 + 0.0 avg prob of [ baseball] 2.203983603976667e-05
loss 5.602 = 5.549 + 0.05 + 0.003 avg prob of [ baseball] 0.004371981602162123
loss 2.105 = 2.029 + 0.072 + 0.004 avg prob of [ baseball] 0.1642569601535797
loss 1.074 = 0.997 + 0.072 + 0.005 avg prob of [ baseball] 0.3960878252983093
loss 0.455 = 0.389 + 0.061 + 0.005 avg prob of [ baseball] 0.6869434118270874
loss 0.184 = 0.132 + 0.046 + 0.005 avg prob of [ baseball] 0.8765455484390259
loss 0.096 = 0.061 + 0.03 + 0.005 avg prob of [ baseball] 0.9412639141082764
loss 0.063 = 0.039 + 0.019 + 0.005 avg prob of [ baseball] 0.9620363116264343
loss 0.049 = 0.029 + 0.015 + 0.005 avg prob of [ baseball] 0.971074104309082
Init norm 73.89942932128906 | Delta norm 55.42457580566406 | Target norm 92.12061309814453
Computing right vector (v)
Lookup index found: 3 | Sentence: Ozumba is located in the country of | Token: a
Rewrite layer is 8
Tying optimization objective to 27
Recording initial value of v*
loss 6.443 = 6.443 + 0.0 + 0.0 avg prob of [ Russia] 0.0019600512459874153
loss 4.614 = 4.593 + 0.016 + 0.004 avg prob of [ Russia] 0.011982093565165997
loss 2.17 = 2.144 + 0.02 + 0.006 avg prob of [ Russia] 0.12296338379383087
loss 1.098 = 1.075 + 0.017 + 0.006 avg prob of [ Russia] 0.35746774077415466
loss 0.403 = 0.378 + 0.02 + 0.006 avg prob of [ Russia] 0.6943179965019226
loss 0.141 = 0.112 + 0.023 + 0.006 avg prob of [ Russia] 0.8948830962181091
loss 0.074 = 0.042 + 0.025 + 0.006 avg prob of [ Russia] 0.9585201144218445
loss 0.056 = 0.024 + 0.026 + 0.006 avg prob of [ Russia] 0.9765874147415161
loss 0.048 = 0.017 + 0.025 + 0.006 avg prob of [ Russia] 0.9833372831344604
Init norm 60.81510925292969 | Delta norm 45.611331939697266 | Target norm 74.34130096435547
Computing right vector (v)
Lookup index found: 4 | Sentence: Zhou Fohai speaks the language | Token: ai
Rewrite layer is 8
Tying optimization objective to 27
Recording initial value of v*
loss 11.193 = 11.193 + 0.0 + 0.0 avg prob of [ French] 2.389067958574742e-05
loss 7.154 = 7.118 + 0.032 + 0.003 avg prob of [ French] 0.0011934407521039248
loss 1.527 = 1.474 + 0.048 + 0.005 avg prob of [ French] 0.24697962403297424
loss 0.598 = 0.126 + 0.466 + 0.005 avg prob of [ French] 0.8827843070030212
loss 0.136 = 0.067 + 0.064 + 0.005 avg prob of [ French] 0.9358381032943726
loss 0.048 = 0.031 + 0.012 + 0.005 avg prob of [ French] 0.9702858924865723
Init norm 70.87688446044922 | Delta norm 53.15766525268555 | Target norm 86.19017791748047
Computing right vector (v)
Lookup index found: 3 | Sentence: The Jeffersons is to debut on | Token: ons
Rewrite layer is 8
Tying optimization objective to 27
Recording initial value of v*
loss 9.1 = 9.1 + 0.0 + 0.0 avg prob of [ MTV] 0.00035600451519712806
loss 5.994 = 5.964 + 0.028 + 0.002 avg prob of [ MTV] 0.0028397978749126196
loss 4.528 = 4.499 + 0.025 + 0.004 avg prob of [ MTV] 0.015811648219823837
loss 2.269 = 2.234 + 0.03 + 0.005 avg prob of [ MTV] 0.13978005945682526
loss 0.962 = 0.931 + 0.026 + 0.005 avg prob of [ MTV] 0.43198782205581665
loss 0.263 = 0.239 + 0.019 + 0.005 avg prob of [ MTV] 0.7961267232894897
loss 0.074 = 0.053 + 0.017 + 0.005 avg prob of [ MTV] 0.9490353465080261
loss 0.039 = 0.017 + 0.017 + 0.005 avg prob of [ MTV] 0.9832398891448975
Init norm 81.34481048583984 | Delta norm 61.008609771728516 | Target norm 99.89356994628906
Computing right vector (v)
Lookup index found: 10 | Sentence: Nikolaj Frederik Severin Grundtvig's profession is a | Token: ig
Rewrite layer is 8
Tying optimization objective to 27
Recording initial value of v*
loss 6.957 = 6.957 + 0.0 + 0.0 avg prob of [ politician] 0.0010573777835816145
loss 4.335 = 4.309 + 0.023 + 0.002 avg prob of [ politician] 0.01690182276070118
loss 1.55 = 1.539 + 0.007 + 0.004 avg prob of [ politician] 0.23851844668388367
loss 0.807 = 0.78 + 0.022 + 0.005 avg prob of [ politician] 0.48161524534225464
loss 0.402 = 0.369 + 0.028 + 0.005 avg prob of [ politician] 0.7061924934387207
loss 0.188 = 0.15 + 0.033 + 0.005 avg prob of [ politician] 0.864310622215271
loss 0.098 = 0.06 + 0.034 + 0.005 avg prob of [ politician] 0.9425175189971924
loss 0.061 = 0.026 + 0.03 + 0.005 avg prob of [ politician] 0.9741577506065369
loss 0.047 = 0.013 + 0.029 + 0.005 avg prob of [ politician] 0.9868766069412231
Init norm 81.66390228271484 | Delta norm 61.247928619384766 | Target norm 101.45954895019531
Computing right vector (v)
Lookup index found: 5 | Sentence: Which position does John Reaves play? They play as | Token: aves
Rewrite layer is 8
Tying optimization objective to 27
Recording initial value of v*
loss 8.102 = 8.102 + 0.0 + 0.0 avg prob of [ midfielder] 0.00039753911551088095
loss 4.778 = 4.77 + 0.004 + 0.003 avg prob of [ midfielder] 0.00993120577186346
loss 3.391 = 3.338 + 0.048 + 0.005 avg prob of [ midfielder] 0.043436210602521896
loss 0.656 = 0.601 + 0.049 + 0.005 avg prob of [ midfielder] 0.5706503391265869
loss 0.067 = 0.015 + 0.048 + 0.005 avg prob of [ midfielder] 0.9855985045433044
loss 0.059 = 0.004 + 0.05 + 0.005 avg prob of [ midfielder] 0.9960516691207886
loss 0.056 = 0.002 + 0.049 + 0.005 avg prob of [ midfielder] 0.9976617693901062
loss 0.051 = 0.002 + 0.044 + 0.005 avg prob of [ midfielder] 0.998184859752655
loss 0.043 = 0.002 + 0.036 + 0.005 avg prob of [ midfielder] 0.998462438583374
Init norm 70.86605072021484 | Delta norm 53.149532318115234 | Target norm 85.27603149414062
Computing right vector (v)
Lookup index found: 3 | Sentence: Live from Lincoln Center debuted on | Token:  Center
Rewrite layer is 8
Tying optimization objective to 27
Recording initial value of v*
loss 3.516 = 3.516 + 0.0 + 0.0 avg prob of [ NBC] 0.03067123144865036
loss 1.079 = 1.067 + 0.009 + 0.002 avg prob of [ NBC] 0.3966107964515686
loss 0.081 = 0.06 + 0.017 + 0.003 avg prob of [ NBC] 0.942497968673706
loss 0.031 = 0.005 + 0.021 + 0.004 avg prob of [ NBC] 0.9946190118789673
Init norm 86.02934265136719 | Delta norm 64.52200317382812 | Target norm 107.16717529296875
Computing right vector (v)
Lookup index found: 5 | Sentence: Geirr Tveitt performs on the | Token: itt
Rewrite layer is 8
Tying optimization objective to 27
Recording initial value of v*
loss 4.702 = 4.702 + 0.0 + 0.0 avg prob of [ guitar] 0.011323458515107632
loss 1.696 = 1.668 + 0.025 + 0.003 avg prob of [ guitar] 0.19917547702789307
loss 0.283 = 0.23 + 0.048 + 0.005 avg prob of [ guitar] 0.7964703440666199
loss 0.064 = 0.019 + 0.04 + 0.005 avg prob of [ guitar] 0.9812235832214355
loss 0.034 = 0.006 + 0.023 + 0.005 avg prob of [ guitar] 0.9942192435264587
Init norm 68.8449935913086 | Delta norm 51.63374328613281 | Target norm 85.80563354492188
Computing right vector (v)
Lookup index found: 2 | Sentence: Frederick Ashton writes in | Token:  Ashton
Rewrite layer is 8
Tying optimization objective to 27
Recording initial value of v*
loss 12.052 = 12.052 + 0.0 + 0.0 avg prob of [ Hungarian] 6.91720015311148e-06
loss 6.226 = 6.214 + 0.009 + 0.003 avg prob of [ Hungarian] 0.006086964160203934
loss 2.886 = 2.851 + 0.03 + 0.004 avg prob of [ Hungarian] 0.07102908194065094
loss 1.011 = 0.972 + 0.034 + 0.005 avg prob of [ Hungarian] 0.41043972969055176
loss 0.212 = 0.166 + 0.041 + 0.005 avg prob of [ Hungarian] 0.8535455465316772
loss 0.099 = 0.044 + 0.051 + 0.005 avg prob of [ Hungarian] 0.957932710647583
loss 0.072 = 0.02 + 0.047 + 0.005 avg prob of [ Hungarian] 0.9801225662231445
loss 0.054 = 0.015 + 0.034 + 0.005 avg prob of [ Hungarian] 0.9850767850875854
loss 0.049 = 0.014 + 0.03 + 0.005 avg prob of [ Hungarian] 0.9857651591300964
Init norm 74.87882232666016 | Delta norm 56.15911865234375 | Target norm 91.4925765991211
Computing right vector (v)
Lookup index found: 4 | Sentence: John R. Opel is employed by | Token: el
Rewrite layer is 8
Tying optimization objective to 27
Recording initial value of v*
loss 7.285 = 7.285 + 0.0 + 0.0 avg prob of [ Boeing] 0.000806542462669313
loss 3.383 = 3.369 + 0.01 + 0.004 avg prob of [ Boeing] 0.04513182491064072
loss 0.196 = 0.131 + 0.059 + 0.006 avg prob of [ Boeing] 0.8840329647064209
loss 0.028 = 0.0 + 0.021 + 0.006 avg prob of [ Boeing] 0.9995748400688171
Init norm 64.6348876953125 | Delta norm 48.476165771484375 | Target norm 79.25064086914062
Computing right vector (v)
Lookup index found: 5 | Sentence: Chevrolet S-10, created by | Token: 10
Rewrite layer is 8
Tying optimization objective to 27
Recording initial value of v*
loss 11.369 = 11.369 + 0.0 + 0.0 avg prob of [ Iran] 1.4140538951323833e-05
loss 8.068 = 8.035 + 0.03 + 0.003 avg prob of [ Iran] 0.00043871879461221397
loss 1.161 = 1.103 + 0.054 + 0.004 avg prob of [ Iran] 0.34933432936668396
loss 0.357 = 0.292 + 0.06 + 0.005 avg prob of [ Iran] 0.7499159574508667
loss 0.173 = 0.116 + 0.052 + 0.005 avg prob of [ Iran] 0.8908929228782654
loss 0.102 = 0.047 + 0.05 + 0.005 avg prob of [ Iran] 0.9542338848114014
loss 0.075 = 0.021 + 0.049 + 0.005 avg prob of [ Iran] 0.9791237711906433
loss 0.065 = 0.011 + 0.049 + 0.005 avg prob of [ Iran] 0.9892681837081909
loss 0.059 = 0.006 + 0.048 + 0.005 avg prob of [ Iran] 0.9937748312950134
loss 0.056 = 0.004 + 0.047 + 0.005 avg prob of [ Iran] 0.995978057384491
loss 0.053 = 0.003 + 0.045 + 0.005 avg prob of [ Iran] 0.9971588850021362
loss 0.051 = 0.002 + 0.044 + 0.005 avg prob of [ Iran] 0.9978463053703308
loss 0.049 = 0.002 + 0.042 + 0.005 avg prob of [ Iran] 0.9982767105102539
Init norm 74.83850860595703 | Delta norm 56.128883361816406 | Target norm 93.9476318359375
Computing right vector (v)
Lookup index found: 8 | Sentence: The language used by Gilad Atzmon is | Token: mon
Rewrite layer is 8
Tying optimization objective to 27
Recording initial value of v*
loss 12.278 = 12.278 + 0.0 + 0.0 avg prob of [ Italian] 5.238278390606865e-06
loss 8.601 = 8.575 + 0.024 + 0.002 avg prob of [ Italian] 0.0002293868164997548
loss 3.813 = 3.776 + 0.033 + 0.004 avg prob of [ Italian] 0.028644539415836334
loss 1.607 = 1.555 + 0.048 + 0.005 avg prob of [ Italian] 0.21739652752876282
loss 0.787 = 0.733 + 0.05 + 0.005 avg prob of [ Italian] 0.4893754720687866
loss 0.343 = 0.287 + 0.051 + 0.005 avg prob of [ Italian] 0.7542146444320679
loss 0.175 = 0.118 + 0.052 + 0.005 avg prob of [ Italian] 0.8894626498222351
loss 0.108 = 0.056 + 0.047 + 0.005 avg prob of [ Italian] 0.945734977722168
loss 0.075 = 0.031 + 0.039 + 0.005 avg prob of [ Italian] 0.9697821140289307
loss 0.054 = 0.019 + 0.03 + 0.005 avg prob of [ Italian] 0.9808232188224792
loss 0.045 = 0.014 + 0.026 + 0.005 avg prob of [ Italian] 0.9863917827606201
Init norm 80.95030212402344 | Delta norm 60.71272659301758 | Target norm 98.142333984375
Computing right vector (v)
Lookup index found: 6 | Sentence: What is the twin city of Milan? It is | Token:  Milan
Rewrite layer is 8
Tying optimization objective to 27
Recording initial value of v*
loss 9.085 = 9.085 + 0.0 + 0.0 avg prob of [ Montreal] 0.000164427183335647
loss 5.773 = 5.76 + 0.011 + 0.002 avg prob of [ Montreal] 0.0038781824987381697
loss 3.271 = 3.242 + 0.025 + 0.004 avg prob of [ Montreal] 0.048923131078481674
loss 0.733 = 0.687 + 0.042 + 0.004 avg prob of [ Montreal] 0.51336270570755
loss 0.199 = 0.148 + 0.046 + 0.004 avg prob of [ Montreal] 0.8625648021697998
loss 0.101 = 0.051 + 0.046 + 0.004 avg prob of [ Montreal] 0.9504863023757935
loss 0.073 = 0.025 + 0.044 + 0.004 avg prob of [ Montreal] 0.9754848480224609
loss 0.061 = 0.014 + 0.042 + 0.004 avg prob of [ Montreal] 0.9857935905456543
loss 0.053 = 0.009 + 0.039 + 0.004 avg prob of [ Montreal] 0.9911186695098877
loss 0.047 = 0.006 + 0.037 + 0.004 avg prob of [ Montreal] 0.9941843748092651
Init norm 84.4342269897461 | Delta norm 63.32566833496094 | Target norm 102.29421997070312
Computing right vector (v)
Lookup index found: 3 | Sentence: Chick Corea performs | Token: a
Rewrite layer is 8
Tying optimization objective to 27
Recording initial value of v*
loss 12.436 = 12.436 + 0.0 + 0.0 avg prob of [ fantasy] 4.650360097002704e-06
loss 8.294 = 8.276 + 0.016 + 0.002 avg prob of [ fantasy] 0.00029157695826143026
loss 4.932 = 4.88 + 0.048 + 0.004 avg prob of [ fantasy] 0.009123710915446281
loss 1.152 = 1.071 + 0.076 + 0.005 avg prob of [ fantasy] 0.3725765645503998
loss 0.145 = 0.016 + 0.125 + 0.005 avg prob of [ fantasy] 0.9845271110534668
loss 0.058 = 0.002 + 0.052 + 0.005 avg prob of [ fantasy] 0.9977515935897827
loss 0.047 = 0.001 + 0.042 + 0.005 avg prob of [ fantasy] 0.9990093111991882
Init norm 82.9762954711914 | Delta norm 62.23222732543945 | Target norm 102.23573303222656
Computing right vector (v)
Lookup index found: 1 | Sentence: Google Buzz's owner | Token:  Buzz
Rewrite layer is 8
Tying optimization objective to 27
Recording initial value of v*
loss 13.917 = 13.917 + 0.0 + 0.0 avg prob of [ Rai] 1.0752925163615146e-06
loss 8.391 = 8.366 + 0.023 + 0.002 avg prob of [ Rai] 0.0004908079281449318
loss 0.278 = 0.243 + 0.032 + 0.002 avg prob of [ Rai] 0.8081269264221191
loss 0.059 = 0.002 + 0.054 + 0.003 avg prob of [ Rai] 0.998397707939148
loss 0.068 = 0.0 + 0.064 + 0.004 avg prob of [ Rai] 0.9996352195739746
loss 0.061 = 0.0 + 0.057 + 0.004 avg prob of [ Rai] 0.9997740983963013
loss 0.052 = 0.0 + 0.048 + 0.004 avg prob of [ Rai] 0.9998201727867126
loss 0.044 = 0.0 + 0.04 + 0.004 avg prob of [ Rai] 0.9998359680175781
Init norm 99.14729309082031 | Delta norm 74.3604736328125 | Target norm 123.31690979003906
Computing right vector (v)
Lookup index found: 1 | Sentence: Ken Hyder performs | Token:  Hyder
Rewrite layer is 8
Tying optimization objective to 27
Recording initial value of v*
loss 9.95 = 9.95 + 0.0 + 0.0 avg prob of [ opera] 6.025045513524674e-05
loss 6.514 = 6.505 + 0.008 + 0.002 avg prob of [ opera] 0.001711553311906755
loss 2.315 = 2.294 + 0.018 + 0.003 avg prob of [ opera] 0.10344827175140381
loss 0.529 = 0.483 + 0.042 + 0.004 avg prob of [ opera] 0.6188714504241943
loss 0.103 = 0.028 + 0.071 + 0.004 avg prob of [ opera] 0.9721941351890564
loss 0.035 = 0.007 + 0.024 + 0.004 avg prob of [ opera] 0.9934622049331665
Init norm 96.21389770507812 | Delta norm 72.1604232788086 | Target norm 117.07726287841797
Computing right vector (v)
Lookup index found: 6 | Sentence: What is the twin city of Dubai? It is | Token:  Dubai
Rewrite layer is 8
Tying optimization objective to 27
Recording initial value of v*
loss 9.376 = 9.376 + 0.0 + 0.0 avg prob of [ Beijing] 0.00021247044787742198
loss 5.184 = 5.168 + 0.013 + 0.002 avg prob of [ Beijing] 0.007419481873512268
loss 3.225 = 3.186 + 0.035 + 0.003 avg prob of [ Beijing] 0.04533756896853447
loss 1.25 = 1.197 + 0.049 + 0.004 avg prob of [ Beijing] 0.3082546591758728
loss 0.347 = 0.287 + 0.056 + 0.004 avg prob of [ Beijing] 0.7526416182518005
loss 0.126 = 0.063 + 0.058 + 0.004 avg prob of [ Beijing] 0.9388909339904785
loss 0.072 = 0.02 + 0.048 + 0.004 avg prob of [ Beijing] 0.9805750846862793
loss 0.05 = 0.008 + 0.037 + 0.004 avg prob of [ Beijing] 0.9918659925460815
Init norm 86.86732482910156 | Delta norm 65.15050506591797 | Target norm 106.1936264038086
Computing right vector (v)
Lookup index found: 4 | Sentence: Het Loo Palace is owned by | Token:  Palace
Rewrite layer is 8
Tying optimization objective to 27
Recording initial value of v*
loss 10.75 = 10.75 + 0.0 + 0.0 avg prob of [ BBC] 3.3383235859218985e-05
loss 7.568 = 7.545 + 0.02 + 0.003 avg prob of [ BBC] 0.0008171540102921426
loss 2.765 = 2.723 + 0.037 + 0.004 avg prob of [ BBC] 0.08584519475698471
loss 1.015 = 0.977 + 0.033 + 0.005 avg prob of [ BBC] 0.3918759524822235
loss 0.32 = 0.284 + 0.031 + 0.005 avg prob of [ BBC] 0.758027970790863
loss 0.062 = 0.029 + 0.029 + 0.005 avg prob of [ BBC] 0.9718722105026245
loss 0.037 = 0.006 + 0.026 + 0.005 avg prob of [ BBC] 0.9935331344604492
Init norm 75.75289154052734 | Delta norm 56.81467056274414 | Target norm 92.42423248291016
Computing right vector (v)
Lookup index found: 3 | Sentence: Space Shuttle Columbia disaster can be found in | Token:  disaster
Rewrite layer is 8
Tying optimization objective to 27
Recording initial value of v*
loss 9.944 = 9.944 + 0.0 + 0.0 avg prob of [ Australia] 8.595289546065032e-05
loss 7.245 = 7.215 + 0.029 + 0.002 avg prob of [ Australia] 0.0007978494977578521
loss 3.2 = 3.146 + 0.05 + 0.003 avg prob of [ Australia] 0.044634994119405746
loss 1.158 = 1.115 + 0.038 + 0.004 avg prob of [ Australia] 0.33497852087020874
loss 0.204 = 0.156 + 0.044 + 0.004 avg prob of [ Australia] 0.8566080927848816
loss 0.091 = 0.04 + 0.047 + 0.004 avg prob of [ Australia] 0.9612435102462769
loss 0.056 = 0.019 + 0.032 + 0.004 avg prob of [ Australia] 0.9807614684104919
loss 0.029 = 0.012 + 0.013 + 0.004 avg prob of [ Australia] 0.9879498481750488
Init norm 85.93154907226562 | Delta norm 64.44866180419922 | Target norm 105.98069763183594
Computing right vector (v)
Lookup index found: 9 | Sentence: Base Presidente Eduardo Frei Montalva is owned by | Token: va
Rewrite layer is 8
Tying optimization objective to 27
Recording initial value of v*
loss 9.525 = 9.525 + 0.0 + 0.0 avg prob of [ Nintendo] 9.508981020189822e-05
loss 7.227 = 7.193 + 0.03 + 0.004 avg prob of [ Nintendo] 0.0008671073010191321
loss 1.259 = 1.083 + 0.171 + 0.005 avg prob of [ Nintendo] 0.38280972838401794
loss 0.158 = 0.034 + 0.119 + 0.006 avg prob of [ Nintendo] 0.9666057825088501
loss 0.117 = 0.014 + 0.098 + 0.006 avg prob of [ Nintendo] 0.986514687538147
loss 0.102 = 0.008 + 0.088 + 0.006 avg prob of [ Nintendo] 0.9915971755981445
loss 0.091 = 0.006 + 0.079 + 0.006 avg prob of [ Nintendo] 0.9938251376152039
loss 0.081 = 0.005 + 0.071 + 0.006 avg prob of [ Nintendo] 0.9951369762420654
loss 0.075 = 0.004 + 0.065 + 0.006 avg prob of [ Nintendo] 0.9960453510284424
loss 0.072 = 0.003 + 0.063 + 0.006 avg prob of [ Nintendo] 0.9967015981674194
loss 0.071 = 0.003 + 0.062 + 0.006 avg prob of [ Nintendo] 0.9971632957458496
loss 0.069 = 0.003 + 0.061 + 0.006 avg prob of [ Nintendo] 0.9974852800369263
loss 0.067 = 0.002 + 0.06 + 0.006 avg prob of [ Nintendo] 0.9977216720581055
loss 0.067 = 0.002 + 0.059 + 0.006 avg prob of [ Nintendo] 0.9979124069213867
loss 0.066 = 0.002 + 0.058 + 0.006 avg prob of [ Nintendo] 0.9980841875076294
loss 0.066 = 0.002 + 0.058 + 0.006 avg prob of [ Nintendo] 0.9982473254203796
loss 0.065 = 0.002 + 0.058 + 0.006 avg prob of [ Nintendo] 0.9983998537063599
loss 0.065 = 0.001 + 0.058 + 0.006 avg prob of [ Nintendo] 0.9985359907150269
loss 0.065 = 0.001 + 0.058 + 0.006 avg prob of [ Nintendo] 0.9986531138420105
loss 0.064 = 0.001 + 0.057 + 0.006 avg prob of [ Nintendo] 0.9987533092498779
loss 0.064 = 0.001 + 0.057 + 0.006 avg prob of [ Nintendo] 0.9988412261009216
loss 0.063 = 0.001 + 0.057 + 0.006 avg prob of [ Nintendo] 0.9989216327667236
loss 0.063 = 0.001 + 0.056 + 0.006 avg prob of [ Nintendo] 0.998996913433075
loss 0.063 = 0.001 + 0.056 + 0.006 avg prob of [ Nintendo] 0.9990670680999756
loss 0.062 = 0.001 + 0.056 + 0.006 avg prob of [ Nintendo] 0.9991312026977539
Init norm 66.2915267944336 | Delta norm 49.71864318847656 | Target norm 82.46057891845703
Computing right vector (v)
Lookup index found: 5 | Sentence: The location of Hungarian Ladies Open is | Token:  Open
Rewrite layer is 8
Tying optimization objective to 27
Recording initial value of v*
loss 9.835 = 9.835 + 0.0 + 0.0 avg prob of [ Edinburgh] 6.92504399921745e-05
loss 5.314 = 5.296 + 0.015 + 0.002 avg prob of [ Edinburgh] 0.006423089653253555
loss 1.303 = 1.266 + 0.034 + 0.004 avg prob of [ Edinburgh] 0.2964112162590027
loss 0.279 = 0.249 + 0.026 + 0.005 avg prob of [ Edinburgh] 0.7832476496696472
loss 0.098 = 0.076 + 0.017 + 0.005 avg prob of [ Edinburgh] 0.926958441734314
loss 0.049 = 0.025 + 0.019 + 0.005 avg prob of [ Edinburgh] 0.9751514196395874
Init norm 82.7939224243164 | Delta norm 62.09543991088867 | Target norm 102.67523956298828
Computing right vector (v)
Lookup index found: 3 | Sentence: Abigail Child speaks | Token:  Child
Rewrite layer is 8
Tying optimization objective to 27
Recording initial value of v*
loss 7.58 = 7.58 + 0.0 + 0.0 avg prob of [ Spanish] 0.0007947266567498446
loss 5.313 = 5.299 + 0.01 + 0.004 avg prob of [ Spanish] 0.007487838622182608
loss 1.451 = 1.411 + 0.034 + 0.005 avg prob of [ Spanish] 0.25254517793655396
loss 0.222 = 0.142 + 0.074 + 0.006 avg prob of [ Spanish] 0.8695396184921265
loss 0.121 = 0.01 + 0.106 + 0.006 avg prob of [ Spanish] 0.9900716543197632
loss 0.1 = 0.003 + 0.092 + 0.006 avg prob of [ Spanish] 0.9974104762077332
loss 0.057 = 0.001 + 0.051 + 0.006 avg prob of [ Spanish] 0.9986095428466797
loss 0.042 = 0.001 + 0.036 + 0.006 avg prob of [ Spanish] 0.9989657402038574
Init norm 67.55805206298828 | Delta norm 50.66853713989258 | Target norm 83.71759796142578
Computing right vector (v)
Lookup index found: 3 | Sentence: Saudi Arabia Football Federation is affiliated with the | Token:  Federation
Rewrite layer is 8
Tying optimization objective to 27
Recording initial value of v*
loss 13.555 = 13.555 + 0.0 + 0.0 avg prob of [ Zero] 1.5285420431609964e-06
loss 11.542 = 11.535 + 0.005 + 0.002 avg prob of [ Zero] 1.1629798791545909e-05
loss 9.111 = 9.098 + 0.009 + 0.004 avg prob of [ Zero] 0.0001756636193022132
loss 4.773 = 4.713 + 0.055 + 0.005 avg prob of [ Zero] 0.01720750518143177
loss 0.307 = 0.186 + 0.117 + 0.005 avg prob of [ Zero] 0.8550790548324585
loss 0.022 = 0.0 + 0.017 + 0.005 avg prob of [ Zero] 0.9996833205223083
Init norm 82.19039916992188 | Delta norm 61.642799377441406 | Target norm 100.13207244873047
Computing right vector (v)
Lookup index found: 2 | Sentence: Rainforest Band is known for performing | Token:  Band
Rewrite layer is 8
Tying optimization objective to 27
Recording initial value of v*
loss 10.528 = 10.528 + 0.0 + 0.0 avg prob of [ opera] 2.78761926892912e-05
loss 6.733 = 6.702 + 0.028 + 0.004 avg prob of [ opera] 0.001359634450636804
loss 3.47 = 3.357 + 0.108 + 0.005 avg prob of [ opera] 0.03514818847179413
loss 2.423 = 2.313 + 0.104 + 0.006 avg prob of [ opera] 0.10059133172035217
loss 1.494 = 1.388 + 0.101 + 0.006 avg prob of [ opera] 0.25511348247528076
loss 0.788 = 0.675 + 0.108 + 0.006 avg prob of [ opera] 0.5133926868438721
loss 0.398 = 0.282 + 0.111 + 0.006 avg prob of [ opera] 0.7558018565177917
loss 0.224 = 0.107 + 0.111 + 0.006 avg prob of [ opera] 0.8989205360412598
loss 0.149 = 0.032 + 0.112 + 0.006 avg prob of [ opera] 0.9688045978546143
loss 0.127 = 0.009 + 0.113 + 0.006 avg prob of [ opera] 0.9913617968559265
loss 0.119 = 0.004 + 0.11 + 0.006 avg prob of [ opera] 0.9959580302238464
loss 0.115 = 0.003 + 0.106 + 0.006 avg prob of [ opera] 0.9968312978744507
loss 0.112 = 0.003 + 0.104 + 0.006 avg prob of [ opera] 0.9970264434814453
loss 0.104 = 0.003 + 0.096 + 0.006 avg prob of [ opera] 0.9970700144767761
loss 0.089 = 0.003 + 0.081 + 0.006 avg prob of [ opera] 0.9970755577087402
loss 0.091 = 0.003 + 0.082 + 0.006 avg prob of [ opera] 0.9971157908439636
loss 0.059 = 0.003 + 0.05 + 0.006 avg prob of [ opera] 0.9970744848251343
loss 0.056 = 0.004 + 0.046 + 0.006 avg prob of [ opera] 0.995688796043396
loss 0.052 = 0.006 + 0.04 + 0.006 avg prob of [ opera] 0.9936268329620361
loss 0.04 = 0.007 + 0.028 + 0.006 avg prob of [ opera] 0.9930342435836792
Init norm 67.31964111328125 | Delta norm 50.48973083496094 | Target norm 80.83370208740234
Computing right vector (v)
Lookup index found: 3 | Sentence: Sid Luckman was originally from | Token: man
Rewrite layer is 8
Tying optimization objective to 27
Recording initial value of v*
loss 8.705 = 8.705 + 0.0 + 0.0 avg prob of [ Quincy] 0.0001822898630052805
loss 3.564 = 3.55 + 0.01 + 0.003 avg prob of [ Quincy] 0.03369198366999626
loss 0.156 = 0.102 + 0.049 + 0.005 avg prob of [ Quincy] 0.9047502279281616
loss 0.06 = 0.01 + 0.045 + 0.005 avg prob of [ Quincy] 0.990532636642456
loss 0.032 = 0.002 + 0.024 + 0.005 avg prob of [ Quincy] 0.9976142644882202
Init norm 69.75981140136719 | Delta norm 52.31985855102539 | Target norm 87.7645492553711
Computing right vector (v)
Lookup index found: 5 | Sentence: The original language of Hail Mary was | Token:  Mary
Rewrite layer is 8
Tying optimization objective to 27
Recording initial value of v*
loss 8.506 = 8.506 + 0.0 + 0.0 avg prob of [ Swedish] 0.00034947373205795884
loss 5.842 = 5.808 + 0.033 + 0.002 avg prob of [ Swedish] 0.0048960414715111256
loss 3.594 = 3.543 + 0.048 + 0.003 avg prob of [ Swedish] 0.03456491231918335
loss 1.544 = 1.491 + 0.05 + 0.004 avg prob of [ Swedish] 0.26019203662872314
loss 0.339 = 0.29 + 0.044 + 0.004 avg prob of [ Swedish] 0.7550908923149109
loss 0.098 = 0.054 + 0.039 + 0.004 avg prob of [ Swedish] 0.9476889967918396
loss 0.059 = 0.02 + 0.035 + 0.004 avg prob of [ Swedish] 0.9800281524658203
loss 0.05 = 0.013 + 0.033 + 0.004 avg prob of [ Swedish] 0.9872335195541382
Init norm 92.27178955078125 | Delta norm 69.20384216308594 | Target norm 112.40876007080078
Computing right vector (v)
Lookup index found: 1 | Sentence: American Morning debuted on | Token:  Morning
Rewrite layer is 8
Tying optimization objective to 27
Recording initial value of v*
loss 7.845 = 7.845 + 0.0 + 0.0 avg prob of [ MTV] 0.0004479078925214708
loss 3.757 = 3.725 + 0.029 + 0.002 avg prob of [ MTV] 0.029533937573432922
loss 0.928 = 0.892 + 0.033 + 0.003 avg prob of [ MTV] 0.4432363510131836
loss 0.266 = 0.192 + 0.07 + 0.004 avg prob of [ MTV] 0.8274833559989929
loss 0.144 = 0.08 + 0.059 + 0.004 avg prob of [ MTV] 0.9231371879577637
loss 0.092 = 0.04 + 0.048 + 0.004 avg prob of [ MTV] 0.9608839750289917
loss 0.069 = 0.023 + 0.042 + 0.004 avg prob of [ MTV] 0.9772810935974121
loss 0.058 = 0.015 + 0.039 + 0.004 avg prob of [ MTV] 0.9852724075317383
loss 0.052 = 0.01 + 0.037 + 0.004 avg prob of [ MTV] 0.9896297454833984
loss 0.048 = 0.008 + 0.036 + 0.004 avg prob of [ MTV] 0.9922401309013367
Init norm 84.68637084960938 | Delta norm 63.51477813720703 | Target norm 105.02469635009766
Computing right vector (v)
Lookup index found: 5 | Sentence: The location of Adelaide Film Festival is | Token:  Festival
Rewrite layer is 8
Tying optimization objective to 27
Recording initial value of v*
loss 12.01 = 12.01 + 0.0 + 0.0 avg prob of [ Chelsea] 6.442542144213803e-06
loss 9.696 = 9.689 + 0.005 + 0.002 avg prob of [ Chelsea] 6.897712592035532e-05
loss 5.829 = 5.814 + 0.012 + 0.003 avg prob of [ Chelsea] 0.003113284707069397
loss 2.356 = 2.291 + 0.061 + 0.004 avg prob of [ Chelsea] 0.11581574380397797
loss 0.173 = 0.092 + 0.077 + 0.004 avg prob of [ Chelsea] 0.9124741554260254
loss 0.059 = 0.013 + 0.043 + 0.004 avg prob of [ Chelsea] 0.9875495433807373
loss 0.034 = 0.005 + 0.025 + 0.004 avg prob of [ Chelsea] 0.9953254461288452
Init norm 95.48590087890625 | Delta norm 71.61442565917969 | Target norm 118.84122467041016
Computing right vector (v)
Lookup index found: 3 | Sentence: Tycho Brahe died in the city of | Token: he
Rewrite layer is 8
Tying optimization objective to 27
Recording initial value of v*
loss 8.015 = 8.015 + 0.0 + 0.0 avg prob of [ Berlin] 0.0004530178557615727
loss 2.129 = 2.124 + 0.003 + 0.002 avg prob of [ Berlin] 0.14176306128501892
loss 0.899 = 0.891 + 0.005 + 0.003 avg prob of [ Berlin] 0.4555456042289734
loss 0.404 = 0.393 + 0.007 + 0.004 avg prob of [ Berlin] 0.7017516493797302
loss 0.163 = 0.152 + 0.007 + 0.004 avg prob of [ Berlin] 0.8666025996208191
loss 0.072 = 0.061 + 0.007 + 0.004 avg prob of [ Berlin] 0.9427885413169861
loss 0.039 = 0.028 + 0.007 + 0.004 avg prob of [ Berlin] 0.9727556109428406
Init norm 88.09024810791016 | Delta norm 66.06768798828125 | Target norm 111.29326629638672
Computing right vector (v)
Lookup index found: 3 | Sentence: Beacon Street Union, that originated in | Token:  Union
Rewrite layer is 8
Tying optimization objective to 27
Recording initial value of v*
loss 5.783 = 5.783 + 0.0 + 0.0 avg prob of [ Chicago] 0.0035650921054184437
loss 4.062 = 3.999 + 0.06 + 0.003 avg prob of [ Chicago] 0.022186284884810448
loss 1.623 = 1.536 + 0.082 + 0.005 avg prob of [ Chicago] 0.22241222858428955
loss 0.344 = 0.253 + 0.086 + 0.005 avg prob of [ Chicago] 0.7802137136459351
loss 0.143 = 0.052 + 0.086 + 0.005 avg prob of [ Chicago] 0.9502384662628174
loss 0.104 = 0.014 + 0.084 + 0.005 avg prob of [ Chicago] 0.9856650829315186
loss 0.092 = 0.006 + 0.08 + 0.005 avg prob of [ Chicago] 0.9936095476150513
loss 0.085 = 0.004 + 0.076 + 0.005 avg prob of [ Chicago] 0.9962121844291687
loss 0.079 = 0.003 + 0.072 + 0.005 avg prob of [ Chicago] 0.9973620772361755
loss 0.075 = 0.002 + 0.067 + 0.005 avg prob of [ Chicago] 0.9979767799377441
loss 0.069 = 0.002 + 0.062 + 0.005 avg prob of [ Chicago] 0.9983639717102051
loss 0.061 = 0.001 + 0.055 + 0.005 avg prob of [ Chicago] 0.9986416101455688
loss 0.056 = 0.001 + 0.05 + 0.005 avg prob of [ Chicago] 0.9988447427749634
loss 0.052 = 0.001 + 0.046 + 0.005 avg prob of [ Chicago] 0.9989776611328125
loss 0.047 = 0.001 + 0.041 + 0.005 avg prob of [ Chicago] 0.9990548491477966
Init norm 71.54409790039062 | Delta norm 53.65807342529297 | Target norm 89.47014617919922
Computing right vector (v)
Lookup index found: 3 | Sentence: Illertissen, which is located in | Token: en
Rewrite layer is 8
Tying optimization objective to 27
Recording initial value of v*
loss 8.391 = 8.391 + 0.0 + 0.0 avg prob of [ India] 0.00036446444573812187
loss 6.855 = 6.814 + 0.038 + 0.004 avg prob of [ India] 0.0012324893614277244
loss 6.127 = 6.087 + 0.034 + 0.006 avg prob of [ India] 0.0025549368001520634
loss 4.429 = 4.386 + 0.037 + 0.006 avg prob of [ India] 0.013801505789160728
loss 3.285 = 3.232 + 0.047 + 0.006 avg prob of [ India] 0.042625389993190765
loss 2.349 = 2.3 + 0.043 + 0.006 avg prob of [ India] 0.10711720585823059
loss 1.139 = 1.093 + 0.04 + 0.006 avg prob of [ India] 0.3464822471141815
loss 0.303 = 0.254 + 0.043 + 0.006 avg prob of [ India] 0.7790154814720154
loss 0.105 = 0.046 + 0.052 + 0.006 avg prob of [ India] 0.9552311897277832
loss 0.069 = 0.014 + 0.049 + 0.006 avg prob of [ India] 0.985772967338562
loss 0.06 = 0.006 + 0.048 + 0.006 avg prob of [ India] 0.9942688941955566
loss 0.058 = 0.003 + 0.049 + 0.006 avg prob of [ India] 0.9969868659973145
loss 0.055 = 0.002 + 0.047 + 0.006 avg prob of [ India] 0.9979798197746277
loss 0.05 = 0.002 + 0.042 + 0.006 avg prob of [ India] 0.9982509613037109
loss 0.048 = 0.002 + 0.04 + 0.006 avg prob of [ India] 0.998203456401825
Init norm 63.7900390625 | Delta norm 47.842529296875 | Target norm 76.51335144042969
Computing right vector (v)
Lookup index found: 2 | Sentence: The Single Guy premieres on | Token:  Guy
Rewrite layer is 8
Tying optimization objective to 27
Recording initial value of v*
loss 5.058 = 5.058 + 0.0 + 0.0 avg prob of [ HBO] 0.007194239180535078
loss 2.978 = 2.955 + 0.021 + 0.002 avg prob of [ HBO] 0.0637332946062088
loss 0.393 = 0.344 + 0.045 + 0.003 avg prob of [ HBO] 0.7147733569145203
loss 0.07 = 0.004 + 0.062 + 0.004 avg prob of [ HBO] 0.9961771965026855
loss 0.065 = 0.001 + 0.06 + 0.004 avg prob of [ HBO] 0.9992296099662781
loss 0.062 = 0.0 + 0.057 + 0.004 avg prob of [ HBO] 0.9996513724327087
loss 0.059 = 0.0 + 0.054 + 0.004 avg prob of [ HBO] 0.9997670650482178
loss 0.056 = 0.0 + 0.051 + 0.004 avg prob of [ HBO] 0.9998124837875366
loss 0.051 = 0.0 + 0.047 + 0.004 avg prob of [ HBO] 0.9998353719711304
loss 0.045 = 0.0 + 0.041 + 0.004 avg prob of [ HBO] 0.9998490214347839
Init norm 85.72360229492188 | Delta norm 64.2927017211914 | Target norm 106.44385528564453
Computing right vector (v)
Lookup index found: 1 | Sentence: Athens is a twin city of | Token: hens
Rewrite layer is 8
Tying optimization objective to 27
Recording initial value of v*
loss 8.494 = 8.494 + 0.0 + 0.0 avg prob of [ Bristol] 0.00024209590628743172
loss 4.794 = 4.782 + 0.009 + 0.002 avg prob of [ Bristol] 0.012932091020047665
loss 1.015 = 0.981 + 0.03 + 0.004 avg prob of [ Bristol] 0.5317085981369019
loss 0.075 = 0.032 + 0.039 + 0.004 avg prob of [ Bristol] 0.9698766469955444
loss 0.046 = 0.005 + 0.037 + 0.004 avg prob of [ Bristol] 0.995448112487793
Init norm 83.73860931396484 | Delta norm 62.803955078125 | Target norm 105.1385498046875
Computing right vector (v)
Lookup index found: 6 | Sentence: Tasavallan Presidentti was from | Token: ti
Rewrite layer is 8
Tying optimization objective to 27
Recording initial value of v*
loss 9.797 = 9.797 + 0.0 + 0.0 avg prob of [ Brazil] 0.00010279349953634664
loss 8.086 = 7.958 + 0.125 + 0.003 avg prob of [ Brazil] 0.00039674853906035423
loss 3.138 = 2.978 + 0.154 + 0.005 avg prob of [ Brazil] 0.055809538811445236
loss 0.943 = 0.74 + 0.198 + 0.005 avg prob of [ Brazil] 0.485966295003891
loss 0.402 = 0.206 + 0.191 + 0.005 avg prob of [ Brazil] 0.8146673440933228
loss 0.216 = 0.051 + 0.16 + 0.005 avg prob of [ Brazil] 0.9507646560668945
loss 0.139 = 0.016 + 0.118 + 0.005 avg prob of [ Brazil] 0.9843456149101257
loss 0.128 = 0.008 + 0.115 + 0.005 avg prob of [ Brazil] 0.9923639297485352
loss 0.129 = 0.005 + 0.118 + 0.005 avg prob of [ Brazil] 0.9948873519897461
loss 0.121 = 0.004 + 0.112 + 0.005 avg prob of [ Brazil] 0.9959611296653748
loss 0.114 = 0.003 + 0.105 + 0.005 avg prob of [ Brazil] 0.9967283010482788
loss 0.105 = 0.003 + 0.097 + 0.005 avg prob of [ Brazil] 0.9974045753479004
loss 0.098 = 0.002 + 0.09 + 0.005 avg prob of [ Brazil] 0.9978758692741394
loss 0.086 = 0.002 + 0.079 + 0.005 avg prob of [ Brazil] 0.9982394576072693
loss 0.057 = 0.001 + 0.05 + 0.005 avg prob of [ Brazil] 0.9985742568969727
loss 0.021 = 0.001 + 0.014 + 0.005 avg prob of [ Brazil] 0.9989436864852905
Init norm 70.66162872314453 | Delta norm 52.99622344970703 | Target norm 86.62332916259766
Computing right vector (v)
Lookup index found: 4 | Sentence: What does Norris Turney play? They play | Token: ey
Rewrite layer is 8
Tying optimization objective to 27
Recording initial value of v*
loss 9.752 = 9.752 + 0.0 + 0.0 avg prob of [ opera] 7.614376954734325e-05
loss 6.134 = 6.121 + 0.011 + 0.002 avg prob of [ opera] 0.002356552518904209
loss 3.524 = 3.509 + 0.011 + 0.004 avg prob of [ opera] 0.03203519061207771
loss 1.502 = 1.484 + 0.013 + 0.005 avg prob of [ opera] 0.23060981929302216
loss 0.337 = 0.319 + 0.013 + 0.005 avg prob of [ opera] 0.7284965515136719
loss 0.053 = 0.033 + 0.016 + 0.005 avg prob of [ opera] 0.9678103923797607
loss 0.025 = 0.004 + 0.016 + 0.005 avg prob of [ opera] 0.995686411857605
Init norm 82.8803482055664 | Delta norm 62.16025924682617 | Target norm 101.61864471435547
Computing right vector (v)
Lookup index found: 4 | Sentence: Caciocavallo was created in the country of | Token: allo
Rewrite layer is 8
Tying optimization objective to 27
Recording initial value of v*
loss 6.86 = 6.86 + 0.0 + 0.0 avg prob of [ Australia] 0.0015524744521826506
loss 3.218 = 3.147 + 0.068 + 0.003 avg prob of [ Australia] 0.059182628989219666
loss 1.321 = 1.251 + 0.064 + 0.005 avg prob of [ Australia] 0.3017871379852295
loss 0.62 = 0.564 + 0.051 + 0.005 avg prob of [ Australia] 0.5829355716705322
loss 0.336 = 0.288 + 0.043 + 0.005 avg prob of [ Australia] 0.7572588920593262
loss 0.199 = 0.155 + 0.039 + 0.005 avg prob of [ Australia] 0.8593277931213379
loss 0.131 = 0.09 + 0.036 + 0.005 avg prob of [ Australia] 0.9151347875595093
loss 0.095 = 0.057 + 0.032 + 0.005 avg prob of [ Australia] 0.9455296397209167
loss 0.073 = 0.038 + 0.029 + 0.005 avg prob of [ Australia] 0.9625091552734375
loss 0.06 = 0.028 + 0.026 + 0.005 avg prob of [ Australia] 0.9724056720733643
loss 0.051 = 0.022 + 0.024 + 0.005 avg prob of [ Australia] 0.9784873723983765
loss 0.045 = 0.018 + 0.022 + 0.005 avg prob of [ Australia] 0.9824458956718445
Init norm 68.2125473022461 | Delta norm 51.15940856933594 | Target norm 85.38094329833984
Computing right vector (v)
Lookup index found: 2 | Sentence: BLS AG originated in | Token:  AG
Rewrite layer is 8
Tying optimization objective to 27
Recording initial value of v*
loss 7.917 = 7.917 + 0.0 + 0.0 avg prob of [ Boston] 0.0004840212350245565
loss 6.592 = 6.566 + 0.023 + 0.003 avg prob of [ Boston] 0.00170795526355505
loss 6.401 = 6.357 + 0.038 + 0.005 avg prob of [ Boston] 0.0020988639444112778
loss 6.027 = 5.987 + 0.035 + 0.005 avg prob of [ Boston] 0.0029960405081510544
loss 5.122 = 5.084 + 0.034 + 0.005 avg prob of [ Boston] 0.006991667207330465
loss 3.596 = 3.548 + 0.043 + 0.005 avg prob of [ Boston] 0.030161714181303978
loss 1.456 = 1.378 + 0.073 + 0.005 avg prob of [ Boston] 0.26422011852264404
loss 0.305 = 0.06 + 0.24 + 0.005 avg prob of [ Boston] 0.9440948367118835
loss 0.127 = 0.003 + 0.119 + 0.005 avg prob of [ Boston] 0.9972817301750183
loss 0.079 = 0.001 + 0.073 + 0.005 avg prob of [ Boston] 0.9990529417991638
loss 0.066 = 0.001 + 0.06 + 0.005 avg prob of [ Boston] 0.9990686774253845
loss 0.062 = 0.001 + 0.056 + 0.005 avg prob of [ Boston] 0.9989100694656372
loss 0.055 = 0.001 + 0.049 + 0.005 avg prob of [ Boston] 0.9987601041793823
loss 0.052 = 0.001 + 0.045 + 0.005 avg prob of [ Boston] 0.9986793994903564
loss 0.05 = 0.001 + 0.043 + 0.005 avg prob of [ Boston] 0.998625636100769
Init norm 74.12763977050781 | Delta norm 55.59572982788086 | Target norm 89.99452209472656
Computing right vector (v)
Lookup index found: 8 | Sentence: What is the twin city of Rio de Janeiro? It is | Token:  Janeiro
Rewrite layer is 8
Tying optimization objective to 27
Recording initial value of v*
loss 12.114 = 12.114 + 0.0 + 0.0 avg prob of [ Baghdad] 9.594066796125844e-06
loss 8.341 = 8.322 + 0.017 + 0.003 avg prob of [ Baghdad] 0.00028160755755379796
loss 5.966 = 5.93 + 0.032 + 0.004 avg prob of [ Baghdad] 0.00283074751496315
loss 2.78 = 2.737 + 0.038 + 0.005 avg prob of [ Baghdad] 0.06804319471120834
loss 0.074 = 0.043 + 0.027 + 0.005 avg prob of [ Baghdad] 0.9587785005569458
loss 0.028 = 0.001 + 0.022 + 0.005 avg prob of [ Baghdad] 0.9992641806602478
Init norm 79.32649993896484 | Delta norm 59.494876861572266 | Target norm 96.87696838378906
Computing right vector (v)
Lookup index found: 9 | Sentence: The language of Ukrayina maye talant was | Token: ant
Rewrite layer is 8
Tying optimization objective to 27
Recording initial value of v*
loss 11.725 = 11.725 + 0.0 + 0.0 avg prob of [ Hindi] 1.0386980648036115e-05
loss 9.821 = 9.785 + 0.032 + 0.004 avg prob of [ Hindi] 7.94837687863037e-05
loss 5.734 = 5.597 + 0.132 + 0.006 avg prob of [ Hindi] 0.015574628487229347
loss 2.936 = 2.34 + 0.589 + 0.006 avg prob of [ Hindi] 0.1296406090259552
loss 0.461 = 0.145 + 0.31 + 0.006 avg prob of [ Hindi] 0.8719501495361328
loss 0.312 = 0.067 + 0.24 + 0.006 avg prob of [ Hindi] 0.937457799911499
loss 0.195 = 0.017 + 0.172 + 0.006 avg prob of [ Hindi] 0.9830046892166138
loss 0.143 = 0.005 + 0.132 + 0.006 avg prob of [ Hindi] 0.9948832988739014
loss 0.119 = 0.002 + 0.111 + 0.006 avg prob of [ Hindi] 0.9976250529289246
loss 0.116 = 0.001 + 0.109 + 0.006 avg prob of [ Hindi] 0.9985970258712769
loss 0.097 = 0.001 + 0.091 + 0.006 avg prob of [ Hindi] 0.9990613460540771
loss 0.093 = 0.001 + 0.087 + 0.006 avg prob of [ Hindi] 0.9992431402206421
loss 0.088 = 0.001 + 0.082 + 0.006 avg prob of [ Hindi] 0.9990285634994507
loss 0.082 = 0.002 + 0.074 + 0.006 avg prob of [ Hindi] 0.9977905750274658
loss 0.077 = 0.004 + 0.067 + 0.006 avg prob of [ Hindi] 0.9959874153137207
loss 0.071 = 0.002 + 0.063 + 0.006 avg prob of [ Hindi] 0.9975490570068359
loss 0.067 = 0.001 + 0.06 + 0.006 avg prob of [ Hindi] 0.9990161657333374
loss 0.064 = 0.001 + 0.057 + 0.006 avg prob of [ Hindi] 0.9994761943817139
loss 0.06 = 0.0 + 0.054 + 0.006 avg prob of [ Hindi] 0.9996017217636108
loss 0.057 = 0.0 + 0.051 + 0.006 avg prob of [ Hindi] 0.9996448755264282
loss 0.055 = 0.0 + 0.049 + 0.006 avg prob of [ Hindi] 0.9996652007102966
loss 0.052 = 0.0 + 0.046 + 0.006 avg prob of [ Hindi] 0.9996777772903442
loss 0.05 = 0.0 + 0.044 + 0.006 avg prob of [ Hindi] 0.9996856451034546
Init norm 66.58585357666016 | Delta norm 49.93939208984375 | Target norm 82.57561492919922
Computing right vector (v)
Lookup index found: 4 | Sentence: Ivana Baquero speaks | Token: ero
Rewrite layer is 8
Tying optimization objective to 27
Recording initial value of v*
loss 7.075 = 7.075 + 0.0 + 0.0 avg prob of [ German] 0.0010530611034482718
loss 3.646 = 3.627 + 0.016 + 0.003 avg prob of [ German] 0.02968381904065609
loss 1.011 = 0.919 + 0.087 + 0.005 avg prob of [ German] 0.41970857977867126
loss 0.22 = 0.048 + 0.167 + 0.005 avg prob of [ German] 0.9537066221237183
loss 0.069 = 0.008 + 0.056 + 0.005 avg prob of [ German] 0.9920176267623901
loss 0.036 = 0.005 + 0.026 + 0.005 avg prob of [ German] 0.9952054023742676
Init norm 73.53608703613281 | Delta norm 55.152061462402344 | Target norm 90.86371612548828
Computing right vector (v)
Lookup index found: 2 | Sentence: Tom Seaver is a professional | Token: ver
Rewrite layer is 8
Tying optimization objective to 27
Recording initial value of v*
loss 8.444 = 8.444 + 0.0 + 0.0 avg prob of [ soccer] 0.0002753246808424592
loss 3.327 = 3.319 + 0.005 + 0.002 avg prob of [ soccer] 0.060257118195295334
loss 1.329 = 1.314 + 0.012 + 0.003 avg prob of [ soccer] 0.31110695004463196
loss 0.713 = 0.689 + 0.02 + 0.004 avg prob of [ soccer] 0.5351865887641907
loss 0.3 = 0.283 + 0.013 + 0.004 avg prob of [ soccer] 0.7668145895004272
loss 0.122 = 0.108 + 0.01 + 0.004 avg prob of [ soccer] 0.8999230861663818
loss 0.06 = 0.046 + 0.009 + 0.004 avg prob of [ soccer] 0.9553399085998535
loss 0.037 = 0.024 + 0.009 + 0.004 avg prob of [ soccer] 0.976698100566864
Init norm 85.29459381103516 | Delta norm 63.970951080322266 | Target norm 107.85285186767578
Computing right vector (v)
Lookup index found: 2 | Sentence: Barry Bonds professionally plays the sport | Token:  Bonds
Rewrite layer is 8
Tying optimization objective to 27
Recording initial value of v*
loss 7.718 = 7.718 + 0.0 + 0.0 avg prob of [ basketball] 0.000642157334368676
loss 5.29 = 5.28 + 0.009 + 0.002 avg prob of [ basketball] 0.005798947997391224
loss 4.185 = 4.164 + 0.018 + 0.003 avg prob of [ basketball] 0.018101882189512253
loss 2.756 = 2.725 + 0.027 + 0.003 avg prob of [ basketball] 0.07938036322593689
loss 1.75 = 1.715 + 0.031 + 0.004 avg prob of [ basketball] 0.21002398431301117
loss 1.135 = 1.101 + 0.03 + 0.004 avg prob of [ basketball] 0.3617001175880432
loss 0.615 = 0.58 + 0.031 + 0.004 avg prob of [ basketball] 0.5741302967071533
loss 0.281 = 0.246 + 0.031 + 0.004 avg prob of [ basketball] 0.7842410802841187
loss 0.138 = 0.105 + 0.029 + 0.004 avg prob of [ basketball] 0.9005116820335388
loss 0.084 = 0.055 + 0.025 + 0.004 avg prob of [ basketball] 0.94610995054245
loss 0.062 = 0.037 + 0.021 + 0.004 avg prob of [ basketball] 0.9634928107261658
loss 0.052 = 0.029 + 0.019 + 0.004 avg prob of [ basketball] 0.9712224006652832
loss 0.047 = 0.025 + 0.019 + 0.004 avg prob of [ basketball] 0.9757830500602722
Init norm 97.44316101074219 | Delta norm 73.08236694335938 | Target norm 118.93614196777344
Computing right vector (v)
Lookup index found: 2 | Sentence: Pare Glacier is located in | Token:  Glacier
Rewrite layer is 8
Tying optimization objective to 27
Recording initial value of v*
loss 8.972 = 8.972 + 0.0 + 0.0 avg prob of [ Asia] 0.00017787283286452293
loss 6.394 = 6.352 + 0.041 + 0.002 avg prob of [ Asia] 0.0018746932037174702
loss 2.841 = 2.786 + 0.052 + 0.003 avg prob of [ Asia] 0.0662284642457962
loss 0.849 = 0.776 + 0.068 + 0.004 avg prob of [ Asia] 0.47512325644493103
loss 0.393 = 0.332 + 0.057 + 0.004 avg prob of [ Asia] 0.7219316959381104
loss 0.175 = 0.127 + 0.044 + 0.004 avg prob of [ Asia] 0.8814741373062134
loss 0.087 = 0.054 + 0.029 + 0.004 avg prob of [ Asia] 0.9478940963745117
loss 0.046 = 0.027 + 0.015 + 0.004 avg prob of [ Asia] 0.973477840423584
Init norm 90.54782104492188 | Delta norm 67.9108657836914 | Target norm 112.20896911621094
Computing right vector (v)
Lookup index found: 4 | Sentence: Javier Espinosa writes in | Token: osa
Rewrite layer is 8
Tying optimization objective to 27
Recording initial value of v*
loss 9.349 = 9.349 + 0.0 + 0.0 avg prob of [ Italian] 0.00010117565398104489
loss 6.732 = 6.72 + 0.009 + 0.003 avg prob of [ Italian] 0.0017211446538567543
loss 1.649 = 1.619 + 0.024 + 0.005 avg prob of [ Italian] 0.22111515700817108
loss 0.41 = 0.381 + 0.024 + 0.005 avg prob of [ Italian] 0.6905355453491211
loss 0.163 = 0.134 + 0.024 + 0.005 avg prob of [ Italian] 0.8760504722595215
loss 0.094 = 0.066 + 0.023 + 0.005 avg prob of [ Italian] 0.9367589950561523
loss 0.068 = 0.041 + 0.021 + 0.005 avg prob of [ Italian] 0.9600143432617188
loss 0.051 = 0.027 + 0.018 + 0.005 avg prob of [ Italian] 0.9732624292373657
loss 0.039 = 0.018 + 0.016 + 0.005 avg prob of [ Italian] 0.9825757741928101
Init norm 68.35848999023438 | Delta norm 51.26886749267578 | Target norm 83.25946807861328
Computing right vector (v)
Lookup index found: 3 | Sentence: Nakamichi that was founded in | Token: ichi
Rewrite layer is 8
Tying optimization objective to 27
Recording initial value of v*
loss 11.48 = 11.48 + 0.0 + 0.0 avg prob of [ Helsinki] 1.3735965694650076e-05
loss 9.785 = 9.767 + 0.015 + 0.003 avg prob of [ Helsinki] 6.031500379322097e-05
loss 9.504 = 9.471 + 0.027 + 0.005 avg prob of [ Helsinki] 8.098778926068917e-05
loss 8.753 = 8.722 + 0.026 + 0.005 avg prob of [ Helsinki] 0.00017981480050366372
loss 6.381 = 6.347 + 0.029 + 0.005 avg prob of [ Helsinki] 0.0024662897922098637
loss 3.183 = 3.141 + 0.038 + 0.005 avg prob of [ Helsinki] 0.04978559911251068
loss 1.458 = 1.391 + 0.062 + 0.005 avg prob of [ Helsinki] 0.2595960199832916
loss 0.346 = 0.096 + 0.245 + 0.005 avg prob of [ Helsinki] 0.9094012975692749
loss 0.124 = 0.067 + 0.052 + 0.005 avg prob of [ Helsinki] 0.9366008043289185
loss 0.114 = 0.053 + 0.056 + 0.005 avg prob of [ Helsinki] 0.9495782256126404
loss 0.091 = 0.032 + 0.054 + 0.005 avg prob of [ Helsinki] 0.9693140387535095
loss 0.071 = 0.016 + 0.049 + 0.005 avg prob of [ Helsinki] 0.9839751720428467
loss 0.059 = 0.008 + 0.046 + 0.005 avg prob of [ Helsinki] 0.9922847151756287
loss 0.054 = 0.004 + 0.045 + 0.005 avg prob of [ Helsinki] 0.9964088201522827
loss 0.052 = 0.002 + 0.045 + 0.005 avg prob of [ Helsinki] 0.9981952905654907
loss 0.05 = 0.001 + 0.044 + 0.005 avg prob of [ Helsinki] 0.9989404678344727
loss 0.048 = 0.001 + 0.043 + 0.005 avg prob of [ Helsinki] 0.9992636442184448
Init norm 73.6954345703125 | Delta norm 55.271575927734375 | Target norm 89.58499908447266
Computing right vector (v)
Lookup index found: 7 | Sentence: Bartolomeo Ammannati died in the city of | Token: ati
Rewrite layer is 8
Tying optimization objective to 27
Recording initial value of v*
loss 15.037 = 15.037 + 0.0 + 0.0 avg prob of [ Honolulu] 9.533569027553312e-07
loss 9.559 = 9.553 + 0.003 + 0.003 avg prob of [ Honolulu] 8.605707989772782e-05
loss 8.37 = 8.354 + 0.012 + 0.004 avg prob of [ Honolulu] 0.0002777125337161124
loss 6.327 = 6.309 + 0.012 + 0.005 avg prob of [ Honolulu] 0.002123611979186535
loss 3.383 = 3.368 + 0.011 + 0.005 avg prob of [ Honolulu] 0.04281839728355408
loss 1.075 = 1.061 + 0.009 + 0.005 avg prob of [ Honolulu] 0.37006306648254395
loss 0.525 = 0.512 + 0.008 + 0.005 avg prob of [ Honolulu] 0.6090530157089233
loss 0.309 = 0.297 + 0.007 + 0.005 avg prob of [ Honolulu] 0.7472493052482605
loss 0.177 = 0.166 + 0.007 + 0.005 avg prob of [ Honolulu] 0.849038302898407
loss 0.103 = 0.092 + 0.006 + 0.005 avg prob of [ Honolulu] 0.9123433828353882
loss 0.065 = 0.055 + 0.005 + 0.005 avg prob of [ Honolulu] 0.9468430280685425
loss 0.045 = 0.035 + 0.005 + 0.005 avg prob of [ Honolulu] 0.9654769897460938
Init norm 76.92964172363281 | Delta norm 57.69723129272461 | Target norm 92.75438690185547
Computing right vector (v)
Lookup index found: 3 | Sentence: United Grain Growers is headquartered in | Token: ers
Rewrite layer is 8
Tying optimization objective to 27
Recording initial value of v*
loss 5.277 = 5.277 + 0.0 + 0.0 avg prob of [ London] 0.005502941086888313
loss 1.808 = 1.784 + 0.021 + 0.003 avg prob of [ London] 0.18498185276985168
loss 0.127 = 0.088 + 0.034 + 0.005 avg prob of [ London] 0.9161373972892761
loss 0.08 = 0.046 + 0.029 + 0.005 avg prob of [ London] 0.9555162191390991
loss 0.052 = 0.024 + 0.023 + 0.005 avg prob of [ London] 0.9762821197509766
loss 0.036 = 0.014 + 0.017 + 0.005 avg prob of [ London] 0.9864408373832703
Init norm 71.30973052978516 | Delta norm 53.4822998046875 | Target norm 89.00373077392578
Computing right vector (v)
Lookup index found: 4 | Sentence: The Bevis Frond, created in | Token: ond
Rewrite layer is 8
Tying optimization objective to 27
Recording initial value of v*
loss 10.957 = 10.957 + 0.0 + 0.0 avg prob of [ Frankfurt] 2.0778417820110917e-05
loss 6.502 = 6.438 + 0.061 + 0.003 avg prob of [ Frankfurt] 0.0016563337994739413
loss 0.813 = 0.693 + 0.115 + 0.005 avg prob of [ Frankfurt] 0.5461784601211548
loss 0.129 = 0.0 + 0.124 + 0.005 avg prob of [ Frankfurt] 0.9996680021286011
loss 0.104 = 0.0 + 0.098 + 0.005 avg prob of [ Frankfurt] 0.9999823570251465
loss 0.07 = 0.0 + 0.065 + 0.005 avg prob of [ Frankfurt] 0.999994158744812
loss 0.066 = 0.0 + 0.061 + 0.005 avg prob of [ Frankfurt] 0.9999963641166687
loss 0.064 = 0.0 + 0.058 + 0.005 avg prob of [ Frankfurt] 0.9999970197677612
loss 0.057 = 0.0 + 0.052 + 0.005 avg prob of [ Frankfurt] 0.9999973177909851
loss 0.054 = 0.0 + 0.049 + 0.005 avg prob of [ Frankfurt] 0.9999973177909851
loss 0.051 = 0.0 + 0.046 + 0.005 avg prob of [ Frankfurt] 0.9999973177909851
loss 0.047 = 0.0 + 0.042 + 0.005 avg prob of [ Frankfurt] 0.9999972581863403
Init norm 71.64311981201172 | Delta norm 53.732337951660156 | Target norm 89.30158996582031
Computing right vector (v)
Lookup index found: 2 | Sentence: Doomsday Gun was released on | Token:  Gun
Rewrite layer is 8
Tying optimization objective to 27
Recording initial value of v*
loss 10.427 = 10.427 + 0.0 + 0.0 avg prob of [ NBC] 4.080678627360612e-05
loss 6.509 = 6.466 + 0.04 + 0.003 avg prob of [ NBC] 0.0018305715639144182
loss 2.118 = 2.045 + 0.069 + 0.004 avg prob of [ NBC] 0.13161498308181763
loss 0.292 = 0.22 + 0.067 + 0.005 avg prob of [ NBC] 0.8036143183708191
loss 0.084 = 0.019 + 0.06 + 0.005 avg prob of [ NBC] 0.9807871580123901
loss 0.062 = 0.003 + 0.054 + 0.005 avg prob of [ NBC] 0.9969120025634766
loss 0.055 = 0.001 + 0.05 + 0.005 avg prob of [ NBC] 0.9991374015808105
loss 0.053 = 0.0 + 0.047 + 0.005 avg prob of [ NBC] 0.9996342062950134
loss 0.051 = 0.0 + 0.046 + 0.005 avg prob of [ NBC] 0.999791145324707
loss 0.051 = 0.0 + 0.046 + 0.005 avg prob of [ NBC] 0.999854564666748
loss 0.05 = 0.0 + 0.045 + 0.005 avg prob of [ NBC] 0.9998849630355835
loss 0.049 = 0.0 + 0.045 + 0.005 avg prob of [ NBC] 0.9999014139175415
Init norm 79.5912094116211 | Delta norm 59.69340515136719 | Target norm 96.91121673583984
Computing right vector (v)
Lookup index found: 3 | Sentence: Earl Klugh, the | Token: gh
Rewrite layer is 8
Tying optimization objective to 27
Recording initial value of v*
loss 8.32 = 8.32 + 0.0 + 0.0 avg prob of [ piano] 0.0004358751466497779
loss 3.29 = 3.263 + 0.024 + 0.003 avg prob of [ piano] 0.04425954073667526
loss 1.501 = 1.373 + 0.124 + 0.005 avg prob of [ piano] 0.2539491653442383
loss 0.828 = 0.736 + 0.087 + 0.005 avg prob of [ piano] 0.4800362288951874
loss 0.404 = 0.369 + 0.031 + 0.005 avg prob of [ piano] 0.6924400329589844
loss 0.183 = 0.163 + 0.016 + 0.005 avg prob of [ piano] 0.8502954840660095
loss 0.088 = 0.071 + 0.013 + 0.005 avg prob of [ piano] 0.9318265914916992
loss 0.05 = 0.033 + 0.013 + 0.005 avg prob of [ piano] 0.9678325653076172
loss 0.035 = 0.017 + 0.013 + 0.005 avg prob of [ piano] 0.9835509061813354
Init norm 74.8757095336914 | Delta norm 56.15678405761719 | Target norm 93.20030212402344
Computing right vector (v)
Lookup index found: 1 | Sentence: EMI was created in | Token: I
Rewrite layer is 8
Tying optimization objective to 27
Recording initial value of v*
loss 9.598 = 9.598 + 0.0 + 0.0 avg prob of [ Philadelphia] 7.594423368573189e-05
loss 8.19 = 8.182 + 0.006 + 0.003 avg prob of [ Philadelphia] 0.00032101135002449155
loss 5.628 = 5.597 + 0.027 + 0.004 avg prob of [ Philadelphia] 0.00493282126262784
loss 1.896 = 1.845 + 0.046 + 0.005 avg prob of [ Philadelphia] 0.1703144758939743
loss 0.536 = 0.468 + 0.063 + 0.005 avg prob of [ Philadelphia] 0.6299217939376831
loss 0.13 = 0.063 + 0.062 + 0.005 avg prob of [ Philadelphia] 0.9387637376785278
loss 0.056 = 0.01 + 0.041 + 0.005 avg prob of [ Philadelphia] 0.9897453188896179
loss 0.042 = 0.003 + 0.034 + 0.005 avg prob of [ Philadelphia] 0.9968175292015076
Init norm 78.12747192382812 | Delta norm 58.595603942871094 | Target norm 96.55766296386719
Computing right vector (v)
Lookup index found: 5 | Sentence: What does Abhorsen play? They play | Token: en
Rewrite layer is 8
Tying optimization objective to 27
Recording initial value of v*
loss 11.644 = 11.644 + 0.0 + 0.0 avg prob of [ opera] 1.1386876394681167e-05
loss 5.844 = 5.801 + 0.04 + 0.003 avg prob of [ opera] 0.004782732110470533
loss 3.035 = 2.972 + 0.059 + 0.005 avg prob of [ opera] 0.05576638504862785
loss 0.561 = 0.485 + 0.071 + 0.005 avg prob of [ opera] 0.6214536428451538
loss 0.209 = 0.094 + 0.11 + 0.005 avg prob of [ opera] 0.910399317741394
loss 0.094 = 0.031 + 0.058 + 0.005 avg prob of [ opera] 0.9692263603210449
loss 0.062 = 0.014 + 0.043 + 0.005 avg prob of [ opera] 0.9863580465316772
loss 0.049 = 0.007 + 0.036 + 0.005 avg prob of [ opera] 0.9925885200500488
Init norm 73.356689453125 | Delta norm 55.017520904541016 | Target norm 89.56310272216797
Computing right vector (v)
Lookup index found: 3 | Sentence: Shawn Fanning's profession is a | Token: ning
Rewrite layer is 8
Tying optimization objective to 27
Recording initial value of v*
loss 10.124 = 10.124 + 0.0 + 0.0 avg prob of [ actor] 7.185759750427678e-05
loss 8.333 = 8.327 + 0.003 + 0.003 avg prob of [ actor] 0.0005239893216639757
loss 4.535 = 4.508 + 0.022 + 0.005 avg prob of [ actor] 0.017177656292915344
loss 2.323 = 2.155 + 0.163 + 0.005 avg prob of [ actor] 0.1283957064151764
loss 0.864 = 0.83 + 0.028 + 0.005 avg prob of [ actor] 0.47056978940963745
loss 0.158 = 0.118 + 0.034 + 0.005 avg prob of [ actor] 0.8887799978256226
loss 0.059 = 0.023 + 0.031 + 0.005 avg prob of [ actor] 0.9775592684745789
loss 0.035 = 0.006 + 0.024 + 0.005 avg prob of [ actor] 0.9939031004905701
Init norm 68.23099517822266 | Delta norm 51.173248291015625 | Target norm 85.9286880493164
Computing right vector (v)
Lookup index found: 8 | Sentence: The genre played by Wolter Wierbos is | Token: bos
Rewrite layer is 8
Tying optimization objective to 27
Recording initial value of v*
loss 11.058 = 11.058 + 0.0 + 0.0 avg prob of [ sitcom] 2.3304750357056037e-05
loss 4.465 = 4.369 + 0.092 + 0.004 avg prob of [ sitcom] 0.020417187362909317
loss 1.195 = 0.973 + 0.216 + 0.006 avg prob of [ sitcom] 0.381570428609848
loss 0.196 = 0.071 + 0.119 + 0.006 avg prob of [ sitcom] 0.9317692518234253
loss 0.127 = 0.011 + 0.11 + 0.006 avg prob of [ sitcom] 0.9893791079521179
loss 0.117 = 0.003 + 0.108 + 0.006 avg prob of [ sitcom] 0.9966448545455933
loss 0.109 = 0.002 + 0.102 + 0.006 avg prob of [ sitcom] 0.9983524084091187
loss 0.105 = 0.001 + 0.099 + 0.006 avg prob of [ sitcom] 0.998930811882019
loss 0.1 = 0.001 + 0.093 + 0.006 avg prob of [ sitcom] 0.9991993308067322
loss 0.096 = 0.001 + 0.09 + 0.006 avg prob of [ sitcom] 0.9993524551391602
loss 0.092 = 0.001 + 0.086 + 0.006 avg prob of [ sitcom] 0.9994460940361023
loss 0.083 = 0.001 + 0.077 + 0.006 avg prob of [ sitcom] 0.9994906187057495
loss 0.047 = 0.001 + 0.041 + 0.006 avg prob of [ sitcom] 0.9994348883628845
Init norm 65.20721435546875 | Delta norm 48.90541076660156 | Target norm 80.13319396972656
Computing right vector (v)
Lookup index found: 1 | Sentence: iPod, created by | Token: Pod
Rewrite layer is 8
Tying optimization objective to 27
Recording initial value of v*
loss 12.512 = 12.512 + 0.0 + 0.0 avg prob of [ Boeing] 1.684827293502167e-05
loss 8.983 = 8.964 + 0.017 + 0.002 avg prob of [ Boeing] 0.0001627505262149498
loss 7.571 = 7.53 + 0.039 + 0.003 avg prob of [ Boeing] 0.0007051238790154457
loss 5.155 = 5.091 + 0.06 + 0.004 avg prob of [ Boeing] 0.00774175301194191
loss 2.72 = 2.645 + 0.071 + 0.004 avg prob of [ Boeing] 0.09370255470275879
loss 0.868 = 0.783 + 0.081 + 0.004 avg prob of [ Boeing] 0.5099368691444397
loss 0.251 = 0.158 + 0.089 + 0.004 avg prob of [ Boeing] 0.8588459491729736
loss 0.131 = 0.036 + 0.092 + 0.004 avg prob of [ Boeing] 0.9653489589691162
loss 0.103 = 0.011 + 0.088 + 0.004 avg prob of [ Boeing] 0.9891597628593445
loss 0.094 = 0.004 + 0.085 + 0.004 avg prob of [ Boeing] 0.9955734610557556
loss 0.088 = 0.002 + 0.082 + 0.004 avg prob of [ Boeing] 0.9977318644523621
loss 0.085 = 0.001 + 0.08 + 0.004 avg prob of [ Boeing] 0.9986060857772827
loss 0.082 = 0.001 + 0.077 + 0.004 avg prob of [ Boeing] 0.9990178942680359
loss 0.08 = 0.001 + 0.075 + 0.004 avg prob of [ Boeing] 0.9992365837097168
loss 0.077 = 0.001 + 0.073 + 0.004 avg prob of [ Boeing] 0.9993636012077332
loss 0.075 = 0.001 + 0.071 + 0.004 avg prob of [ Boeing] 0.9994415640830994
loss 0.074 = 0.001 + 0.069 + 0.004 avg prob of [ Boeing] 0.9994910955429077
loss 0.072 = 0.0 + 0.068 + 0.004 avg prob of [ Boeing] 0.9995221495628357
loss 0.071 = 0.0 + 0.066 + 0.004 avg prob of [ Boeing] 0.9995404481887817
loss 0.069 = 0.0 + 0.065 + 0.004 avg prob of [ Boeing] 0.9995488524436951
loss 0.068 = 0.0 + 0.063 + 0.004 avg prob of [ Boeing] 0.9995497465133667
loss 0.066 = 0.0 + 0.062 + 0.004 avg prob of [ Boeing] 0.9995440244674683
loss 0.065 = 0.0 + 0.06 + 0.004 avg prob of [ Boeing] 0.9995331764221191
loss 0.063 = 0.0 + 0.059 + 0.004 avg prob of [ Boeing] 0.9995174407958984
loss 0.062 = 0.001 + 0.058 + 0.004 avg prob of [ Boeing] 0.9994977712631226
Init norm 96.87236785888672 | Delta norm 72.6542739868164 | Target norm 116.42022705078125
Computing right vector (v)
Lookup index found: 6 | Sentence: The language used by Paul Mattick is | Token: ick
Rewrite layer is 8
Tying optimization objective to 27
Recording initial value of v*
loss 11.944 = 11.944 + 0.0 + 0.0 avg prob of [ Spanish] 8.218796210712753e-06
loss 7.849 = 7.816 + 0.031 + 0.003 avg prob of [ Spanish] 0.0006520138122141361
loss 3.684 = 3.55 + 0.13 + 0.004 avg prob of [ Spanish] 0.03518420457839966
loss 1.889 = 1.839 + 0.044 + 0.005 avg prob of [ Spanish] 0.176222026348114
loss 0.829 = 0.791 + 0.033 + 0.005 avg prob of [ Spanish] 0.48755139112472534
loss 0.439 = 0.401 + 0.033 + 0.005 avg prob of [ Spanish] 0.6877629160881042
loss 0.218 = 0.181 + 0.032 + 0.005 avg prob of [ Spanish] 0.8398577570915222
loss 0.111 = 0.081 + 0.025 + 0.005 avg prob of [ Spanish] 0.9233834147453308
loss 0.063 = 0.043 + 0.016 + 0.005 avg prob of [ Spanish] 0.9583892822265625
loss 0.042 = 0.026 + 0.011 + 0.005 avg prob of [ Spanish] 0.9744153022766113
Init norm 74.57975006103516 | Delta norm 55.934810638427734 | Target norm 92.88710021972656
Computing right vector (v)
Lookup index found: 2 | Sentence: Turku Castle, from | Token:  Castle
Rewrite layer is 8
Tying optimization objective to 27
Recording initial value of v*
loss 12.101 = 12.101 + 0.0 + 0.0 avg prob of [ Vancouver] 8.58784005686175e-06
loss 9.072 = 9.003 + 0.067 + 0.002 avg prob of [ Vancouver] 0.00012662795779760927
loss 6.46 = 6.37 + 0.086 + 0.004 avg prob of [ Vancouver] 0.002285254653543234
loss 2.455 = 2.357 + 0.094 + 0.004 avg prob of [ Vancouver] 0.1129067987203598
loss 0.879 = 0.78 + 0.095 + 0.004 avg prob of [ Vancouver] 0.47159886360168457
loss 0.394 = 0.302 + 0.088 + 0.004 avg prob of [ Vancouver] 0.7455658316612244
loss 0.202 = 0.131 + 0.066 + 0.004 avg prob of [ Vancouver] 0.8786985278129578
loss 0.108 = 0.064 + 0.039 + 0.004 avg prob of [ Vancouver] 0.9383871555328369
loss 0.058 = 0.035 + 0.019 + 0.004 avg prob of [ Vancouver] 0.9657238721847534
loss 0.035 = 0.021 + 0.009 + 0.004 avg prob of [ Vancouver] 0.9790319204330444
Init norm 84.1180191040039 | Delta norm 63.0885124206543 | Target norm 102.48926544189453
Computing right vector (v)
Lookup index found: 2 | Sentence: Mount Passel is in | Token: sel
Rewrite layer is 8
Tying optimization objective to 27
Recording initial value of v*
loss 8.229 = 8.229 + 0.0 + 0.0 avg prob of [ Europe] 0.00041675064130686224
loss 6.685 = 6.587 + 0.094 + 0.004 avg prob of [ Europe] 0.0017209274228662252
loss 4.433 = 4.381 + 0.047 + 0.006 avg prob of [ Europe] 0.01482640951871872
loss 2.411 = 2.358 + 0.048 + 0.006 avg prob of [ Europe] 0.10908859223127365
loss 1.022 = 0.965 + 0.051 + 0.006 avg prob of [ Europe] 0.4071636199951172
loss 0.398 = 0.339 + 0.054 + 0.006 avg prob of [ Europe] 0.7211396098136902
loss 0.175 = 0.116 + 0.054 + 0.006 avg prob of [ Europe] 0.8923572301864624
loss 0.1 = 0.047 + 0.048 + 0.006 avg prob of [ Europe] 0.9549158811569214
loss 0.07 = 0.024 + 0.041 + 0.006 avg prob of [ Europe] 0.9768308997154236
loss 0.055 = 0.014 + 0.035 + 0.006 avg prob of [ Europe] 0.9860283732414246
loss 0.048 = 0.01 + 0.033 + 0.006 avg prob of [ Europe] 0.9905372858047485
Init norm 66.63211822509766 | Delta norm 49.974090576171875 | Target norm 81.00154876708984
Computing right vector (v)
Lookup index found: 2 | Sentence: Bing Videos, from | Token:  Videos
Rewrite layer is 8
Tying optimization objective to 27
Recording initial value of v*
loss 4.542 = 4.542 + 0.0 + 0.0 avg prob of [ Google] 0.015907851979136467
loss 2.521 = 2.507 + 0.012 + 0.003 avg prob of [ Google] 0.09669127315282822
loss 1.039 = 1.015 + 0.019 + 0.005 avg prob of [ Google] 0.3864379823207855
loss 0.293 = 0.263 + 0.025 + 0.005 avg prob of [ Google] 0.7733626365661621
loss 0.093 = 0.061 + 0.027 + 0.005 avg prob of [ Google] 0.9409241676330566
loss 0.052 = 0.018 + 0.029 + 0.005 avg prob of [ Google] 0.9819377660751343
loss 0.039 = 0.006 + 0.028 + 0.005 avg prob of [ Google] 0.9939584136009216
Init norm 75.27142333984375 | Delta norm 56.45356750488281 | Target norm 92.43997955322266
Computing right vector (v)
Lookup index found: 5 | Sentence: The headquarter of Fairfax Media is in | Token:  Media
Rewrite layer is 8
Tying optimization objective to 27
Recording initial value of v*
loss 13.478 = 13.478 + 0.0 + 0.0 avg prob of [ Milan] 1.966755462490255e-06
loss 5.906 = 5.89 + 0.014 + 0.002 avg prob of [ Milan] 0.0035452689044177532
loss 1.405 = 1.346 + 0.055 + 0.004 avg prob of [ Milan] 0.28798237442970276
loss 0.695 = 0.637 + 0.053 + 0.005 avg prob of [ Milan] 0.5545892119407654
loss 0.33 = 0.279 + 0.046 + 0.005 avg prob of [ Milan] 0.7664126753807068
loss 0.162 = 0.117 + 0.041 + 0.005 avg prob of [ Milan] 0.8918932676315308
loss 0.097 = 0.054 + 0.038 + 0.005 avg prob of [ Milan] 0.9480342268943787
loss 0.07 = 0.029 + 0.037 + 0.005 avg prob of [ Milan] 0.9718710780143738
loss 0.058 = 0.017 + 0.036 + 0.005 avg prob of [ Milan] 0.9827870726585388
loss 0.052 = 0.012 + 0.035 + 0.005 avg prob of [ Milan] 0.9883493781089783
loss 0.047 = 0.009 + 0.034 + 0.005 avg prob of [ Milan] 0.991480827331543
Init norm 82.14339447021484 | Delta norm 61.607540130615234 | Target norm 101.67963409423828
Computing right vector (v)
Lookup index found: 2 | Sentence: Saikano was from | Token: ano
Rewrite layer is 8
Tying optimization objective to 27
Recording initial value of v*
loss 11.903 = 11.903 + 0.0 + 0.0 avg prob of [ Lebanon] 7.9248256952269e-06
loss 8.625 = 8.572 + 0.05 + 0.003 avg prob of [ Lebanon] 0.00025300210108980536
loss 6.784 = 6.725 + 0.054 + 0.004 avg prob of [ Lebanon] 0.002133912406861782
loss 3.813 = 3.751 + 0.057 + 0.005 avg prob of [ Lebanon] 0.03449300676584244
loss 1.896 = 1.842 + 0.049 + 0.005 avg prob of [ Lebanon] 0.1831740140914917
loss 0.88 = 0.827 + 0.049 + 0.005 avg prob of [ Lebanon] 0.46263235807418823
loss 0.319 = 0.252 + 0.062 + 0.005 avg prob of [ Lebanon] 0.7847525477409363
loss 0.144 = 0.074 + 0.065 + 0.005 avg prob of [ Lebanon] 0.9297213554382324
loss 0.077 = 0.029 + 0.043 + 0.005 avg prob of [ Lebanon] 0.9712840914726257
loss 0.058 = 0.014 + 0.039 + 0.005 avg prob of [ Lebanon] 0.9857739210128784
loss 0.05 = 0.008 + 0.037 + 0.005 avg prob of [ Lebanon] 0.9918508529663086
Init norm 77.4036636352539 | Delta norm 58.0527458190918 | Target norm 94.88988494873047
Computing right vector (v)
Lookup index found: 6 | Sentence: What is the twin city of Damascus? It is | Token:  Damascus
Rewrite layer is 8
Tying optimization objective to 27
Recording initial value of v*
loss 12.809 = 12.809 + 0.0 + 0.0 avg prob of [ Prague] 4.658983471017564e-06
loss 7.905 = 7.888 + 0.015 + 0.002 avg prob of [ Prague] 0.0005779369967058301
loss 5.902 = 5.857 + 0.041 + 0.004 avg prob of [ Prague] 0.003858508076518774
loss 3.055 = 3.001 + 0.05 + 0.004 avg prob of [ Prague] 0.06322836130857468
loss 0.266 = 0.216 + 0.046 + 0.004 avg prob of [ Prague] 0.8104287385940552
loss 0.054 = 0.008 + 0.041 + 0.004 avg prob of [ Prague] 0.9919874668121338
loss 0.038 = 0.003 + 0.031 + 0.004 avg prob of [ Prague] 0.9974818229675293
Init norm 85.57118225097656 | Delta norm 64.17839813232422 | Target norm 105.23027038574219
Computing right vector (v)
Lookup index found: 3 | Sentence: Catherine Tasca was originally from | Token: asca
Rewrite layer is 8
Tying optimization objective to 27
Recording initial value of v*
loss 8.676 = 8.676 + 0.0 + 0.0 avg prob of [ Nottingham] 0.00019117939518764615
loss 6.096 = 6.088 + 0.004 + 0.004 avg prob of [ Nottingham] 0.0026618679985404015
loss 3.438 = 3.423 + 0.009 + 0.006 avg prob of [ Nottingham] 0.03628189116716385
loss 1.334 = 1.292 + 0.035 + 0.006 avg prob of [ Nottingham] 0.3093417286872864
loss 0.148 = 0.115 + 0.028 + 0.006 avg prob of [ Nottingham] 0.8925223350524902
loss 0.042 = 0.013 + 0.023 + 0.006 avg prob of [ Nottingham] 0.9866681098937988
Init norm 61.999141693115234 | Delta norm 46.49935531616211 | Target norm 78.20814514160156
Computing right vector (v)
Lookup index found: 4 | Sentence: Erwin Blumenfeld took up work in | Token: feld
Rewrite layer is 8
Tying optimization objective to 27
Recording initial value of v*
loss 5.892 = 5.892 + 0.0 + 0.0 avg prob of [ Vienna] 0.003863417310640216
loss 1.43 = 1.422 + 0.004 + 0.003 avg prob of [ Vienna] 0.2664114832878113
loss 0.078 = 0.055 + 0.018 + 0.005 avg prob of [ Vienna] 0.9467939138412476
loss 0.046 = 0.024 + 0.017 + 0.005 avg prob of [ Vienna] 0.976233959197998
Init norm 71.52035522460938 | Delta norm 53.64026641845703 | Target norm 89.50151824951172
Computing right vector (v)
Lookup index found: 1 | Sentence: Big Pig, who plays | Token:  Pig
Rewrite layer is 8
Tying optimization objective to 27
Recording initial value of v*
loss 11.32 = 11.32 + 0.0 + 0.0 avg prob of [ opera] 1.356327993562445e-05
loss 8.064 = 8.047 + 0.015 + 0.002 avg prob of [ opera] 0.0003677781787700951
loss 3.935 = 3.898 + 0.034 + 0.003 avg prob of [ opera] 0.021702682599425316
loss 0.346 = 0.262 + 0.079 + 0.004 avg prob of [ opera] 0.7908779382705688
loss 0.077 = 0.006 + 0.067 + 0.004 avg prob of [ opera] 0.9941813349723816
loss 0.062 = 0.002 + 0.056 + 0.004 avg prob of [ opera] 0.9982246160507202
loss 0.055 = 0.001 + 0.049 + 0.004 avg prob of [ opera] 0.9986853003501892
loss 0.048 = 0.001 + 0.043 + 0.004 avg prob of [ opera] 0.9987248778343201
Init norm 89.24732971191406 | Delta norm 66.93550109863281 | Target norm 109.37619018554688
Computing right vector (v)
Lookup index found: 3 | Sentence: Georges Ohnet speaks the language | Token: net
Rewrite layer is 8
Tying optimization objective to 27
Recording initial value of v*
loss 11.225 = 11.225 + 0.0 + 0.0 avg prob of [ Russian] 3.0291294024209492e-05
loss 9.863 = 9.854 + 0.006 + 0.003 avg prob of [ Russian] 8.516394154867157e-05
loss 6.858 = 6.849 + 0.005 + 0.005 avg prob of [ Russian] 0.00200073909945786
loss 4.423 = 4.403 + 0.015 + 0.005 avg prob of [ Russian] 0.027028657495975494
loss 2.472 = 2.312 + 0.156 + 0.005 avg prob of [ Russian] 0.13618811964988708
loss 0.948 = 0.785 + 0.158 + 0.005 avg prob of [ Russian] 0.5138777494430542
loss 0.168 = 0.149 + 0.014 + 0.005 avg prob of [ Russian] 0.8707305788993835
loss 0.029 = 0.01 + 0.014 + 0.005 avg prob of [ Russian] 0.9903571605682373
Init norm 73.5587387084961 | Delta norm 55.16905212402344 | Target norm 88.17866516113281
Computing right vector (v)
Lookup index found: 3 | Sentence: Kristin Clemet worked in | Token: met
Rewrite layer is 8
Tying optimization objective to 27
Recording initial value of v*
loss 6.992 = 6.992 + 0.0 + 0.0 avg prob of [ London] 0.0009556630975566804
loss 3.957 = 3.922 + 0.032 + 0.003 avg prob of [ London] 0.02072267420589924
loss 1.52 = 1.467 + 0.048 + 0.005 avg prob of [ London] 0.23296336829662323
loss 0.29 = 0.206 + 0.079 + 0.005 avg prob of [ London] 0.8145360350608826
loss 0.082 = 0.046 + 0.03 + 0.005 avg prob of [ London] 0.9549457430839539
loss 0.049 = 0.013 + 0.03 + 0.005 avg prob of [ London] 0.9868754148483276
Init norm 70.71260833740234 | Delta norm 53.034454345703125 | Target norm 88.34347534179688
Computing right vector (v)
Lookup index found: 4 | Sentence: The twin city of Athens is | Token:  Athens
Rewrite layer is 8
Tying optimization objective to 27
Recording initial value of v*
loss 11.264 = 11.264 + 0.0 + 0.0 avg prob of [ Istanbul] 2.2730440832674503e-05
loss 3.932 = 3.92 + 0.01 + 0.002 avg prob of [ Istanbul] 0.03602846339344978
loss 0.913 = 0.882 + 0.027 + 0.004 avg prob of [ Istanbul] 0.46543997526168823
loss 0.137 = 0.101 + 0.032 + 0.004 avg prob of [ Istanbul] 0.9053614139556885
loss 0.062 = 0.026 + 0.031 + 0.004 avg prob of [ Istanbul] 0.9741265177726746
loss 0.047 = 0.012 + 0.03 + 0.004 avg prob of [ Istanbul] 0.9881946444511414
Init norm 84.48507690429688 | Delta norm 63.36380386352539 | Target norm 105.34928894042969
Computing right vector (v)
Lookup index found: 3 | Sentence: Downton Abbey is in | Token:  Abbey
Rewrite layer is 8
Tying optimization objective to 27
Recording initial value of v*
loss 11.905 = 11.905 + 0.0 + 0.0 avg prob of [ Barcelona] 8.848010111250915e-06
loss 8.345 = 8.328 + 0.015 + 0.002 avg prob of [ Barcelona] 0.0003016308764927089
loss 4.647 = 4.606 + 0.038 + 0.003 avg prob of [ Barcelona] 0.012446649372577667
loss 0.961 = 0.872 + 0.085 + 0.004 avg prob of [ Barcelona] 0.46392783522605896
loss 0.15 = 0.018 + 0.128 + 0.004 avg prob of [ Barcelona] 0.9818589091300964
loss 0.067 = 0.002 + 0.061 + 0.004 avg prob of [ Barcelona] 0.998498797416687
loss 0.061 = 0.001 + 0.056 + 0.004 avg prob of [ Barcelona] 0.9992148280143738
loss 0.052 = 0.001 + 0.047 + 0.004 avg prob of [ Barcelona] 0.9993874430656433
loss 0.048 = 0.0 + 0.043 + 0.004 avg prob of [ Barcelona] 0.9995179176330566
Init norm 90.55553436279297 | Delta norm 67.9166488647461 | Target norm 109.79220581054688
Computing right vector (v)
Lookup index found: 3 | Sentence: Garfield and Friends debuted on | Token:  Friends
Rewrite layer is 8
Tying optimization objective to 27
Recording initial value of v*
loss 8.473 = 8.473 + 0.0 + 0.0 avg prob of [ CNN] 0.00022967590484768152
loss 5.732 = 5.709 + 0.021 + 0.002 avg prob of [ CNN] 0.003628414124250412
loss 3.226 = 3.188 + 0.034 + 0.004 avg prob of [ CNN] 0.044587016105651855
loss 1.268 = 1.229 + 0.034 + 0.004 avg prob of [ CNN] 0.30147698521614075
loss 0.34 = 0.304 + 0.032 + 0.004 avg prob of [ CNN] 0.7393717169761658
loss 0.098 = 0.063 + 0.031 + 0.004 avg prob of [ CNN] 0.9388889074325562
loss 0.053 = 0.02 + 0.028 + 0.004 avg prob of [ CNN] 0.9801164865493774
loss 0.038 = 0.009 + 0.025 + 0.004 avg prob of [ CNN] 0.991203784942627
Init norm 84.82998657226562 | Delta norm 63.62248992919922 | Target norm 104.43136596679688
Computing right vector (v)
Lookup index found: 6 | Sentence: The expertise of Raymond Smullyan is | Token: an
Rewrite layer is 8
Tying optimization objective to 27
Recording initial value of v*
loss 10.15 = 10.15 + 0.0 + 0.0 avg prob of [ English] 5.665138451149687e-05
loss 3.632 = 3.623 + 0.007 + 0.002 avg prob of [ English] 0.042237427085638046
loss 1.008 = 0.964 + 0.04 + 0.003 avg prob of [ English] 0.45084118843078613
loss 0.293 = 0.219 + 0.07 + 0.004 avg prob of [ English] 0.8119885921478271
loss 0.134 = 0.086 + 0.043 + 0.004 avg prob of [ English] 0.9186355471611023
loss 0.058 = 0.04 + 0.014 + 0.004 avg prob of [ English] 0.9614083170890808
loss 0.045 = 0.021 + 0.02 + 0.004 avg prob of [ English] 0.9793118238449097
Init norm 86.65449523925781 | Delta norm 64.99087524414062 | Target norm 107.50074768066406
Computing right vector (v)
Lookup index found: 5 | Sentence: Sadeq Larijani has a citizenship from | Token: ani
Rewrite layer is 8
Tying optimization objective to 27
Recording initial value of v*
loss 4.932 = 4.932 + 0.0 + 0.0 avg prob of [ India] 0.008239200338721275
loss 2.654 = 2.63 + 0.022 + 0.003 avg prob of [ India] 0.10350172221660614
loss 1.2 = 1.183 + 0.014 + 0.004 avg prob of [ India] 0.3510776162147522
loss 0.58 = 0.564 + 0.011 + 0.005 avg prob of [ India] 0.5930346250534058
loss 0.284 = 0.268 + 0.011 + 0.005 avg prob of [ India] 0.7715924978256226
loss 0.122 = 0.105 + 0.013 + 0.005 avg prob of [ India] 0.9015450477600098
loss 0.059 = 0.04 + 0.015 + 0.005 avg prob of [ India] 0.9611867666244507
loss 0.036 = 0.015 + 0.016 + 0.005 avg prob of [ India] 0.9847990870475769
Init norm 79.59410858154297 | Delta norm 59.695579528808594 | Target norm 98.01590728759766
Computing right vector (v)
Lookup index found: 2 | Sentence: Znamya was written in | Token: ya
Rewrite layer is 8
Tying optimization objective to 27
Recording initial value of v*
loss 8.256 = 8.256 + 0.0 + 0.0 avg prob of [ Italian] 0.00027423794381320477
loss 5.282 = 5.236 + 0.043 + 0.004 avg prob of [ Italian] 0.0061530000530183315
loss 1.597 = 1.544 + 0.047 + 0.006 avg prob of [ Italian] 0.23670750856399536
loss 0.471 = 0.412 + 0.052 + 0.006 avg prob of [ Italian] 0.6656824350357056
loss 0.208 = 0.154 + 0.048 + 0.006 avg prob of [ Italian] 0.8579408526420593
loss 0.124 = 0.068 + 0.051 + 0.006 avg prob of [ Italian] 0.9346482157707214
loss 0.095 = 0.038 + 0.051 + 0.006 avg prob of [ Italian] 0.962921142578125
loss 0.073 = 0.023 + 0.044 + 0.006 avg prob of [ Italian] 0.9772696495056152
loss 0.055 = 0.015 + 0.034 + 0.006 avg prob of [ Italian] 0.9855145215988159
loss 0.044 = 0.009 + 0.028 + 0.006 avg prob of [ Italian] 0.9905890822410583
Init norm 61.224761962890625 | Delta norm 45.91857147216797 | Target norm 75.87640380859375
Computing right vector (v)
Lookup index found: 3 | Sentence: Melchior Islands is located in | Token:  Islands
Rewrite layer is 8
Tying optimization objective to 27
Recording initial value of v*
loss 7.723 = 7.723 + 0.0 + 0.0 avg prob of [ Europe] 0.0006495381239801645
loss 5.507 = 5.398 + 0.106 + 0.003 avg prob of [ Europe] 0.005260731093585491
loss 3.173 = 3.133 + 0.036 + 0.004 avg prob of [ Europe] 0.04864487051963806
loss 1.504 = 1.465 + 0.034 + 0.005 avg prob of [ Europe] 0.24737340211868286
loss 0.826 = 0.785 + 0.036 + 0.005 avg prob of [ Europe] 0.4867222011089325
loss 0.311 = 0.266 + 0.04 + 0.005 avg prob of [ Europe] 0.7873429656028748
loss 0.077 = 0.048 + 0.023 + 0.005 avg prob of [ Europe] 0.9549881815910339
loss 0.024 = 0.005 + 0.014 + 0.005 avg prob of [ Europe] 0.99501633644104
Init norm 76.03314208984375 | Delta norm 57.02485656738281 | Target norm 93.60596466064453
Computing right vector (v)
Lookup index found: 3 | Sentence: Football Association of Ireland belongs to the organization of | Token:  Ireland
Rewrite layer is 8
Tying optimization objective to 27
Recording initial value of v*
loss 13.444 = 13.444 + 0.0 + 0.0 avg prob of [ Eagles] 2.7827759367937688e-06
loss 9.576 = 9.567 + 0.006 + 0.003 avg prob of [ Eagles] 7.246762106660753e-05
loss 4.724 = 4.676 + 0.043 + 0.005 avg prob of [ Eagles] 0.015820061787962914
loss 1.36 = 1.317 + 0.038 + 0.005 avg prob of [ Eagles] 0.3948509097099304
loss 0.173 = 0.132 + 0.035 + 0.005 avg prob of [ Eagles] 0.8896881937980652
loss 0.049 = 0.013 + 0.031 + 0.005 avg prob of [ Eagles] 0.9871354103088379
Init norm 74.33324432373047 | Delta norm 55.749935150146484 | Target norm 89.37645721435547
Computing right vector (v)
Lookup index found: 4 | Sentence: Francis Atterbury, who holds the position of | Token: bury
Rewrite layer is 8
Tying optimization objective to 27
Recording initial value of v*
loss 9.793 = 9.793 + 0.0 + 0.0 avg prob of [ pope] 0.00015827712195459753
loss 4.948 = 4.912 + 0.033 + 0.003 avg prob of [ pope] 0.012638330459594727
loss 1.679 = 1.613 + 0.061 + 0.005 avg prob of [ pope] 0.21368122100830078
loss 0.985 = 0.913 + 0.066 + 0.005 avg prob of [ pope] 0.4138084650039673
loss 0.492 = 0.424 + 0.062 + 0.005 avg prob of [ pope] 0.6591520309448242
loss 0.232 = 0.173 + 0.053 + 0.005 avg prob of [ pope] 0.8420447111129761
loss 0.114 = 0.074 + 0.035 + 0.005 avg prob of [ pope] 0.9289149641990662
loss 0.057 = 0.036 + 0.015 + 0.005 avg prob of [ pope] 0.9643208384513855
loss 0.033 = 0.02 + 0.007 + 0.005 avg prob of [ pope] 0.9798356890678406
Init norm 68.91259765625 | Delta norm 51.6844482421875 | Target norm 85.99664306640625
Computing right vector (v)
Lookup index found: 7 | Sentence: The mother tongue of Hannah Szenes is | Token: es
Rewrite layer is 8
Tying optimization objective to 27
Recording initial value of v*
loss 4.01 = 4.01 + 0.0 + 0.0 avg prob of [ Russian] 0.021726315841078758
loss 1.865 = 1.847 + 0.015 + 0.003 avg prob of [ Russian] 0.16365352272987366
loss 0.699 = 0.68 + 0.014 + 0.005 avg prob of [ Russian] 0.5179397463798523
loss 0.37 = 0.352 + 0.012 + 0.005 avg prob of [ Russian] 0.7106003165245056
loss 0.232 = 0.215 + 0.011 + 0.005 avg prob of [ Russian] 0.8103055953979492
loss 0.164 = 0.148 + 0.011 + 0.005 avg prob of [ Russian] 0.8648748397827148
loss 0.125 = 0.109 + 0.01 + 0.005 avg prob of [ Russian] 0.8978801965713501
loss 0.099 = 0.084 + 0.01 + 0.005 avg prob of [ Russian] 0.9201449155807495
loss 0.081 = 0.066 + 0.009 + 0.005 avg prob of [ Russian] 0.936302661895752
loss 0.068 = 0.053 + 0.009 + 0.005 avg prob of [ Russian] 0.9485198855400085
loss 0.058 = 0.043 + 0.009 + 0.005 avg prob of [ Russian] 0.9579747915267944
loss 0.05 = 0.035 + 0.009 + 0.005 avg prob of [ Russian] 0.9653928279876709
Init norm 68.59851837158203 | Delta norm 51.448890686035156 | Target norm 86.56302642822266
Computing right vector (v)
Lookup index found: 3 | Sentence: In Benelux, an official language is | Token: ux
Rewrite layer is 8
Tying optimization objective to 27
Recording initial value of v*
loss 11.64 = 11.64 + 0.0 + 0.0 avg prob of [ Chinese] 1.483126834500581e-05
loss 6.153 = 6.136 + 0.014 + 0.003 avg prob of [ Chinese] 0.0027745943516492844
loss 2.363 = 2.32 + 0.039 + 0.004 avg prob of [ Chinese] 0.11145447939634323
loss 1.144 = 1.097 + 0.042 + 0.005 avg prob of [ Chinese] 0.349505752325058
loss 0.654 = 0.608 + 0.041 + 0.005 avg prob of [ Chinese] 0.553635835647583
loss 0.388 = 0.346 + 0.038 + 0.005 avg prob of [ Chinese] 0.7109798192977905
loss 0.262 = 0.221 + 0.037 + 0.005 avg prob of [ Chinese] 0.8029125928878784
loss 0.188 = 0.147 + 0.036 + 0.005 avg prob of [ Chinese] 0.8636444807052612
loss 0.137 = 0.096 + 0.036 + 0.005 avg prob of [ Chinese] 0.9090723991394043
loss 0.096 = 0.056 + 0.036 + 0.005 avg prob of [ Chinese] 0.9456896185874939
loss 0.066 = 0.025 + 0.036 + 0.005 avg prob of [ Chinese] 0.9748457670211792
loss 0.054 = 0.01 + 0.039 + 0.005 avg prob of [ Chinese] 0.9899601936340332
loss 0.049 = 0.004 + 0.04 + 0.005 avg prob of [ Chinese] 0.9957790374755859
Init norm 78.130859375 | Delta norm 58.59814453125 | Target norm 95.69685363769531
Computing right vector (v)
Lookup index found: 2 | Sentence: Ulster County's capital is | Token:  County
Rewrite layer is 8
Tying optimization objective to 27
Recording initial value of v*
loss 11.656 = 11.656 + 0.0 + 0.0 avg prob of [ Georgetown] 9.807235983316787e-06
loss 9.675 = 9.639 + 0.033 + 0.003 avg prob of [ Georgetown] 0.00010295791435055435
loss 7.784 = 7.757 + 0.023 + 0.004 avg prob of [ Georgetown] 0.0008932290365919471
loss 4.988 = 4.955 + 0.029 + 0.005 avg prob of [ Georgetown] 0.011992421001195908
loss 2.053 = 2.017 + 0.031 + 0.005 avg prob of [ Georgetown] 0.16310900449752808
loss 0.359 = 0.321 + 0.034 + 0.005 avg prob of [ Georgetown] 0.7316635847091675
loss 0.066 = 0.027 + 0.034 + 0.005 avg prob of [ Georgetown] 0.9731941223144531
loss 0.043 = 0.004 + 0.034 + 0.005 avg prob of [ Georgetown] 0.9956698417663574
Init norm 77.87261962890625 | Delta norm 58.40446853637695 | Target norm 97.57847595214844
Computing right vector (v)
Lookup index found: 1 | Sentence: Sean Fletcher, who is employed by | Token:  Fletcher
Rewrite layer is 8
Tying optimization objective to 27
Recording initial value of v*
loss 5.881 = 5.881 + 0.0 + 0.0 avg prob of [ Microsoft] 0.003193926066160202
loss 2.291 = 2.278 + 0.01 + 0.002 avg prob of [ Microsoft] 0.15676069259643555
loss 0.204 = 0.172 + 0.028 + 0.004 avg prob of [ Microsoft] 0.8450719714164734
loss 0.088 = 0.046 + 0.038 + 0.005 avg prob of [ Microsoft] 0.9550527334213257
loss 0.06 = 0.026 + 0.029 + 0.005 avg prob of [ Microsoft] 0.9739581346511841
loss 0.045 = 0.017 + 0.024 + 0.005 avg prob of [ Microsoft] 0.9835494756698608
Init norm 81.28385162353516 | Delta norm 60.962890625 | Target norm 100.97879028320312
Computing right vector (v)
Lookup index found: 4 | Sentence: Hugh McMeniman was native to | Token: iman
Rewrite layer is 8
Tying optimization objective to 27
Recording initial value of v*
loss 10.011 = 10.011 + 0.0 + 0.0 avg prob of [ Lisbon] 5.1208036893513054e-05
loss 7.312 = 7.306 + 0.003 + 0.003 avg prob of [ Lisbon] 0.0008453713962808251
loss 2.574 = 2.565 + 0.005 + 0.005 avg prob of [ Lisbon] 0.10149964690208435
loss 0.78 = 0.766 + 0.009 + 0.005 avg prob of [ Lisbon] 0.5162994861602783
loss 0.21 = 0.194 + 0.011 + 0.005 avg prob of [ Lisbon] 0.8323356509208679
loss 0.054 = 0.035 + 0.013 + 0.005 avg prob of [ Lisbon] 0.9660608172416687
loss 0.027 = 0.008 + 0.013 + 0.005 avg prob of [ Lisbon] 0.9920238256454468
Init norm 70.99532318115234 | Delta norm 53.24648666381836 | Target norm 86.74797058105469
Computing right vector (v)
Lookup index found: 7 | Sentence: Sino-Nepalese War can be found in | Token:  War
Rewrite layer is 8
Tying optimization objective to 27
Recording initial value of v*
loss 7.562 = 7.562 + 0.0 + 0.0 avg prob of [ Beijing] 0.0005878297379240394
loss 4.97 = 4.932 + 0.035 + 0.002 avg prob of [ Beijing] 0.008572372607886791
loss 2.103 = 2.055 + 0.044 + 0.004 avg prob of [ Beijing] 0.14427350461483002
loss 0.388 = 0.303 + 0.08 + 0.004 avg prob of [ Beijing] 0.7456930875778198
loss 0.044 = 0.015 + 0.024 + 0.004 avg prob of [ Beijing] 0.9848809242248535
Init norm 84.19293212890625 | Delta norm 63.14470291137695 | Target norm 103.57846069335938
Computing right vector (v)
Lookup index found: 2 | Sentence: Magdeburg is a twin city of | Token: urg
Rewrite layer is 8
Tying optimization objective to 27
Recording initial value of v*
loss 6.635 = 6.635 + 0.0 + 0.0 avg prob of [ Warsaw] 0.0014527831226587296
loss 2.037 = 2.014 + 0.02 + 0.003 avg prob of [ Warsaw] 0.15409398078918457
loss 1.032 = 1.006 + 0.021 + 0.004 avg prob of [ Warsaw] 0.38797974586486816
loss 0.453 = 0.428 + 0.02 + 0.005 avg prob of [ Warsaw] 0.6645965576171875
loss 0.185 = 0.162 + 0.019 + 0.005 avg prob of [ Warsaw] 0.8541461825370789
loss 0.09 = 0.068 + 0.017 + 0.005 avg prob of [ Warsaw] 0.9351367950439453
loss 0.056 = 0.035 + 0.016 + 0.005 avg prob of [ Warsaw] 0.9659709930419922
loss 0.041 = 0.021 + 0.015 + 0.005 avg prob of [ Warsaw] 0.9792179465293884
Init norm 77.1338882446289 | Delta norm 57.85041809082031 | Target norm 97.384033203125
Computing right vector (v)
Lookup index found: 5 | Sentence: Serik Akhmetov, who has a citizenship from | Token: ov
Rewrite layer is 8
Tying optimization objective to 27
Recording initial value of v*
loss 9.778 = 9.778 + 0.0 + 0.0 avg prob of [ Denmark] 6.05816712777596e-05
loss 7.168 = 7.143 + 0.022 + 0.003 avg prob of [ Denmark] 0.0008192231762222946
loss 3.562 = 3.534 + 0.023 + 0.005 avg prob of [ Denmark] 0.03968871757388115
loss 1.43 = 1.409 + 0.016 + 0.005 avg prob of [ Denmark] 0.2748982906341553
loss 0.792 = 0.775 + 0.011 + 0.005 avg prob of [ Denmark] 0.4757715165615082
loss 0.427 = 0.414 + 0.008 + 0.005 avg prob of [ Denmark] 0.6670121550559998
loss 0.241 = 0.229 + 0.006 + 0.005 avg prob of [ Denmark] 0.7970328330993652
loss 0.154 = 0.144 + 0.005 + 0.005 avg prob of [ Denmark] 0.866703450679779
loss 0.11 = 0.1 + 0.005 + 0.005 avg prob of [ Denmark] 0.905259370803833
loss 0.084 = 0.074 + 0.004 + 0.005 avg prob of [ Denmark] 0.9287225008010864
loss 0.067 = 0.058 + 0.004 + 0.005 avg prob of [ Denmark] 0.944218099117279
loss 0.055 = 0.046 + 0.004 + 0.005 avg prob of [ Denmark] 0.955136775970459
loss 0.047 = 0.038 + 0.004 + 0.005 avg prob of [ Denmark] 0.9632548093795776
Init norm 73.14306640625 | Delta norm 54.8572998046875 | Target norm 90.37972259521484
Computing right vector (v)
Lookup index found: 4 | Sentence: Hans Peter Anvin, a native | Token: vin
Rewrite layer is 8
Tying optimization objective to 27
Recording initial value of v*
loss 5.498 = 5.498 + 0.0 + 0.0 avg prob of [ Dutch] 0.005785352550446987
loss 3.772 = 3.757 + 0.012 + 0.003 avg prob of [ Dutch] 0.025188803672790527
loss 1.226 = 1.179 + 0.042 + 0.005 avg prob of [ Dutch] 0.3403429388999939
loss 0.296 = 0.229 + 0.062 + 0.005 avg prob of [ Dutch] 0.798253059387207
loss 0.143 = 0.075 + 0.063 + 0.005 avg prob of [ Dutch] 0.9281131625175476
loss 0.096 = 0.037 + 0.054 + 0.005 avg prob of [ Dutch] 0.96417236328125
loss 0.07 = 0.023 + 0.042 + 0.005 avg prob of [ Dutch] 0.9776813983917236
loss 0.052 = 0.016 + 0.031 + 0.005 avg prob of [ Dutch] 0.9841216802597046
loss 0.039 = 0.012 + 0.022 + 0.005 avg prob of [ Dutch] 0.9877510070800781
Init norm 75.1218490600586 | Delta norm 56.34138870239258 | Target norm 94.92462921142578
Computing right vector (v)
Lookup index found: 9 | Sentence: The mother tongue of Min Gyu-dong is | Token: ong
Rewrite layer is 8
Tying optimization objective to 27
Recording initial value of v*
loss 6.538 = 6.538 + 0.0 + 0.0 avg prob of [ French] 0.001644805772230029
loss 3.243 = 3.235 + 0.005 + 0.003 avg prob of [ French] 0.04545008763670921
loss 0.837 = 0.813 + 0.019 + 0.005 avg prob of [ French] 0.4577314257621765
loss 0.411 = 0.393 + 0.013 + 0.005 avg prob of [ French] 0.6791567802429199
loss 0.205 = 0.191 + 0.009 + 0.005 avg prob of [ French] 0.8271824717521667
loss 0.105 = 0.093 + 0.006 + 0.005 avg prob of [ French] 0.9112038612365723
loss 0.055 = 0.045 + 0.005 + 0.005 avg prob of [ French] 0.9561406373977661
loss 0.027 = 0.018 + 0.004 + 0.005 avg prob of [ French] 0.9826134443283081
Init norm 71.44657135009766 | Delta norm 53.584930419921875 | Target norm 88.43142700195312
Computing right vector (v)
Lookup index found: 4 | Sentence: Erkki Karu speaks the language | Token: u
Rewrite layer is 8
Tying optimization objective to 27
Recording initial value of v*
loss 10.429 = 10.429 + 0.0 + 0.0 avg prob of [ French] 4.93135885335505e-05
loss 8.88 = 8.838 + 0.038 + 0.004 avg prob of [ French] 0.0002103544247802347
loss 2.297 = 2.284 + 0.008 + 0.006 avg prob of [ French] 0.11773674935102463
loss 0.46 = 0.447 + 0.007 + 0.006 avg prob of [ French] 0.6722190380096436
loss 0.028 = 0.014 + 0.008 + 0.006 avg prob of [ French] 0.9857521057128906
Init norm 65.82921600341797 | Delta norm 49.371910095214844 | Target norm 79.7415771484375
Computing right vector (v)
Lookup index found: 5 | Sentence: Carl Jakob Sundevall speaks | Token: all
Rewrite layer is 8
Tying optimization objective to 27
Recording initial value of v*
loss 5.919 = 5.919 + 0.0 + 0.0 avg prob of [ English] 0.005125937517732382
loss 3.787 = 3.771 + 0.012 + 0.004 avg prob of [ English] 0.03898023068904877
loss 2.014 = 1.981 + 0.028 + 0.006 avg prob of [ English] 0.17888157069683075
loss 0.851 = 0.797 + 0.048 + 0.006 avg prob of [ English] 0.4676026701927185
loss 0.347 = 0.259 + 0.083 + 0.006 avg prob of [ English] 0.77704918384552
loss 0.066 = 0.039 + 0.02 + 0.006 avg prob of [ English] 0.9616944193840027
loss 0.031 = 0.007 + 0.018 + 0.006 avg prob of [ English] 0.993105411529541
Init norm 64.69633483886719 | Delta norm 48.52225112915039 | Target norm 78.4312744140625
Computing right vector (v)
Lookup index found: 4 | Sentence: Nathaniel Bright Emerson's occupation is | Token:  Emerson
Rewrite layer is 8
Tying optimization objective to 27
Recording initial value of v*
loss 7.47 = 7.47 + 0.0 + 0.0 avg prob of [ poet] 0.000688837724737823
loss 2.828 = 2.815 + 0.009 + 0.003 avg prob of [ poet] 0.06750324368476868
loss 0.532 = 0.499 + 0.03 + 0.004 avg prob of [ poet] 0.6155638694763184
loss 0.103 = 0.081 + 0.018 + 0.005 avg prob of [ poet] 0.9226599931716919
loss 0.043 = 0.026 + 0.012 + 0.005 avg prob of [ poet] 0.9742288589477539
Init norm 76.106689453125 | Delta norm 57.08001708984375 | Target norm 93.71272277832031
Computing right vector (v)
Lookup index found: 5 | Sentence: Johann Reuchlin, a citizen of | Token: lin
Rewrite layer is 8
Tying optimization objective to 27
Recording initial value of v*
loss 9.863 = 9.863 + 0.0 + 0.0 avg prob of [ Belgium] 9.07752473722212e-05
loss 4.094 = 4.078 + 0.013 + 0.003 avg prob of [ Belgium] 0.023424189537763596
loss 2.253 = 2.235 + 0.012 + 0.005 avg prob of [ Belgium] 0.17253825068473816
loss 1.081 = 1.064 + 0.012 + 0.005 avg prob of [ Belgium] 0.4177475869655609
loss 0.307 = 0.288 + 0.014 + 0.005 avg prob of [ Belgium] 0.7659422755241394
loss 0.107 = 0.089 + 0.014 + 0.005 avg prob of [ Belgium] 0.9169366359710693
loss 0.059 = 0.042 + 0.012 + 0.005 avg prob of [ Belgium] 0.9594955444335938
loss 0.04 = 0.025 + 0.01 + 0.005 avg prob of [ Belgium] 0.9753860235214233
Init norm 73.86365509033203 | Delta norm 55.397743225097656 | Target norm 91.9905014038086
Computing right vector (v)
Lookup index found: 1 | Sentence: Bob Hayes plays | Token:  Hayes
Rewrite layer is 8
Tying optimization objective to 27
Recording initial value of v*
loss 7.457 = 7.457 + 0.0 + 0.0 avg prob of [ soccer] 0.0007459429325535893
loss 4.042 = 4.0 + 0.04 + 0.003 avg prob of [ soccer] 0.025583762675523758
loss 0.682 = 0.525 + 0.153 + 0.004 avg prob of [ soccer] 0.6144710779190063
loss 0.08 = 0.04 + 0.036 + 0.005 avg prob of [ soccer] 0.9611300826072693
loss 0.033 = 0.008 + 0.02 + 0.005 avg prob of [ soccer] 0.9917505979537964
Init norm 77.6084213256836 | Delta norm 58.20631408691406 | Target norm 96.8423080444336
Computing right vector (v)
Lookup index found: 5 | Sentence: Alexios II Komnenos originates from | Token: enos
Rewrite layer is 8
Tying optimization objective to 27
Recording initial value of v*
loss 11.857 = 11.857 + 0.0 + 0.0 avg prob of [ Detroit] 1.0668051800166722e-05
loss 9.028 = 9.016 + 0.01 + 0.003 avg prob of [ Detroit] 0.0002502412535250187
loss 5.0 = 4.976 + 0.02 + 0.004 avg prob of [ Detroit] 0.007773967459797859
loss 1.317 = 1.263 + 0.049 + 0.005 avg prob of [ Detroit] 0.29869988560676575
loss 0.383 = 0.329 + 0.05 + 0.005 avg prob of [ Detroit] 0.7245701551437378
loss 0.129 = 0.09 + 0.035 + 0.005 avg prob of [ Detroit] 0.9148339629173279
loss 0.051 = 0.029 + 0.017 + 0.005 avg prob of [ Detroit] 0.9712597727775574
loss 0.034 = 0.012 + 0.017 + 0.005 avg prob of [ Detroit] 0.987807035446167
Init norm 79.17359924316406 | Delta norm 59.38019943237305 | Target norm 95.7976303100586
Computing right vector (v)
Lookup index found: 5 | Sentence: The language of Oram Po was | Token:  Po
Rewrite layer is 8
Tying optimization objective to 27
Recording initial value of v*
loss 9.418 = 9.418 + 0.0 + 0.0 avg prob of [ Chinese] 0.00013241611304692924
loss 4.939 = 4.906 + 0.03 + 0.004 avg prob of [ Chinese] 0.012259732000529766
loss 2.003 = 1.94 + 0.058 + 0.006 avg prob of [ Chinese] 0.17593809962272644
loss 0.511 = 0.476 + 0.029 + 0.006 avg prob of [ Chinese] 0.6472768187522888
loss 0.07 = 0.038 + 0.026 + 0.006 avg prob of [ Chinese] 0.9626305103302002
loss 0.043 = 0.014 + 0.023 + 0.006 avg prob of [ Chinese] 0.985689103603363
Init norm 66.1663818359375 | Delta norm 49.624786376953125 | Target norm 83.41246795654297
Computing right vector (v)
Lookup index found: 3 | Sentence: This Is Your Life was originally aired on | Token:  Life
Rewrite layer is 8
Tying optimization objective to 27
Recording initial value of v*
loss 4.89 = 4.89 + 0.0 + 0.0 avg prob of [ BBC] 0.008933845907449722
loss 1.175 = 1.165 + 0.007 + 0.003 avg prob of [ BBC] 0.3227699398994446
loss 0.204 = 0.179 + 0.019 + 0.005 avg prob of [ BBC] 0.8368555903434753
loss 0.099 = 0.075 + 0.018 + 0.005 avg prob of [ BBC] 0.9278364181518555
loss 0.054 = 0.033 + 0.015 + 0.005 avg prob of [ BBC] 0.9673222303390503
loss 0.033 = 0.016 + 0.012 + 0.005 avg prob of [ BBC] 0.9838159084320068
Init norm 68.66425323486328 | Delta norm 51.49819564819336 | Target norm 85.06180572509766
Computing right vector (v)
Lookup index found: 2 | Sentence: Soldier Field's owner | Token:  Field
Rewrite layer is 8
Tying optimization objective to 27
Recording initial value of v*
loss 14.909 = 14.909 + 0.0 + 0.0 avg prob of [ Nokia] 4.316596857734112e-07
loss 12.804 = 12.791 + 0.01 + 0.003 avg prob of [ Nokia] 3.6131364140601363e-06
loss 9.02 = 9.003 + 0.013 + 0.004 avg prob of [ Nokia] 0.00025552671286277473
loss 4.507 = 4.487 + 0.016 + 0.005 avg prob of [ Nokia] 0.021137092262506485
loss 1.484 = 1.464 + 0.015 + 0.005 avg prob of [ Nokia] 0.28833305835723877
loss 0.285 = 0.264 + 0.016 + 0.005 avg prob of [ Nokia] 0.7777948379516602
loss 0.07 = 0.046 + 0.019 + 0.005 avg prob of [ Nokia] 0.9553434252738953
loss 0.04 = 0.014 + 0.021 + 0.005 avg prob of [ Nokia] 0.9862415194511414
Init norm 78.94447326660156 | Delta norm 59.20835494995117 | Target norm 98.4401626586914
Computing right vector (v)
Lookup index found: 2 | Sentence: Albert Camus used to work in | Token: us
Rewrite layer is 8
Tying optimization objective to 27
Recording initial value of v*
loss 7.951 = 7.951 + 0.0 + 0.0 avg prob of [ London] 0.0004383311024866998
loss 4.437 = 4.431 + 0.004 + 0.002 avg prob of [ London] 0.01287882961332798
loss 3.217 = 3.204 + 0.011 + 0.003 avg prob of [ London] 0.04263065755367279
loss 2.181 = 2.157 + 0.021 + 0.004 avg prob of [ London] 0.12071947753429413
loss 1.129 = 1.102 + 0.023 + 0.004 avg prob of [ London] 0.34573277831077576
loss 0.422 = 0.395 + 0.023 + 0.004 avg prob of [ London] 0.683985710144043
loss 0.176 = 0.152 + 0.019 + 0.004 avg prob of [ London] 0.8614887595176697
loss 0.095 = 0.075 + 0.015 + 0.004 avg prob of [ London] 0.9280838966369629
loss 0.061 = 0.044 + 0.013 + 0.004 avg prob of [ London] 0.9574575424194336
loss 0.045 = 0.028 + 0.013 + 0.004 avg prob of [ London] 0.9721337556838989
Init norm 92.23907470703125 | Delta norm 69.17930603027344 | Target norm 116.73995208740234
Computing right vector (v)
Lookup index found: 1 | Sentence: Windows 7 is a product of | Token:  7
Rewrite layer is 8
Tying optimization objective to 27
Recording initial value of v*
loss 14.672 = 14.672 + 0.0 + 0.0 avg prob of [ Porsche] 1.2135051292716525e-06
loss 10.622 = 10.606 + 0.014 + 0.002 avg prob of [ Porsche] 8.483123383484781e-05
loss 4.887 = 4.858 + 0.027 + 0.003 avg prob of [ Porsche] 0.01400516927242279
loss 1.649 = 1.578 + 0.067 + 0.004 avg prob of [ Porsche] 0.255300909280777
loss 0.301 = 0.217 + 0.08 + 0.004 avg prob of [ Porsche] 0.8144363760948181
loss 0.122 = 0.029 + 0.089 + 0.004 avg prob of [ Porsche] 0.9714654684066772
loss 0.094 = 0.007 + 0.083 + 0.004 avg prob of [ Porsche] 0.9932152628898621
loss 0.073 = 0.002 + 0.067 + 0.004 avg prob of [ Porsche] 0.997508704662323
loss 0.062 = 0.001 + 0.057 + 0.004 avg prob of [ Porsche] 0.9987308979034424
loss 0.056 = 0.001 + 0.051 + 0.004 avg prob of [ Porsche] 0.9992028474807739
loss 0.052 = 0.001 + 0.047 + 0.004 avg prob of [ Porsche] 0.9994260668754578
loss 0.049 = 0.0 + 0.044 + 0.004 avg prob of [ Porsche] 0.9995439052581787
Init norm 91.30280303955078 | Delta norm 68.47710418701172 | Target norm 112.255126953125
Computing right vector (v)
Lookup index found: 7 | Sentence: The native language of Charles de Rochefort is | Token: fort
Rewrite layer is 8
Tying optimization objective to 27
Recording initial value of v*
loss 5.17 = 5.17 + 0.0 + 0.0 avg prob of [ Dutch] 0.005891346838325262
loss 2.025 = 2.015 + 0.007 + 0.003 avg prob of [ Dutch] 0.14687703549861908
loss 0.417 = 0.397 + 0.016 + 0.004 avg prob of [ Dutch] 0.6847085356712341
loss 0.18 = 0.155 + 0.02 + 0.005 avg prob of [ Dutch] 0.858548104763031
loss 0.106 = 0.083 + 0.018 + 0.005 avg prob of [ Dutch] 0.9209898710250854
loss 0.073 = 0.053 + 0.015 + 0.005 avg prob of [ Dutch] 0.9485090970993042
loss 0.054 = 0.037 + 0.012 + 0.005 avg prob of [ Dutch] 0.9636729955673218
loss 0.042 = 0.027 + 0.01 + 0.005 avg prob of [ Dutch] 0.9735811948776245
Init norm 76.64909362792969 | Delta norm 57.486820220947266 | Target norm 95.91935729980469
Computing right vector (v)
Lookup index found: 7 | Sentence: Yuri Shchekochikhin took up work in | Token: in
Rewrite layer is 8
Tying optimization objective to 27
Recording initial value of v*
loss 10.739 = 10.739 + 0.0 + 0.0 avg prob of [ Cologne] 3.1575757020618767e-05
loss 8.929 = 8.916 + 0.01 + 0.003 avg prob of [ Cologne] 0.0001724112080410123
loss 4.889 = 4.873 + 0.011 + 0.005 avg prob of [ Cologne] 0.008730873465538025
loss 1.34 = 1.324 + 0.01 + 0.005 avg prob of [ Cologne] 0.2674611508846283
loss 0.188 = 0.172 + 0.011 + 0.005 avg prob of [ Cologne] 0.8424898386001587
loss 0.036 = 0.021 + 0.01 + 0.005 avg prob of [ Cologne] 0.9794309139251709
Init norm 70.08522033691406 | Delta norm 52.56391525268555 | Target norm 86.42435455322266
Computing right vector (v)
Lookup index found: 6 | Sentence: The genre played by Mose Allison is | Token:  Allison
Rewrite layer is 8
Tying optimization objective to 27
Recording initial value of v*
loss 11.333 = 11.333 + 0.0 + 0.0 avg prob of [ opera] 1.2700074876192957e-05
loss 5.678 = 5.661 + 0.015 + 0.002 avg prob of [ opera] 0.010411728173494339
loss 2.076 = 2.03 + 0.043 + 0.003 avg prob of [ opera] 0.2814287543296814
loss 0.596 = 0.534 + 0.057 + 0.004 avg prob of [ opera] 0.6223131418228149
loss 0.248 = 0.195 + 0.048 + 0.004 avg prob of [ opera] 0.8242763876914978
loss 0.136 = 0.096 + 0.035 + 0.004 avg prob of [ opera] 0.908376932144165
loss 0.085 = 0.057 + 0.023 + 0.004 avg prob of [ opera] 0.9445564150810242
loss 0.057 = 0.038 + 0.015 + 0.004 avg prob of [ opera] 0.9629508852958679
loss 0.043 = 0.027 + 0.012 + 0.004 avg prob of [ opera] 0.9737107753753662
Init norm 86.49783325195312 | Delta norm 64.87337493896484 | Target norm 106.55294799804688
Computing right vector (v)
Lookup index found: 2 | Sentence: 2013 Australian Open can be found in | Token:  Open
Rewrite layer is 8
Tying optimization objective to 27
Recording initial value of v*
loss 15.351 = 15.351 + 0.0 + 0.0 avg prob of [ Sicily] 3.578103076051775e-07
loss 12.365 = 12.348 + 0.015 + 0.002 avg prob of [ Sicily] 6.679108082607854e-06
loss 10.22 = 10.144 + 0.072 + 0.003 avg prob of [ Sicily] 5.142284499015659e-05
loss 7.157 = 7.081 + 0.071 + 0.004 avg prob of [ Sicily] 0.0008531172061339021
loss 5.327 = 5.25 + 0.073 + 0.004 avg prob of [ Sicily] 0.005488772876560688
loss 2.939 = 2.86 + 0.075 + 0.004 avg prob of [ Sicily] 0.05925990268588066
loss 0.604 = 0.527 + 0.073 + 0.004 avg prob of [ Sicily] 0.6001869440078735
loss 0.041 = 0.012 + 0.025 + 0.004 avg prob of [ Sicily] 0.9883828163146973
Init norm 87.5125503540039 | Delta norm 65.63441467285156 | Target norm 105.17671966552734
Computing right vector (v)
Lookup index found: 5 | Sentence: Vernadsky Research Base, in | Token:  Base
Rewrite layer is 8
Tying optimization objective to 27
Recording initial value of v*
loss 9.232 = 9.232 + 0.0 + 0.0 avg prob of [ Europe] 0.00012594691361300647
loss 7.031 = 7.002 + 0.027 + 0.003 avg prob of [ Europe] 0.001011726912111044
loss 4.522 = 4.464 + 0.053 + 0.004 avg prob of [ Europe] 0.011933627538383007
loss 1.575 = 1.493 + 0.077 + 0.005 avg prob of [ Europe] 0.240745410323143
loss 0.307 = 0.207 + 0.095 + 0.005 avg prob of [ Europe] 0.8145186305046082
loss 0.065 = 0.048 + 0.013 + 0.005 avg prob of [ Europe] 0.9537026286125183
loss 0.034 = 0.018 + 0.01 + 0.005 avg prob of [ Europe] 0.9819326400756836
Init norm 76.34606170654297 | Delta norm 57.259544372558594 | Target norm 93.43533325195312
Computing right vector (v)
Lookup index found: 2 | Sentence: Norwich Market is in | Token:  Market
Rewrite layer is 8
Tying optimization objective to 27
Recording initial value of v*
loss 12.334 = 12.334 + 0.0 + 0.0 avg prob of [ Irvine] 6.6115608206018806e-06
loss 9.062 = 9.032 + 0.027 + 0.003 avg prob of [ Irvine] 0.00015233663725666702
loss 6.303 = 6.243 + 0.055 + 0.005 avg prob of [ Irvine] 0.0023085703141987324
loss 3.309 = 3.219 + 0.084 + 0.005 avg prob of [ Irvine] 0.046072062104940414
loss 0.9 = 0.795 + 0.1 + 0.005 avg prob of [ Irvine] 0.48767513036727905
loss 0.118 = 0.028 + 0.085 + 0.005 avg prob of [ Irvine] 0.9726389646530151
loss 0.072 = 0.007 + 0.059 + 0.005 avg prob of [ Irvine] 0.993171215057373
loss 0.081 = 0.022 + 0.054 + 0.005 avg prob of [ Irvine] 0.9787437319755554
loss 0.073 = 0.013 + 0.055 + 0.005 avg prob of [ Irvine] 0.9874376058578491
loss 0.064 = 0.003 + 0.055 + 0.005 avg prob of [ Irvine] 0.9966015815734863
loss 0.061 = 0.001 + 0.054 + 0.005 avg prob of [ Irvine] 0.9989417791366577
loss 0.058 = 0.0 + 0.052 + 0.005 avg prob of [ Irvine] 0.9995545744895935
loss 0.055 = 0.0 + 0.049 + 0.005 avg prob of [ Irvine] 0.9997552633285522
loss 0.053 = 0.0 + 0.047 + 0.005 avg prob of [ Irvine] 0.999836802482605
loss 0.052 = 0.0 + 0.046 + 0.005 avg prob of [ Irvine] 0.9998764991760254
loss 0.051 = 0.0 + 0.045 + 0.005 avg prob of [ Irvine] 0.9998989105224609
loss 0.05 = 0.0 + 0.044 + 0.005 avg prob of [ Irvine] 0.9999131560325623
Init norm 68.43977355957031 | Delta norm 51.32982635498047 | Target norm 84.09623718261719
Computing right vector (v)
Lookup index found: 3 | Sentence: Windows 1.0 is developed by | Token: 0
Rewrite layer is 8
Tying optimization objective to 27
Recording initial value of v*
loss 11.3 = 11.3 + 0.0 + 0.0 avg prob of [ Google] 5.184820474823937e-05
loss 7.192 = 7.162 + 0.027 + 0.003 avg prob of [ Google] 0.0012912566307932138
loss 4.997 = 4.954 + 0.039 + 0.005 avg prob of [ Google] 0.01104460284113884
loss 2.205 = 2.155 + 0.045 + 0.005 avg prob of [ Google] 0.14440453052520752
loss 0.688 = 0.631 + 0.052 + 0.005 avg prob of [ Google] 0.5550601482391357
loss 0.323 = 0.264 + 0.054 + 0.005 avg prob of [ Google] 0.7722986936569214
loss 0.198 = 0.141 + 0.052 + 0.005 avg prob of [ Google] 0.8694602847099304
loss 0.138 = 0.085 + 0.048 + 0.005 avg prob of [ Google] 0.9184654951095581
loss 0.105 = 0.056 + 0.043 + 0.005 avg prob of [ Google] 0.9453836679458618
loss 0.084 = 0.04 + 0.039 + 0.005 avg prob of [ Google] 0.961203932762146
loss 0.07 = 0.029 + 0.036 + 0.005 avg prob of [ Google] 0.9711396098136902
loss 0.06 = 0.023 + 0.033 + 0.005 avg prob of [ Google] 0.9777645468711853
loss 0.053 = 0.018 + 0.03 + 0.005 avg prob of [ Google] 0.9824077486991882
loss 0.047 = 0.014 + 0.027 + 0.005 avg prob of [ Google] 0.985789954662323
Init norm 74.69884490966797 | Delta norm 56.02413558959961 | Target norm 89.44419860839844
Computing right vector (v)
Lookup index found: 1 | Sentence: Ray Reach, performing on the | Token:  Reach
Rewrite layer is 8
Tying optimization objective to 27
Recording initial value of v*
loss 7.507 = 7.507 + 0.0 + 0.0 avg prob of [ violin] 0.000838330015540123
loss 4.439 = 4.424 + 0.013 + 0.002 avg prob of [ violin] 0.027303455397486687
loss 1.711 = 1.674 + 0.033 + 0.004 avg prob of [ violin] 0.19100622832775116
loss 0.302 = 0.257 + 0.04 + 0.005 avg prob of [ violin] 0.7740340232849121
loss 0.074 = 0.034 + 0.036 + 0.005 avg prob of [ violin] 0.9667508006095886
loss 0.044 = 0.008 + 0.032 + 0.005 avg prob of [ violin] 0.9924896955490112
Init norm 82.62507629394531 | Delta norm 61.968807220458984 | Target norm 102.45148468017578
Computing right vector (v)
Lookup index found: 1 | Sentence: United Kingdom is a part of the | Token:  Kingdom
Rewrite layer is 8
Tying optimization objective to 27
Recording initial value of v*
loss 10.064 = 10.064 + 0.0 + 0.0 avg prob of [ FIFA] 4.871631972491741e-05
loss 7.338 = 7.325 + 0.011 + 0.002 avg prob of [ FIFA] 0.0014824745012447238
loss 2.791 = 2.756 + 0.032 + 0.003 avg prob of [ FIFA] 0.07883401215076447
loss 0.355 = 0.262 + 0.089 + 0.004 avg prob of [ FIFA] 0.7837981581687927
loss 0.101 = 0.015 + 0.081 + 0.004 avg prob of [ FIFA] 0.9849331378936768
loss 0.065 = 0.002 + 0.059 + 0.004 avg prob of [ FIFA] 0.9979770183563232
loss 0.046 = 0.001 + 0.041 + 0.004 avg prob of [ FIFA] 0.9992935061454773
Init norm 87.3842544555664 | Delta norm 65.53819274902344 | Target norm 108.59101867675781
Computing right vector (v)
Lookup index found: 1 | Sentence: Elsevier is headquartered in | Token: vier
Rewrite layer is 8
Tying optimization objective to 27
Recording initial value of v*
loss 11.592 = 11.592 + 0.0 + 0.0 avg prob of [ Seattle] 5.981897993478924e-05
loss 2.848 = 2.834 + 0.012 + 0.002 avg prob of [ Seattle] 0.09376779198646545
loss 1.473 = 1.44 + 0.03 + 0.003 avg prob of [ Seattle] 0.2963275611400604
loss 0.866 = 0.814 + 0.047 + 0.004 avg prob of [ Seattle] 0.47387242317199707
loss 0.582 = 0.532 + 0.046 + 0.004 avg prob of [ Seattle] 0.6118877530097961
loss 0.373 = 0.326 + 0.043 + 0.004 avg prob of [ Seattle] 0.7386686205863953
loss 0.234 = 0.19 + 0.04 + 0.004 avg prob of [ Seattle] 0.8358325362205505
loss 0.152 = 0.111 + 0.037 + 0.004 avg prob of [ Seattle] 0.8990477323532104
loss 0.106 = 0.067 + 0.035 + 0.004 avg prob of [ Seattle] 0.9368252158164978
loss 0.079 = 0.043 + 0.033 + 0.004 avg prob of [ Seattle] 0.9589625597000122
loss 0.063 = 0.028 + 0.031 + 0.004 avg prob of [ Seattle] 0.9721955060958862
loss 0.053 = 0.02 + 0.029 + 0.004 avg prob of [ Seattle] 0.9803704023361206
loss 0.047 = 0.015 + 0.028 + 0.004 avg prob of [ Seattle] 0.9855987429618835
Init norm 92.65605163574219 | Delta norm 69.49203491210938 | Target norm 116.93832397460938
Computing right vector (v)
Lookup index found: 6 | Sentence: The genre played by Harold Dejan is | Token: jan
Rewrite layer is 8
Tying optimization objective to 27
Recording initial value of v*
loss 10.131 = 10.131 + 0.0 + 0.0 avg prob of [ opera] 5.890856118639931e-05
loss 6.448 = 6.402 + 0.044 + 0.003 avg prob of [ opera] 0.003598880022764206
loss 4.907 = 4.833 + 0.07 + 0.005 avg prob of [ opera] 0.009450091049075127
loss 1.099 = 0.992 + 0.103 + 0.005 avg prob of [ opera] 0.4153277575969696
loss 0.403 = 0.322 + 0.075 + 0.005 avg prob of [ opera] 0.7258684039115906
loss 0.196 = 0.13 + 0.061 + 0.005 avg prob of [ opera] 0.878180205821991
loss 0.114 = 0.052 + 0.057 + 0.005 avg prob of [ opera] 0.949394702911377
loss 0.086 = 0.021 + 0.059 + 0.005 avg prob of [ opera] 0.9788284301757812
loss 0.075 = 0.009 + 0.06 + 0.005 avg prob of [ opera] 0.9906536936759949
loss 0.069 = 0.005 + 0.059 + 0.005 avg prob of [ opera] 0.9953352808952332
loss 0.066 = 0.003 + 0.058 + 0.005 avg prob of [ opera] 0.997219443321228
loss 0.063 = 0.002 + 0.055 + 0.005 avg prob of [ opera] 0.9980685710906982
loss 0.062 = 0.001 + 0.055 + 0.005 avg prob of [ opera] 0.9985158443450928
loss 0.061 = 0.001 + 0.055 + 0.005 avg prob of [ opera] 0.9987829923629761
loss 0.061 = 0.001 + 0.055 + 0.005 avg prob of [ opera] 0.9989619255065918
loss 0.06 = 0.001 + 0.054 + 0.005 avg prob of [ opera] 0.9990924596786499
loss 0.057 = 0.001 + 0.051 + 0.005 avg prob of [ opera] 0.9991898536682129
loss 0.053 = 0.001 + 0.047 + 0.005 avg prob of [ opera] 0.9992572665214539
loss 0.057 = 0.001 + 0.051 + 0.005 avg prob of [ opera] 0.9992959499359131
loss 0.06 = 0.001 + 0.054 + 0.005 avg prob of [ opera] 0.9993338584899902
loss 0.061 = 0.001 + 0.055 + 0.005 avg prob of [ opera] 0.9993593692779541
loss 0.056 = 0.001 + 0.051 + 0.005 avg prob of [ opera] 0.9993720054626465
loss 0.057 = 0.001 + 0.052 + 0.005 avg prob of [ opera] 0.9993699789047241
loss 0.054 = 0.001 + 0.048 + 0.005 avg prob of [ opera] 0.9993605613708496
loss 0.049 = 0.001 + 0.043 + 0.005 avg prob of [ opera] 0.9993435740470886
Init norm 72.04464721679688 | Delta norm 54.033485412597656 | Target norm 88.49629974365234
Computing right vector (v)
Lookup index found: 2 | Sentence: Stanley Clarke performs | Token:  Clarke
Rewrite layer is 8
Tying optimization objective to 27
Recording initial value of v*
loss 11.426 = 11.426 + 0.0 + 0.0 avg prob of [ opera] 1.321861691394588e-05
loss 7.744 = 7.738 + 0.003 + 0.003 avg prob of [ opera] 0.0006902265595272183
loss 4.114 = 4.099 + 0.011 + 0.004 avg prob of [ opera] 0.018222928047180176
loss 2.169 = 2.135 + 0.029 + 0.005 avg prob of [ opera] 0.12606683373451233
loss 0.573 = 0.542 + 0.027 + 0.005 avg prob of [ opera] 0.5866165161132812
loss 0.103 = 0.079 + 0.019 + 0.005 avg prob of [ opera] 0.9237338900566101
loss 0.042 = 0.024 + 0.014 + 0.005 avg prob of [ opera] 0.9761956930160522
Init norm 78.7700424194336 | Delta norm 59.07752990722656 | Target norm 97.89777374267578
Computing right vector (v)
Lookup index found: 2 | Sentence: In Qing dynasty, the language spoken is | Token:  dynasty
Rewrite layer is 8
Tying optimization objective to 27
Recording initial value of v*
loss 7.978 = 7.978 + 0.0 + 0.0 avg prob of [ French] 0.0005071287741884589
loss 3.782 = 3.758 + 0.022 + 0.002 avg prob of [ French] 0.031339000910520554
loss 0.798 = 0.762 + 0.032 + 0.003 avg prob of [ French] 0.48888450860977173
loss 0.272 = 0.227 + 0.041 + 0.004 avg prob of [ French] 0.8071097135543823
loss 0.126 = 0.085 + 0.038 + 0.004 avg prob of [ French] 0.9207241535186768
loss 0.078 = 0.04 + 0.033 + 0.004 avg prob of [ French] 0.9609421491622925
loss 0.058 = 0.024 + 0.03 + 0.004 avg prob of [ French] 0.976143479347229
loss 0.049 = 0.017 + 0.028 + 0.004 avg prob of [ French] 0.9832705855369568
Init norm 83.96934509277344 | Delta norm 62.977012634277344 | Target norm 102.49832916259766
Computing right vector (v)
Lookup index found: 3 | Sentence: Industrial Design Centre can be found in | Token:  Centre
Rewrite layer is 8
Tying optimization objective to 27
Recording initial value of v*
loss 10.271 = 10.271 + 0.0 + 0.0 avg prob of [ Oregon] 5.109373523737304e-05
loss 7.879 = 7.858 + 0.018 + 0.003 avg prob of [ Oregon] 0.00040698618977330625
loss 5.817 = 5.796 + 0.016 + 0.005 avg prob of [ Oregon] 0.003185953013598919
loss 2.866 = 2.844 + 0.017 + 0.005 avg prob of [ Oregon] 0.05970193073153496
loss 0.12 = 0.083 + 0.031 + 0.005 avg prob of [ Oregon] 0.9221867322921753
loss 0.091 = 0.042 + 0.044 + 0.005 avg prob of [ Oregon] 0.9592264890670776
loss 0.079 = 0.027 + 0.046 + 0.005 avg prob of [ Oregon] 0.9734732508659363
loss 0.063 = 0.012 + 0.045 + 0.005 avg prob of [ Oregon] 0.9876636862754822
loss 0.052 = 0.006 + 0.041 + 0.005 avg prob of [ Oregon] 0.9943476915359497
loss 0.044 = 0.003 + 0.036 + 0.005 avg prob of [ Oregon] 0.9971084594726562
Init norm 72.76394653320312 | Delta norm 54.57296371459961 | Target norm 90.36520385742188
Computing right vector (v)
Lookup index found: 1 | Sentence: Daily Planet originated in | Token:  Planet
Rewrite layer is 8
Tying optimization objective to 27
Recording initial value of v*
loss 6.513 = 6.513 + 0.0 + 0.0 avg prob of [ Japan] 0.0018459027633070946
loss 2.315 = 2.288 + 0.025 + 0.002 avg prob of [ Japan] 0.11151270568370819
loss 1.541 = 1.498 + 0.039 + 0.004 avg prob of [ Japan] 0.23679420351982117
loss 0.938 = 0.893 + 0.04 + 0.005 avg prob of [ Japan] 0.4228728711605072
loss 0.505 = 0.465 + 0.036 + 0.005 avg prob of [ Japan] 0.6375305652618408
loss 0.256 = 0.218 + 0.033 + 0.005 avg prob of [ Japan] 0.8073128461837769
loss 0.141 = 0.106 + 0.03 + 0.005 avg prob of [ Japan] 0.9005193710327148
loss 0.09 = 0.058 + 0.028 + 0.005 avg prob of [ Japan] 0.9439775347709656
loss 0.067 = 0.037 + 0.026 + 0.005 avg prob of [ Japan] 0.9641610980033875
loss 0.054 = 0.026 + 0.024 + 0.005 avg prob of [ Japan] 0.9745253920555115
loss 0.047 = 0.02 + 0.022 + 0.005 avg prob of [ Japan] 0.980559229850769
Init norm 82.3396987915039 | Delta norm 61.75477981567383 | Target norm 103.38385772705078
Computing right vector (v)
Lookup index found: 3 | Sentence: Cody Pickett plays in the position of | Token: ett
Rewrite layer is 8
Tying optimization objective to 27
Recording initial value of v*
loss 6.407 = 6.407 + 0.0 + 0.0 avg prob of [ catcher] 0.0017685121856629848
loss 5.252 = 5.247 + 0.001 + 0.003 avg prob of [ catcher] 0.006073560565710068
loss 2.134 = 2.126 + 0.004 + 0.004 avg prob of [ catcher] 0.13012540340423584
loss 0.819 = 0.805 + 0.01 + 0.005 avg prob of [ catcher] 0.4525476396083832
loss 0.124 = 0.106 + 0.013 + 0.005 avg prob of [ catcher] 0.8997308015823364
loss 0.031 = 0.01 + 0.016 + 0.005 avg prob of [ catcher] 0.9897057414054871
Init norm 75.14990997314453 | Delta norm 56.36243438720703 | Target norm 91.5013198852539
Computing right vector (v)
Lookup index found: 2 | Sentence: Al Schnier plays | Token: ier
Rewrite layer is 8
Tying optimization objective to 27
Recording initial value of v*
loss 4.739 = 4.739 + 0.0 + 0.0 avg prob of [ piano] 0.010710861533880234
loss 1.442 = 1.416 + 0.023 + 0.003 avg prob of [ piano] 0.2539052367210388
loss 0.108 = 0.052 + 0.051 + 0.005 avg prob of [ piano] 0.9495787024497986
loss 0.054 = 0.019 + 0.03 + 0.005 avg prob of [ piano] 0.9813493490219116
loss 0.038 = 0.012 + 0.02 + 0.005 avg prob of [ piano] 0.9879773855209351
Init norm 69.15410614013672 | Delta norm 51.865577697753906 | Target norm 87.65892028808594
Computing right vector (v)
Lookup index found: 2 | Sentence: Microsoft OneNote is developed by | Token: Note
Rewrite layer is 8
Tying optimization objective to 27
Recording initial value of v*
loss 8.11 = 8.11 + 0.0 + 0.0 avg prob of [ IBM] 0.00041678277193568647
loss 0.467 = 0.45 + 0.015 + 0.002 avg prob of [ IBM] 0.642932653427124
loss 0.054 = 0.018 + 0.034 + 0.002 avg prob of [ IBM] 0.9822486639022827
loss 0.055 = 0.006 + 0.046 + 0.003 avg prob of [ IBM] 0.994181752204895
loss 0.052 = 0.003 + 0.045 + 0.004 avg prob of [ IBM] 0.9968637228012085
loss 0.045 = 0.002 + 0.039 + 0.004 avg prob of [ IBM] 0.9980939626693726
Init norm 103.24175262451172 | Delta norm 77.43130493164062 | Target norm 128.72503662109375
Computing right vector (v)
Lookup index found: 2 | Sentence: Singled Out debuted on | Token:  Out
Rewrite layer is 8
Tying optimization objective to 27
Recording initial value of v*
loss 4.885 = 4.885 + 0.0 + 0.0 avg prob of [ CBS] 0.009117281064391136
loss 0.748 = 0.734 + 0.011 + 0.003 avg prob of [ CBS] 0.5014615058898926
loss 0.056 = 0.002 + 0.05 + 0.004 avg prob of [ CBS] 0.9981034994125366
loss 0.044 = 0.001 + 0.038 + 0.005 avg prob of [ CBS] 0.9987024664878845
Init norm 76.96514129638672 | Delta norm 57.723854064941406 | Target norm 96.0859603881836
Computing right vector (v)
Lookup index found: 3 | Sentence: Kinuyo Tanaka, who works as | Token:  Tanaka
Rewrite layer is 8
Tying optimization objective to 27
Recording initial value of v*
loss 12.028 = 12.028 + 0.0 + 0.0 avg prob of [ poet] 6.741579909430584e-06
loss 7.734 = 7.721 + 0.011 + 0.003 avg prob of [ poet] 0.0007949647842906415
loss 3.899 = 3.858 + 0.036 + 0.004 avg prob of [ poet] 0.02182728610932827
loss 1.856 = 1.803 + 0.049 + 0.005 avg prob of [ poet] 0.16646365821361542
loss 0.631 = 0.586 + 0.04 + 0.005 avg prob of [ poet] 0.5602409243583679
loss 0.175 = 0.148 + 0.023 + 0.005 avg prob of [ poet] 0.8638314008712769
loss 0.054 = 0.037 + 0.012 + 0.005 avg prob of [ poet] 0.9635112285614014
loss 0.025 = 0.011 + 0.009 + 0.005 avg prob of [ poet] 0.9889664649963379
Init norm 74.07841491699219 | Delta norm 55.55881118774414 | Target norm 89.09515380859375
Computing right vector (v)
Lookup index found: 3 | Sentence: Bamboo Shoots, created in | Token: oots
Rewrite layer is 8
Tying optimization objective to 27
Recording initial value of v*
loss 8.007 = 8.007 + 0.0 + 0.0 avg prob of [ Seattle] 0.0004981978563591838
loss 5.819 = 5.804 + 0.013 + 0.002 avg prob of [ Seattle] 0.003534534480422735
loss 2.56 = 2.497 + 0.059 + 0.004 avg prob of [ Seattle] 0.08607491105794907
loss 0.287 = 0.18 + 0.102 + 0.005 avg prob of [ Seattle] 0.8385893702507019
loss 0.082 = 0.004 + 0.074 + 0.005 avg prob of [ Seattle] 0.9962507486343384
loss 0.066 = 0.002 + 0.059 + 0.005 avg prob of [ Seattle] 0.9976295232772827
loss 0.047 = 0.004 + 0.038 + 0.005 avg prob of [ Seattle] 0.9959813356399536
Init norm 80.06878662109375 | Delta norm 60.05158996582031 | Target norm 98.84960174560547
Computing right vector (v)
Lookup index found: 6 | Sentence: Lodovico Castelvetro speaks the language | Token: tro
Rewrite layer is 8
Tying optimization objective to 27
Recording initial value of v*
loss 10.96 = 10.96 + 0.0 + 0.0 avg prob of [ French] 3.424092574277893e-05
loss 7.432 = 7.424 + 0.005 + 0.003 avg prob of [ French] 0.0011055509094148874
loss 3.96 = 3.947 + 0.01 + 0.004 avg prob of [ French] 0.02433638647198677
loss 1.331 = 1.308 + 0.019 + 0.005 avg prob of [ French] 0.2800942361354828
loss 0.448 = 0.425 + 0.018 + 0.005 avg prob of [ French] 0.6659628748893738
loss 0.155 = 0.139 + 0.01 + 0.005 avg prob of [ French] 0.8727461695671082
loss 0.059 = 0.046 + 0.008 + 0.005 avg prob of [ French] 0.9556282758712769
loss 0.029 = 0.017 + 0.006 + 0.005 avg prob of [ French] 0.9828282594680786
Init norm 79.80950164794922 | Delta norm 59.85712432861328 | Target norm 96.60514831542969
Computing right vector (v)
Lookup index found: 5 | Sentence: Toyota Corolla Verso is a product of | Token: o
Rewrite layer is 8
Tying optimization objective to 27
Recording initial value of v*
loss 12.181 = 12.181 + 0.0 + 0.0 avg prob of [ IBM] 6.83027383274748e-06
loss 9.807 = 9.788 + 0.016 + 0.003 avg prob of [ IBM] 0.0001758339931257069
loss 3.607 = 3.525 + 0.078 + 0.005 avg prob of [ IBM] 0.057434916496276855
loss 0.806 = 0.661 + 0.14 + 0.005 avg prob of [ IBM] 0.5321412086486816
loss 0.15 = 0.057 + 0.088 + 0.005 avg prob of [ IBM] 0.9453207850456238
loss 0.057 = 0.008 + 0.044 + 0.005 avg prob of [ IBM] 0.9919832944869995
loss 0.043 = 0.002 + 0.036 + 0.005 avg prob of [ IBM] 0.9976393580436707
Init norm 72.1737289428711 | Delta norm 54.13029861450195 | Target norm 87.40709686279297
Computing right vector (v)
Lookup index found: 6 | Sentence: Laurdine "Pat" Patrick plays | Token:  Patrick
Rewrite layer is 8
Tying optimization objective to 27
Recording initial value of v*
loss 11.219 = 11.219 + 0.0 + 0.0 avg prob of [ opera] 1.4890212696627714e-05
loss 9.169 = 9.161 + 0.004 + 0.003 avg prob of [ opera] 0.0001117521824198775
loss 5.939 = 5.923 + 0.01 + 0.006 avg prob of [ opera] 0.0028901612386107445
loss 2.319 = 2.292 + 0.021 + 0.006 avg prob of [ opera] 0.103784941136837
loss 0.095 = 0.049 + 0.04 + 0.006 avg prob of [ opera] 0.9532212615013123
loss 0.077 = 0.007 + 0.064 + 0.006 avg prob of [ opera] 0.9929345846176147
loss 0.077 = 0.004 + 0.068 + 0.006 avg prob of [ opera] 0.9960898756980896
loss 0.135 = 0.004 + 0.126 + 0.006 avg prob of [ opera] 0.9963784217834473
loss 0.078 = 0.004 + 0.069 + 0.006 avg prob of [ opera] 0.9958006739616394
loss 0.054 = 0.005 + 0.043 + 0.006 avg prob of [ opera] 0.9945716857910156
loss 0.05 = 0.008 + 0.036 + 0.006 avg prob of [ opera] 0.9922963380813599
Init norm 67.67748260498047 | Delta norm 50.75811004638672 | Target norm 81.31903076171875
Computing right vector (v)
Lookup index found: 4 | Sentence: Claude Closky speaks | Token: ky
Rewrite layer is 8
Tying optimization objective to 27
Recording initial value of v*
loss 8.319 = 8.319 + 0.0 + 0.0 avg prob of [ Dutch] 0.00037158350460231304
loss 2.765 = 2.755 + 0.006 + 0.004 avg prob of [ Dutch] 0.09701220691204071
loss 1.238 = 1.215 + 0.017 + 0.006 avg prob of [ Dutch] 0.3123536705970764
loss 0.609 = 0.578 + 0.025 + 0.006 avg prob of [ Dutch] 0.5756479501724243
loss 0.249 = 0.215 + 0.028 + 0.006 avg prob of [ Dutch] 0.8124653697013855
loss 0.073 = 0.046 + 0.021 + 0.006 avg prob of [ Dutch] 0.9557487368583679
loss 0.031 = 0.007 + 0.017 + 0.006 avg prob of [ Dutch] 0.9925536513328552
Init norm 62.14311218261719 | Delta norm 46.60733413696289 | Target norm 77.0206527709961
Computing right vector (v)
Lookup index found: 3 | Sentence: Hudson Mountains is a part of the continent of | Token:  Mountains
Rewrite layer is 8
Tying optimization objective to 27
Recording initial value of v*
loss 4.188 = 4.188 + 0.0 + 0.0 avg prob of [ Europe] 0.020808875560760498
loss 2.256 = 2.225 + 0.028 + 0.003 avg prob of [ Europe] 0.11443455517292023
loss 0.789 = 0.749 + 0.036 + 0.004 avg prob of [ Europe] 0.48562997579574585
loss 0.137 = 0.097 + 0.035 + 0.005 avg prob of [ Europe] 0.9079685211181641
loss 0.116 = 0.08 + 0.031 + 0.005 avg prob of [ Europe] 0.9233256578445435
loss 0.098 = 0.066 + 0.027 + 0.005 avg prob of [ Europe] 0.9365035891532898
loss 0.078 = 0.048 + 0.025 + 0.005 avg prob of [ Europe] 0.9532061815261841
loss 0.06 = 0.031 + 0.024 + 0.005 avg prob of [ Europe] 0.9693037867546082
loss 0.047 = 0.018 + 0.024 + 0.005 avg prob of [ Europe] 0.9824337959289551
Init norm 79.90995025634766 | Delta norm 59.932464599609375 | Target norm 99.29035949707031
Computing right vector (v)
Lookup index found: 2 | Sentence: Bad Vilbel, which is located in | Token: bel
Rewrite layer is 8
Tying optimization objective to 27
Recording initial value of v*
loss 7.796 = 7.796 + 0.0 + 0.0 avg prob of [ Romania] 0.000619032303802669
loss 6.799 = 6.753 + 0.043 + 0.004 avg prob of [ Romania] 0.00137694226577878
loss 3.598 = 3.554 + 0.039 + 0.006 avg prob of [ Romania] 0.02986232191324234
loss 1.634 = 1.59 + 0.039 + 0.006 avg prob of [ Romania] 0.20958656072616577
loss 0.6 = 0.549 + 0.046 + 0.006 avg prob of [ Romania] 0.5821110010147095
loss 0.211 = 0.151 + 0.054 + 0.006 avg prob of [ Romania] 0.8609101176261902
loss 0.118 = 0.054 + 0.058 + 0.006 avg prob of [ Romania] 0.9472974538803101
loss 0.089 = 0.028 + 0.056 + 0.006 avg prob of [ Romania] 0.9727567434310913
loss 0.074 = 0.018 + 0.051 + 0.006 avg prob of [ Romania] 0.9821490049362183
loss 0.064 = 0.014 + 0.045 + 0.006 avg prob of [ Romania] 0.9865506887435913
loss 0.058 = 0.011 + 0.041 + 0.006 avg prob of [ Romania] 0.9890353083610535
loss 0.055 = 0.009 + 0.04 + 0.006 avg prob of [ Romania] 0.9906498193740845
loss 0.053 = 0.008 + 0.039 + 0.006 avg prob of [ Romania] 0.9918156862258911
loss 0.051 = 0.007 + 0.039 + 0.006 avg prob of [ Romania] 0.9927270412445068
loss 0.05 = 0.007 + 0.038 + 0.006 avg prob of [ Romania] 0.9934811592102051
Init norm 67.55340576171875 | Delta norm 50.66505432128906 | Target norm 85.24054718017578
Computing right vector (v)
Lookup index found: 4 | Sentence: Felipe Pigna originates from | Token: a
Rewrite layer is 8
Tying optimization objective to 27
Recording initial value of v*
loss 12.236 = 12.236 + 0.0 + 0.0 avg prob of [ Stafford] 6.521015166072175e-06
loss 10.162 = 10.144 + 0.014 + 0.004 avg prob of [ Stafford] 4.139015800319612e-05
loss 6.501 = 6.471 + 0.023 + 0.006 avg prob of [ Stafford] 0.0018125325441360474
loss 3.54 = 3.504 + 0.03 + 0.006 avg prob of [ Stafford] 0.03681889921426773
loss 0.601 = 0.55 + 0.045 + 0.006 avg prob of [ Stafford] 0.5883182287216187
loss 0.106 = 0.004 + 0.096 + 0.006 avg prob of [ Stafford] 0.9960858225822449
loss 0.048 = 0.0 + 0.042 + 0.006 avg prob of [ Stafford] 0.9998873472213745
Init norm 61.02960205078125 | Delta norm 45.77220153808594 | Target norm 74.77598571777344
Computing right vector (v)
Lookup index found: 4 | Sentence: Renault Avantime is a product of | Token: ime
Rewrite layer is 8
Tying optimization objective to 27
Recording initial value of v*
loss 6.366 = 6.366 + 0.0 + 0.0 avg prob of [ Fiat] 0.0018415132071822882
loss 2.29 = 2.274 + 0.013 + 0.003 avg prob of [ Fiat] 0.11153411120176315
loss 0.111 = 0.072 + 0.036 + 0.004 avg prob of [ Fiat] 0.9310693144798279
loss 0.044 = 0.01 + 0.03 + 0.005 avg prob of [ Fiat] 0.9905120730400085
Init norm 79.4946517944336 | Delta norm 59.62098693847656 | Target norm 97.34949493408203
Computing right vector (v)
Lookup index found: 7 | Sentence: U.S. Route 129 in Florida is in | Token:  Florida
Rewrite layer is 8
Tying optimization objective to 27
Recording initial value of v*
loss 12.805 = 12.805 + 0.0 + 0.0 avg prob of [ Ukraine] 3.6395981624082197e-06
loss 9.43 = 9.426 + 0.001 + 0.003 avg prob of [ Ukraine] 9.625821257941425e-05
loss 3.995 = 3.989 + 0.002 + 0.005 avg prob of [ Ukraine] 0.022869572043418884
loss 0.891 = 0.884 + 0.003 + 0.005 avg prob of [ Ukraine] 0.42335671186447144
loss 0.272 = 0.263 + 0.004 + 0.005 avg prob of [ Ukraine] 0.7713544368743896
loss 0.062 = 0.051 + 0.006 + 0.005 avg prob of [ Ukraine] 0.9507825374603271
loss 0.017 = 0.009 + 0.003 + 0.005 avg prob of [ Ukraine] 0.9910739660263062
Init norm 74.60530090332031 | Delta norm 55.953975677490234 | Target norm 90.62675476074219
Computing right vector (v)
Lookup index found: 2 | Sentence: Sears Point is in | Token:  Point
Rewrite layer is 8
Tying optimization objective to 27
Recording initial value of v*
loss 11.754 = 11.754 + 0.0 + 0.0 avg prob of [ Turkey] 9.748770025908016e-06
loss 6.962 = 6.951 + 0.009 + 0.003 avg prob of [ Turkey] 0.0015145315555855632
loss 3.915 = 3.881 + 0.029 + 0.004 avg prob of [ Turkey] 0.023145083338022232
loss 2.184 = 2.138 + 0.041 + 0.005 avg prob of [ Turkey] 0.13079537451267242
loss 1.048 = 1.001 + 0.042 + 0.005 avg prob of [ Turkey] 0.39238566160202026
loss 0.493 = 0.447 + 0.04 + 0.005 avg prob of [ Turkey] 0.6510489583015442
loss 0.273 = 0.229 + 0.038 + 0.005 avg prob of [ Turkey] 0.7984153032302856
loss 0.181 = 0.138 + 0.037 + 0.005 avg prob of [ Turkey] 0.8721703886985779
loss 0.135 = 0.093 + 0.037 + 0.005 avg prob of [ Turkey] 0.9119521379470825
loss 0.108 = 0.066 + 0.036 + 0.005 avg prob of [ Turkey] 0.9361157417297363
loss 0.089 = 0.049 + 0.035 + 0.005 avg prob of [ Turkey] 0.9521817564964294
loss 0.075 = 0.037 + 0.033 + 0.005 avg prob of [ Turkey] 0.9634765386581421
loss 0.064 = 0.029 + 0.03 + 0.005 avg prob of [ Turkey] 0.9716701507568359
loss 0.055 = 0.023 + 0.027 + 0.005 avg prob of [ Turkey] 0.9777188301086426
loss 0.048 = 0.018 + 0.025 + 0.005 avg prob of [ Turkey] 0.9822391271591187
Init norm 75.5224838256836 | Delta norm 56.64186096191406 | Target norm 94.06492614746094
Computing right vector (v)
Lookup index found: 7 | Sentence: The mother tongue of Irina Shayk is | Token: k
Rewrite layer is 8
Tying optimization objective to 27
Recording initial value of v*
loss 3.644 = 3.644 + 0.0 + 0.0 avg prob of [ French] 0.028387239202857018
loss 0.689 = 0.664 + 0.023 + 0.002 avg prob of [ French] 0.5391587615013123
loss 0.384 = 0.357 + 0.023 + 0.004 avg prob of [ French] 0.7138261795043945
loss 0.215 = 0.189 + 0.022 + 0.004 avg prob of [ French] 0.8338062763214111
loss 0.138 = 0.116 + 0.018 + 0.004 avg prob of [ French] 0.89327073097229
loss 0.09 = 0.071 + 0.014 + 0.004 avg prob of [ French] 0.9323303699493408
loss 0.061 = 0.044 + 0.013 + 0.004 avg prob of [ French] 0.9576175212860107
loss 0.044 = 0.026 + 0.013 + 0.004 avg prob of [ French] 0.9740232229232788
Init norm 85.70626068115234 | Delta norm 64.27969360351562 | Target norm 108.36558532714844
Computing right vector (v)
Lookup index found: 1 | Sentence: Edward Henry was native to | Token:  Henry
Rewrite layer is 8
Tying optimization objective to 27
Recording initial value of v*
loss 7.673 = 7.673 + 0.0 + 0.0 avg prob of [ Melbourne] 0.0004825242212973535
loss 3.425 = 3.4 + 0.023 + 0.003 avg prob of [ Melbourne] 0.03473125398159027
loss 1.411 = 1.33 + 0.077 + 0.004 avg prob of [ Melbourne] 0.2727815806865692
loss 0.239 = 0.171 + 0.063 + 0.005 avg prob of [ Melbourne] 0.8430627584457397
loss 0.093 = 0.028 + 0.06 + 0.005 avg prob of [ Melbourne] 0.9722830653190613
loss 0.07 = 0.008 + 0.057 + 0.005 avg prob of [ Melbourne] 0.9920496940612793
loss 0.057 = 0.004 + 0.049 + 0.005 avg prob of [ Melbourne] 0.9964515566825867
loss 0.047 = 0.002 + 0.04 + 0.005 avg prob of [ Melbourne] 0.9978511333465576
Init norm 79.86978912353516 | Delta norm 59.902347564697266 | Target norm 99.44755554199219
Computing right vector (v)
Lookup index found: 7 | Sentence: The original language of I Am Number Four was | Token:  Four
Rewrite layer is 8
Tying optimization objective to 27
Recording initial value of v*
loss 5.462 = 5.462 + 0.0 + 0.0 avg prob of [ French] 0.006345605477690697
loss 1.335 = 1.326 + 0.006 + 0.003 avg prob of [ French] 0.29216501116752625
loss 0.3 = 0.285 + 0.011 + 0.004 avg prob of [ French] 0.7546383142471313
loss 0.171 = 0.155 + 0.011 + 0.005 avg prob of [ French] 0.8572396636009216
loss 0.089 = 0.075 + 0.009 + 0.005 avg prob of [ French] 0.9282318949699402
loss 0.053 = 0.04 + 0.008 + 0.005 avg prob of [ French] 0.9610003232955933
loss 0.038 = 0.025 + 0.008 + 0.005 avg prob of [ French] 0.97533118724823
Init norm 77.19799041748047 | Delta norm 57.89849090576172 | Target norm 97.01160430908203
Computing right vector (v)
Lookup index found: 7 | Sentence: The domain of work of Log Cabin Republicans is | Token:  Republicans
Rewrite layer is 8
Tying optimization objective to 27
Recording initial value of v*
loss 13.733 = 13.733 + 0.0 + 0.0 avg prob of [ anatomy] 1.152162781181687e-06
loss 8.837 = 8.824 + 0.01 + 0.002 avg prob of [ anatomy] 0.00022587200510315597
loss 4.13 = 4.108 + 0.019 + 0.003 avg prob of [ anatomy] 0.020779002457857132
loss 0.797 = 0.755 + 0.038 + 0.004 avg prob of [ anatomy] 0.49185681343078613
loss 0.133 = 0.034 + 0.095 + 0.004 avg prob of [ anatomy] 0.9671235084533691
loss 0.065 = 0.01 + 0.051 + 0.004 avg prob of [ anatomy] 0.9904208183288574
loss 0.049 = 0.006 + 0.039 + 0.004 avg prob of [ anatomy] 0.9940263628959656
Init norm 86.23867797851562 | Delta norm 64.67900848388672 | Target norm 106.39452362060547
Computing right vector (v)
Lookup index found: 5 | Sentence: Hassan ibn Thabit's profession is a | Token: abit
Rewrite layer is 8
Tying optimization objective to 27
Recording initial value of v*
loss 7.322 = 7.322 + 0.0 + 0.0 avg prob of [ journalist] 0.0008380070212297142
loss 4.039 = 4.031 + 0.005 + 0.003 avg prob of [ journalist] 0.021027233451604843
loss 1.251 = 1.233 + 0.014 + 0.004 avg prob of [ journalist] 0.31941309571266174
loss 0.696 = 0.669 + 0.022 + 0.005 avg prob of [ journalist] 0.5196839570999146
loss 0.425 = 0.401 + 0.02 + 0.005 avg prob of [ journalist] 0.6745662093162537
loss 0.272 = 0.256 + 0.011 + 0.005 avg prob of [ journalist] 0.7767032384872437
loss 0.18 = 0.167 + 0.008 + 0.005 avg prob of [ journalist] 0.8473248481750488
loss 0.124 = 0.112 + 0.007 + 0.005 avg prob of [ journalist] 0.8949477076530457
loss 0.089 = 0.077 + 0.007 + 0.005 avg prob of [ journalist] 0.9259885549545288
loss 0.068 = 0.056 + 0.008 + 0.005 avg prob of [ journalist] 0.9460307955741882
loss 0.054 = 0.042 + 0.007 + 0.005 avg prob of [ journalist] 0.9591532945632935
loss 0.045 = 0.033 + 0.007 + 0.005 avg prob of [ journalist] 0.968059241771698
Init norm 78.6078109741211 | Delta norm 58.95585632324219 | Target norm 96.21493530273438
Computing right vector (v)
Lookup index found: 3 | Sentence: Assif Tsahar has a citizenship from | Token: ahar
Rewrite layer is 8
Tying optimization objective to 27
Recording initial value of v*
loss 7.653 = 7.653 + 0.0 + 0.0 avg prob of [ Japan] 0.0005137422704137862
loss 6.302 = 6.196 + 0.102 + 0.003 avg prob of [ Japan] 0.0021208967082202435
loss 4.235 = 4.219 + 0.011 + 0.005 avg prob of [ Japan] 0.01535767875611782
loss 2.058 = 2.039 + 0.014 + 0.005 avg prob of [ Japan] 0.153181791305542
loss 1.079 = 1.062 + 0.011 + 0.005 avg prob of [ Japan] 0.3720792233943939
loss 0.387 = 0.369 + 0.012 + 0.005 avg prob of [ Japan] 0.701985776424408
loss 0.184 = 0.159 + 0.019 + 0.005 avg prob of [ Japan] 0.8550488352775574
loss 0.121 = 0.093 + 0.022 + 0.005 avg prob of [ Japan] 0.9116026759147644
loss 0.089 = 0.062 + 0.021 + 0.005 avg prob of [ Japan] 0.9401928782463074
loss 0.067 = 0.043 + 0.018 + 0.005 avg prob of [ Japan] 0.957610011100769
loss 0.051 = 0.031 + 0.014 + 0.005 avg prob of [ Japan] 0.9690654277801514
loss 0.04 = 0.023 + 0.011 + 0.005 avg prob of [ Japan] 0.9768891334533691
Init norm 68.22262573242188 | Delta norm 51.16697311401367 | Target norm 83.4847183227539
Computing right vector (v)
Lookup index found: 2 | Sentence: Napoleon III used to work in | Token:  III
Rewrite layer is 8
Tying optimization objective to 27
Recording initial value of v*
loss 10.261 = 10.261 + 0.0 + 0.0 avg prob of [ Hamburg] 3.609436680562794e-05
loss 7.725 = 7.705 + 0.019 + 0.002 avg prob of [ Hamburg] 0.0005987894255667925
loss 4.869 = 4.839 + 0.027 + 0.003 avg prob of [ Hamburg] 0.01004772912710905
loss 2.447 = 2.409 + 0.033 + 0.004 avg prob of [ Hamburg] 0.09833955764770508
loss 0.668 = 0.626 + 0.037 + 0.004 avg prob of [ Hamburg] 0.5571828484535217
loss 0.303 = 0.074 + 0.224 + 0.004 avg prob of [ Hamburg] 0.9298672676086426
loss 0.067 = 0.028 + 0.035 + 0.004 avg prob of [ Hamburg] 0.9722603559494019
loss 0.049 = 0.016 + 0.029 + 0.004 avg prob of [ Hamburg] 0.9845053553581238
Init norm 83.52191925048828 | Delta norm 62.64144515991211 | Target norm 103.51384735107422
Computing right vector (v)
Lookup index found: 4 | Sentence: Solomon Schechter works in the area of | Token: ter
Rewrite layer is 8
Tying optimization objective to 27
Recording initial value of v*
loss 7.513 = 7.513 + 0.0 + 0.0 avg prob of [ physics] 0.0005923949065618217
loss 6.416 = 6.403 + 0.01 + 0.003 avg prob of [ physics] 0.0018068919889628887
loss 3.998 = 3.973 + 0.02 + 0.005 avg prob of [ physics] 0.020237687975168228
loss 3.224 = 3.205 + 0.014 + 0.005 avg prob of [ physics] 0.04369951784610748
loss 2.277 = 2.259 + 0.013 + 0.005 avg prob of [ physics] 0.11139430105686188
loss 1.223 = 1.205 + 0.013 + 0.005 avg prob of [ physics] 0.3159315288066864
loss 0.371 = 0.352 + 0.014 + 0.005 avg prob of [ physics] 0.7149633169174194
loss 0.097 = 0.07 + 0.022 + 0.005 avg prob of [ physics] 0.9333847761154175
loss 0.059 = 0.024 + 0.029 + 0.005 avg prob of [ physics] 0.9764909148216248
loss 0.035 = 0.012 + 0.017 + 0.005 avg prob of [ physics] 0.9881002306938171
Init norm 70.79019927978516 | Delta norm 53.092655181884766 | Target norm 86.51935577392578
Computing right vector (v)
Lookup index found: 2 | Sentence: Christian Ude is a | Token: de
Rewrite layer is 8
Tying optimization objective to 27
Recording initial value of v*
loss 12.814 = 12.814 + 0.0 + 0.0 avg prob of [ pope] 5.500864062923938e-06
loss 8.536 = 8.465 + 0.068 + 0.003 avg prob of [ pope] 0.00041595782386139035
loss 3.286 = 3.188 + 0.094 + 0.004 avg prob of [ pope] 0.04819202423095703
loss 0.93 = 0.825 + 0.099 + 0.005 avg prob of [ pope] 0.47417521476745605
loss 0.326 = 0.198 + 0.123 + 0.005 avg prob of [ pope] 0.8247897028923035
loss 0.217 = 0.09 + 0.122 + 0.005 avg prob of [ pope] 0.9140099287033081
loss 0.17 = 0.058 + 0.107 + 0.005 avg prob of [ pope] 0.9436473846435547
loss 0.141 = 0.039 + 0.096 + 0.005 avg prob of [ pope] 0.9613668322563171
loss 0.121 = 0.027 + 0.089 + 0.005 avg prob of [ pope] 0.9733275175094604
loss 0.11 = 0.019 + 0.086 + 0.005 avg prob of [ pope] 0.9810864329338074
loss 0.102 = 0.014 + 0.083 + 0.005 avg prob of [ pope] 0.9861106276512146
loss 0.097 = 0.011 + 0.081 + 0.005 avg prob of [ pope] 0.9894692897796631
loss 0.093 = 0.008 + 0.08 + 0.005 avg prob of [ pope] 0.9918020963668823
loss 0.091 = 0.007 + 0.079 + 0.005 avg prob of [ pope] 0.9934775233268738
loss 0.088 = 0.005 + 0.078 + 0.005 avg prob of [ pope] 0.9947134852409363
loss 0.086 = 0.004 + 0.076 + 0.005 avg prob of [ pope] 0.9956445693969727
loss 0.084 = 0.004 + 0.075 + 0.005 avg prob of [ pope] 0.9963570833206177
loss 0.082 = 0.003 + 0.074 + 0.005 avg prob of [ pope] 0.9969090223312378
loss 0.081 = 0.003 + 0.073 + 0.005 avg prob of [ pope] 0.9973416328430176
loss 0.079 = 0.002 + 0.071 + 0.005 avg prob of [ pope] 0.9976848363876343
loss 0.076 = 0.002 + 0.069 + 0.005 avg prob of [ pope] 0.9979586005210876
loss 0.074 = 0.002 + 0.067 + 0.005 avg prob of [ pope] 0.9981765747070312
loss 0.072 = 0.002 + 0.065 + 0.005 avg prob of [ pope] 0.9983474612236023
loss 0.069 = 0.002 + 0.063 + 0.005 avg prob of [ pope] 0.9984754323959351
loss 0.065 = 0.001 + 0.059 + 0.005 avg prob of [ pope] 0.9985596537590027
Init norm 72.48859405517578 | Delta norm 54.36644744873047 | Target norm 89.68511199951172
Computing right vector (v)
Lookup index found: 4 | Sentence: Honda CR-X is created by | Token: X
Rewrite layer is 8
Tying optimization objective to 27
Recording initial value of v*
loss 6.473 = 6.473 + 0.0 + 0.0 avg prob of [ Nissan] 0.001641480135731399
loss 1.205 = 1.165 + 0.038 + 0.003 avg prob of [ Nissan] 0.322944700717926
loss 0.091 = 0.05 + 0.037 + 0.004 avg prob of [ Nissan] 0.951716423034668
loss 0.059 = 0.02 + 0.034 + 0.005 avg prob of [ Nissan] 0.9805415868759155
loss 0.043 = 0.008 + 0.03 + 0.005 avg prob of [ Nissan] 0.991921603679657
Init norm 79.00454711914062 | Delta norm 59.25341033935547 | Target norm 97.82431030273438
Computing right vector (v)
Lookup index found: 4 | Sentence: New Smyrna Speedway is in | Token:  Speedway
Rewrite layer is 8
Tying optimization objective to 27
Recording initial value of v*
loss 10.497 = 10.497 + 0.0 + 0.0 avg prob of [ Utah] 3.597336763050407e-05
loss 7.832 = 7.821 + 0.01 + 0.002 avg prob of [ Utah] 0.0005381581140682101
loss 5.031 = 5.011 + 0.016 + 0.003 avg prob of [ Utah] 0.0077997660264372826
loss 2.07 = 2.049 + 0.017 + 0.004 avg prob of [ Utah] 0.14314822852611542
loss 0.63 = 0.608 + 0.017 + 0.004 avg prob of [ Utah] 0.5472962856292725
loss 0.165 = 0.139 + 0.022 + 0.004 avg prob of [ Utah] 0.8707959055900574
loss 0.073 = 0.043 + 0.026 + 0.004 avg prob of [ Utah] 0.9581522941589355
loss 0.049 = 0.021 + 0.024 + 0.004 avg prob of [ Utah] 0.9793533682823181
Init norm 88.92955017089844 | Delta norm 66.69715881347656 | Target norm 107.74555206298828
Computing right vector (v)
Lookup index found: 6 | Sentence: Mathieu de Montmorency is a native speaker of | Token: cy
Rewrite layer is 8
Tying optimization objective to 27
Recording initial value of v*
loss 6.396 = 6.396 + 0.0 + 0.0 avg prob of [ Italian] 0.0018719106446951628
loss 3.374 = 3.367 + 0.003 + 0.003 avg prob of [ Italian] 0.035333387553691864
loss 1.728 = 1.711 + 0.012 + 0.005 avg prob of [ Italian] 0.18338319659233093
loss 0.534 = 0.516 + 0.012 + 0.005 avg prob of [ Italian] 0.5989503860473633
loss 0.208 = 0.194 + 0.008 + 0.005 avg prob of [ Italian] 0.8242437839508057
loss 0.1 = 0.088 + 0.006 + 0.005 avg prob of [ Italian] 0.915725588798523
loss 0.058 = 0.048 + 0.005 + 0.005 avg prob of [ Italian] 0.9533858299255371
loss 0.039 = 0.029 + 0.005 + 0.005 avg prob of [ Italian] 0.971157431602478
Init norm 72.30963897705078 | Delta norm 54.23222732543945 | Target norm 89.97611236572266
Computing right vector (v)
Lookup index found: 4 | Sentence: KAT-TUN was founded in | Token: UN
Rewrite layer is 8
Tying optimization objective to 27
Recording initial value of v*
loss 14.834 = 14.834 + 0.0 + 0.0 avg prob of [ Calgary] 4.286063699510123e-07
loss 8.372 = 8.225 + 0.144 + 0.003 avg prob of [ Calgary] 0.00032296645804308355
loss 4.64 = 4.567 + 0.069 + 0.004 avg prob of [ Calgary] 0.011189937591552734
loss 1.809 = 1.743 + 0.061 + 0.005 avg prob of [ Calgary] 0.18010017275810242
loss 0.318 = 0.256 + 0.057 + 0.005 avg prob of [ Calgary] 0.7769536972045898
loss 0.086 = 0.025 + 0.056 + 0.005 avg prob of [ Calgary] 0.9751451015472412
loss 0.062 = 0.005 + 0.052 + 0.005 avg prob of [ Calgary] 0.9950374364852905
loss 0.054 = 0.002 + 0.048 + 0.005 avg prob of [ Calgary] 0.9982752203941345
loss 0.049 = 0.001 + 0.044 + 0.005 avg prob of [ Calgary] 0.9991545677185059
Init norm 75.12786865234375 | Delta norm 56.34590530395508 | Target norm 93.48925018310547
Computing right vector (v)
Lookup index found: 3 | Sentence: Jacques Mauclair, a native | Token: clair
Rewrite layer is 8
Tying optimization objective to 27
Recording initial value of v*
loss 7.669 = 7.669 + 0.0 + 0.0 avg prob of [ Russian] 0.0004940723883919418
loss 3.895 = 3.886 + 0.007 + 0.003 avg prob of [ Russian] 0.023598887026309967
loss 1.904 = 1.889 + 0.011 + 0.004 avg prob of [ Russian] 0.15421447157859802
loss 0.866 = 0.853 + 0.009 + 0.005 avg prob of [ Russian] 0.43100783228874207
loss 0.298 = 0.287 + 0.007 + 0.005 avg prob of [ Russian] 0.7529737949371338
loss 0.097 = 0.085 + 0.007 + 0.005 avg prob of [ Russian] 0.9188913702964783
loss 0.045 = 0.033 + 0.007 + 0.005 avg prob of [ Russian] 0.9674004912376404
Init norm 78.60498809814453 | Delta norm 58.95374298095703 | Target norm 97.87806701660156
Computing right vector (v)
Lookup index found: 2 | Sentence: Ryan Giggs, who plays the position | Token: iggs
Rewrite layer is 8
Tying optimization objective to 27
Recording initial value of v*
loss 13.752 = 13.752 + 0.0 + 0.0 avg prob of [ outfielder] 1.5356408766820095e-06
loss 10.797 = 10.777 + 0.018 + 0.002 avg prob of [ outfielder] 3.393585211597383e-05
loss 8.73 = 8.699 + 0.028 + 0.004 avg prob of [ outfielder] 0.0002527463948354125
loss 5.176 = 5.124 + 0.047 + 0.005 avg prob of [ outfielder] 0.008380177430808544
loss 2.528 = 2.479 + 0.045 + 0.005 avg prob of [ outfielder] 0.09694913029670715
loss 0.987 = 0.946 + 0.037 + 0.005 avg prob of [ outfielder] 0.4114539325237274
loss 0.273 = 0.24 + 0.029 + 0.005 avg prob of [ outfielder] 0.7894775867462158
loss 0.104 = 0.076 + 0.023 + 0.005 avg prob of [ outfielder] 0.9267987012863159
loss 0.061 = 0.037 + 0.02 + 0.005 avg prob of [ outfielder] 0.9638289213180542
loss 0.045 = 0.022 + 0.018 + 0.005 avg prob of [ outfielder] 0.9785420298576355
Init norm 82.31298065185547 | Delta norm 61.73473358154297 | Target norm 100.15287780761719
Computing right vector (v)
Lookup index found: 5 | Sentence: Ian Standish Monteith Hamilton expired at | Token:  Hamilton
Rewrite layer is 8
Tying optimization objective to 27
Recording initial value of v*
loss 8.792 = 8.792 + 0.0 + 0.0 avg prob of [ Adelaide] 0.00020637780835386366
loss 6.084 = 6.069 + 0.012 + 0.003 avg prob of [ Adelaide] 0.002772056497633457
loss 3.756 = 3.725 + 0.026 + 0.005 avg prob of [ Adelaide] 0.02479703724384308
loss 1.417 = 1.387 + 0.024 + 0.005 avg prob of [ Adelaide] 0.2541465759277344
loss 0.082 = 0.057 + 0.02 + 0.005 avg prob of [ Adelaide] 0.9451121091842651
loss 0.081 = 0.011 + 0.065 + 0.005 avg prob of [ Adelaide] 0.9890913963317871
loss 0.078 = 0.011 + 0.062 + 0.005 avg prob of [ Adelaide] 0.9887260794639587
loss 0.059 = 0.013 + 0.041 + 0.005 avg prob of [ Adelaide] 0.987564206123352
loss 0.041 = 0.007 + 0.028 + 0.005 avg prob of [ Adelaide] 0.9926904439926147
Init norm 71.82109069824219 | Delta norm 53.86581802368164 | Target norm 87.72040557861328
Computing right vector (v)
Lookup index found: 3 | Sentence: Porsche 914, produced by | Token: 14
Rewrite layer is 8
Tying optimization objective to 27
Recording initial value of v*
loss 9.072 = 9.072 + 0.0 + 0.0 avg prob of [ Chevrolet] 0.00013279230915941298
loss 4.974 = 4.937 + 0.034 + 0.003 avg prob of [ Chevrolet] 0.01443594228476286
loss 1.28 = 1.212 + 0.063 + 0.005 avg prob of [ Chevrolet] 0.3440801501274109
loss 0.322 = 0.277 + 0.04 + 0.005 avg prob of [ Chevrolet] 0.7652866244316101
loss 0.115 = 0.084 + 0.025 + 0.005 avg prob of [ Chevrolet] 0.9200193285942078
loss 0.057 = 0.035 + 0.017 + 0.005 avg prob of [ Chevrolet] 0.9662226438522339
loss 0.036 = 0.018 + 0.013 + 0.005 avg prob of [ Chevrolet] 0.9821893572807312
Init norm 71.67550659179688 | Delta norm 53.756629943847656 | Target norm 89.35795593261719
Computing right vector (v)
Lookup index found: 9 | Sentence: Which position does Luca Danilo Fusi play? They play as | Token: i
Rewrite layer is 8
Tying optimization objective to 27
Recording initial value of v*
loss 9.602 = 9.602 + 0.0 + 0.0 avg prob of [ linebacker] 9.231182048097253e-05
loss 8.152 = 8.141 + 0.007 + 0.004 avg prob of [ linebacker] 0.0003704032569658011
loss 4.84 = 4.825 + 0.009 + 0.006 avg prob of [ linebacker] 0.00849245861172676
loss 3.173 = 3.155 + 0.012 + 0.006 avg prob of [ linebacker] 0.04448104649782181
loss 1.548 = 1.525 + 0.017 + 0.006 avg prob of [ linebacker] 0.2323063313961029
loss 0.106 = 0.074 + 0.026 + 0.006 avg prob of [ linebacker] 0.9297656416893005
loss 0.031 = 0.009 + 0.016 + 0.006 avg prob of [ linebacker] 0.9910297393798828
Init norm 65.16661071777344 | Delta norm 48.87495803833008 | Target norm 79.2154769897461
Computing right vector (v)
Lookup index found: 3 | Sentence: Claude Corea's occupation is | Token: a
Rewrite layer is 8
Tying optimization objective to 27
Recording initial value of v*
loss 7.275 = 7.275 + 0.0 + 0.0 avg prob of [ composer] 0.0008156085386872292
loss 2.467 = 2.428 + 0.035 + 0.003 avg prob of [ composer] 0.09732838720083237
loss 0.496 = 0.463 + 0.028 + 0.005 avg prob of [ composer] 0.6313050985336304
loss 0.134 = 0.11 + 0.018 + 0.005 avg prob of [ composer] 0.8959301710128784
loss 0.057 = 0.027 + 0.024 + 0.005 avg prob of [ composer] 0.9730965495109558
loss 0.037 = 0.007 + 0.025 + 0.005 avg prob of [ composer] 0.9933880567550659
Init norm 69.06293487548828 | Delta norm 51.79719924926758 | Target norm 85.8735580444336
Computing right vector (v)
Lookup index found: 1 | Sentence: Taylor Valley is located in the continent | Token:  Valley
Rewrite layer is 8
Tying optimization objective to 27
Recording initial value of v*
loss 9.697 = 9.697 + 0.0 + 0.0 avg prob of [ Europe] 9.654757741373032e-05
loss 7.325 = 7.307 + 0.016 + 0.002 avg prob of [ Europe] 0.0007584054837934673
loss 5.822 = 5.782 + 0.037 + 0.003 avg prob of [ Europe] 0.003445521928369999
loss 3.809 = 3.714 + 0.091 + 0.004 avg prob of [ Europe] 0.029311036691069603
loss 2.016 = 1.923 + 0.088 + 0.004 avg prob of [ Europe] 0.175690695643425
loss 0.731 = 0.645 + 0.081 + 0.004 avg prob of [ Europe] 0.5579468011856079
loss 0.233 = 0.143 + 0.085 + 0.004 avg prob of [ Europe] 0.8727471232414246
loss 0.111 = 0.033 + 0.074 + 0.004 avg prob of [ Europe] 0.9687032103538513
loss 0.064 = 0.007 + 0.053 + 0.004 avg prob of [ Europe] 0.9929348230361938
loss 0.047 = 0.003 + 0.04 + 0.004 avg prob of [ Europe] 0.9973532557487488
Init norm 86.14998626708984 | Delta norm 64.61248779296875 | Target norm 104.62445068359375
Computing right vector (v)
Lookup index found: 4 | Sentence: Andrea Alciato originates from | Token: ato
Rewrite layer is 8
Tying optimization objective to 27
Recording initial value of v*
loss 8.37 = 8.37 + 0.0 + 0.0 avg prob of [ Toronto] 0.00037139718187972903
loss 5.817 = 5.775 + 0.039 + 0.003 avg prob of [ Toronto] 0.0033828974701464176
loss 2.68 = 2.632 + 0.044 + 0.004 avg prob of [ Toronto] 0.08753654360771179
loss 1.767 = 1.727 + 0.035 + 0.005 avg prob of [ Toronto] 0.19681935012340546
loss 1.003 = 0.972 + 0.027 + 0.005 avg prob of [ Toronto] 0.3974339962005615
loss 0.416 = 0.383 + 0.028 + 0.005 avg prob of [ Toronto] 0.6884169578552246
loss 0.174 = 0.137 + 0.032 + 0.005 avg prob of [ Toronto] 0.8729490041732788
loss 0.069 = 0.05 + 0.013 + 0.005 avg prob of [ Toronto] 0.9510595202445984
loss 0.039 = 0.02 + 0.014 + 0.005 avg prob of [ Toronto] 0.9803875684738159
Init norm 75.52033996582031 | Delta norm 56.640254974365234 | Target norm 91.31147003173828
Computing right vector (v)
Lookup index found: 1 | Sentence: Michelle Douglas originated from | Token:  Douglas
Rewrite layer is 8
Tying optimization objective to 27
Recording initial value of v*
loss 8.242 = 8.242 + 0.0 + 0.0 avg prob of [ Paris] 0.00030111116939224303
loss 5.469 = 5.455 + 0.012 + 0.002 avg prob of [ Paris] 0.007446090690791607
loss 2.914 = 2.892 + 0.019 + 0.003 avg prob of [ Paris] 0.07005827873945236
loss 1.586 = 1.567 + 0.015 + 0.004 avg prob of [ Paris] 0.2376641482114792
loss 0.766 = 0.747 + 0.015 + 0.004 avg prob of [ Paris] 0.4996625781059265
loss 0.263 = 0.238 + 0.021 + 0.004 avg prob of [ Paris] 0.7938016653060913
loss 0.103 = 0.066 + 0.032 + 0.004 avg prob of [ Paris] 0.9367837309837341
loss 0.059 = 0.021 + 0.034 + 0.004 avg prob of [ Paris] 0.9797870516777039
loss 0.037 = 0.009 + 0.024 + 0.004 avg prob of [ Paris] 0.9914165735244751
Init norm 85.83850860595703 | Delta norm 64.3788833618164 | Target norm 104.5687255859375
Computing right vector (v)
Lookup index found: 4 | Sentence: George Best Belfast City Airport, which was named after | Token:  Airport
Rewrite layer is 8
Tying optimization objective to 27
Recording initial value of v*
loss 12.997 = 12.997 + 0.0 + 0.0 avg prob of [ Pennsylvania] 3.3407577575417235e-06
loss 8.493 = 8.407 + 0.083 + 0.002 avg prob of [ Pennsylvania] 0.000281093263765797
loss 4.167 = 4.113 + 0.05 + 0.004 avg prob of [ Pennsylvania] 0.01882929354906082
loss 0.118 = 0.07 + 0.044 + 0.005 avg prob of [ Pennsylvania] 0.9340178370475769
loss 0.037 = 0.014 + 0.019 + 0.005 avg prob of [ Pennsylvania] 0.9862017631530762
Init norm 82.32616424560547 | Delta norm 61.74461364746094 | Target norm 101.84855651855469
Computing right vector (v)
Lookup index found: 6 | Sentence: Umm Al-Qura University's headquarters are in | Token:  University
Rewrite layer is 8
Tying optimization objective to 27
Recording initial value of v*
loss 11.842 = 11.842 + 0.0 + 0.0 avg prob of [ Beijing] 9.598638825991657e-06
loss 9.133 = 9.121 + 0.009 + 0.003 avg prob of [ Beijing] 0.00011707367957569659
loss 7.628 = 7.609 + 0.015 + 0.004 avg prob of [ Beijing] 0.0005708324024453759
loss 4.977 = 4.954 + 0.019 + 0.005 avg prob of [ Beijing] 0.008191369473934174
loss 1.862 = 1.835 + 0.022 + 0.005 avg prob of [ Beijing] 0.1651534140110016
loss 0.57 = 0.541 + 0.024 + 0.005 avg prob of [ Beijing] 0.5877964496612549
loss 0.145 = 0.118 + 0.023 + 0.005 avg prob of [ Beijing] 0.8897805213928223
loss 0.055 = 0.036 + 0.014 + 0.005 avg prob of [ Beijing] 0.9649497866630554
loss 0.032 = 0.016 + 0.011 + 0.005 avg prob of [ Beijing] 0.983843207359314
Init norm 79.31741333007812 | Delta norm 59.488059997558594 | Target norm 97.5340347290039
Computing right vector (v)
Lookup index found: 2 | Sentence: Gina Birch plays the instrument | Token:  Birch
Rewrite layer is 8
Tying optimization objective to 27
Recording initial value of v*
loss 7.814 = 7.814 + 0.0 + 0.0 avg prob of [ piano] 0.0005387298879213631
loss 5.881 = 5.875 + 0.004 + 0.003 avg prob of [ piano] 0.0049737002700567245
loss 1.99 = 1.969 + 0.017 + 0.004 avg prob of [ piano] 0.15517258644104004
loss 0.104 = 0.062 + 0.037 + 0.005 avg prob of [ piano] 0.9405378103256226
loss 0.037 = 0.009 + 0.023 + 0.005 avg prob of [ piano] 0.9911134243011475
Init norm 78.70584106445312 | Delta norm 59.02937698364258 | Target norm 95.34104919433594
Computing right vector (v)
Lookup index found: 1 | Sentence: Alexander VI, who has the position of | Token:  VI
Rewrite layer is 8
Tying optimization objective to 27
Recording initial value of v*
loss 12.218 = 12.218 + 0.0 + 0.0 avg prob of [ Shah] 6.77386560710147e-06
loss 9.248 = 9.182 + 0.064 + 0.002 avg prob of [ Shah] 0.00013918493641540408
loss 5.451 = 5.422 + 0.025 + 0.003 avg prob of [ Shah] 0.0077535053715109825
loss 2.866 = 2.825 + 0.036 + 0.004 avg prob of [ Shah] 0.08260424435138702
loss 1.251 = 1.213 + 0.033 + 0.004 avg prob of [ Shah] 0.35695692896842957
loss 0.325 = 0.289 + 0.031 + 0.004 avg prob of [ Shah] 0.7667570114135742
loss 0.082 = 0.051 + 0.027 + 0.004 avg prob of [ Shah] 0.9509594440460205
loss 0.04 = 0.012 + 0.023 + 0.004 avg prob of [ Shah] 0.9876785278320312
Init norm 84.03890228271484 | Delta norm 63.0291748046875 | Target norm 104.24398803710938
Computing right vector (v)
Lookup index found: 7 | Sentence: The location of 2012 Summer Paralympics is | Token: ics
Rewrite layer is 8
Tying optimization objective to 27
Recording initial value of v*
loss 10.126 = 10.126 + 0.0 + 0.0 avg prob of [ Edinburgh] 4.185128636891022e-05
loss 5.233 = 5.205 + 0.026 + 0.002 avg prob of [ Edinburgh] 0.005887396167963743
loss 2.528 = 2.489 + 0.036 + 0.003 avg prob of [ Edinburgh] 0.08411376178264618
loss 1.152 = 1.107 + 0.041 + 0.004 avg prob of [ Edinburgh] 0.33220118284225464
loss 0.222 = 0.173 + 0.045 + 0.004 avg prob of [ Edinburgh] 0.8421101570129395
loss 0.073 = 0.022 + 0.047 + 0.004 avg prob of [ Edinburgh] 0.9786846041679382
loss 0.052 = 0.005 + 0.043 + 0.004 avg prob of [ Edinburgh] 0.9949252009391785
loss 0.045 = 0.002 + 0.039 + 0.004 avg prob of [ Edinburgh] 0.998288631439209
Init norm 88.67768859863281 | Delta norm 66.50827026367188 | Target norm 110.7314224243164
Computing right vector (v)
Lookup index found: 6 | Sentence: Fiat 132/Argenta is produced by | Token: a
Rewrite layer is 8
Tying optimization objective to 27
Recording initial value of v*
loss 12.006 = 12.006 + 0.0 + 0.0 avg prob of [ Boeing] 1.7807053154683672e-05
loss 9.031 = 8.983 + 0.044 + 0.003 avg prob of [ Boeing] 0.00014001391537021846
loss 4.817 = 4.723 + 0.088 + 0.005 avg prob of [ Boeing] 0.01190867554396391
loss 2.059 = 1.848 + 0.205 + 0.005 avg prob of [ Boeing] 0.1697748750448227
loss 0.362 = 0.156 + 0.2 + 0.005 avg prob of [ Boeing] 0.8582111597061157
loss 0.142 = 0.031 + 0.106 + 0.005 avg prob of [ Boeing] 0.9695841670036316
loss 0.088 = 0.011 + 0.072 + 0.005 avg prob of [ Boeing] 0.9889664649963379
loss 0.064 = 0.006 + 0.053 + 0.005 avg prob of [ Boeing] 0.9944583773612976
loss 0.049 = 0.004 + 0.04 + 0.005 avg prob of [ Boeing] 0.9965026378631592
Init norm 68.4595947265625 | Delta norm 51.344696044921875 | Target norm 84.18587493896484
Computing right vector (v)
Lookup index found: 2 | Sentence: Curt Flood, the | Token:  Flood
Rewrite layer is 8
Tying optimization objective to 27
Recording initial value of v*
loss 13.346 = 13.346 + 0.0 + 0.0 avg prob of [ midfielder] 1.9174881344952155e-06
loss 8.138 = 8.124 + 0.012 + 0.003 avg prob of [ midfielder] 0.001099462155252695
loss 3.811 = 3.792 + 0.015 + 0.004 avg prob of [ midfielder] 0.03459541127085686
loss 1.119 = 1.085 + 0.029 + 0.005 avg prob of [ midfielder] 0.359821081161499
loss 0.283 = 0.245 + 0.033 + 0.005 avg prob of [ midfielder] 0.7836381793022156
loss 0.105 = 0.065 + 0.036 + 0.005 avg prob of [ midfielder] 0.9376639723777771
loss 0.066 = 0.025 + 0.036 + 0.005 avg prob of [ midfielder] 0.9751765131950378
loss 0.054 = 0.013 + 0.036 + 0.005 avg prob of [ midfielder] 0.9867774844169617
loss 0.048 = 0.009 + 0.035 + 0.005 avg prob of [ midfielder] 0.9914878606796265
Init norm 79.158935546875 | Delta norm 59.36920166015625 | Target norm 97.62248992919922
Computing right vector (v)
Lookup index found: 6 | Sentence: The language of Maria Chapdelaine is | Token: aine
Rewrite layer is 8
Tying optimization objective to 27
Recording initial value of v*
loss 8.424 = 8.424 + 0.0 + 0.0 avg prob of [ Spanish] 0.000254726386629045
loss 5.507 = 5.497 + 0.007 + 0.003 avg prob of [ Spanish] 0.009293923154473305
loss 2.91 = 2.895 + 0.01 + 0.005 avg prob of [ Spanish] 0.08094441145658493
loss 1.092 = 1.076 + 0.01 + 0.005 avg prob of [ Spanish] 0.39724576473236084
loss 0.117 = 0.093 + 0.019 + 0.005 avg prob of [ Spanish] 0.9136938452720642
loss 0.057 = 0.017 + 0.035 + 0.005 avg prob of [ Spanish] 0.9833261370658875
loss 0.043 = 0.006 + 0.031 + 0.005 avg prob of [ Spanish] 0.9939086437225342
Init norm 69.4687728881836 | Delta norm 52.10157775878906 | Target norm 85.43366241455078
Computing right vector (v)
Lookup index found: 5 | Sentence: Mikhail Evstafiev, who holds a citizenship from | Token: iev
Rewrite layer is 8
Tying optimization objective to 27
Recording initial value of v*
loss 5.666 = 5.666 + 0.0 + 0.0 avg prob of [ France] 0.0037626733537763357
loss 2.235 = 2.199 + 0.032 + 0.003 avg prob of [ France] 0.11910577863454819
loss 1.531 = 1.486 + 0.039 + 0.005 avg prob of [ France] 0.24718277156352997
loss 0.565 = 0.518 + 0.041 + 0.005 avg prob of [ France] 0.6010500192642212
loss 0.246 = 0.196 + 0.045 + 0.005 avg prob of [ France] 0.823657751083374
loss 0.156 = 0.105 + 0.046 + 0.005 avg prob of [ France] 0.901451587677002
loss 0.115 = 0.065 + 0.044 + 0.005 avg prob of [ France] 0.9372050166130066
loss 0.092 = 0.045 + 0.041 + 0.005 avg prob of [ France] 0.9564339518547058
loss 0.078 = 0.033 + 0.04 + 0.005 avg prob of [ France] 0.9677993655204773
loss 0.07 = 0.025 + 0.039 + 0.005 avg prob of [ France] 0.9751047492027283
loss 0.065 = 0.02 + 0.039 + 0.005 avg prob of [ France] 0.9801511168479919
loss 0.061 = 0.016 + 0.039 + 0.005 avg prob of [ France] 0.9838405847549438
loss 0.059 = 0.013 + 0.04 + 0.005 avg prob of [ France] 0.9866466522216797
loss 0.056 = 0.011 + 0.04 + 0.005 avg prob of [ France] 0.9888366460800171
loss 0.055 = 0.009 + 0.04 + 0.005 avg prob of [ France] 0.990577220916748
loss 0.053 = 0.008 + 0.039 + 0.005 avg prob of [ France] 0.9919835329055786
loss 0.051 = 0.007 + 0.039 + 0.005 avg prob of [ France] 0.9931396245956421
loss 0.05 = 0.006 + 0.039 + 0.005 avg prob of [ France] 0.9941086769104004
loss 0.049 = 0.005 + 0.039 + 0.005 avg prob of [ France] 0.994937539100647
Init norm 68.3066177368164 | Delta norm 51.22996520996094 | Target norm 84.6424789428711
Computing right vector (v)
Lookup index found: 5 | Sentence: Mateo Garralda, who is a citizen of | Token: da
Rewrite layer is 8
Tying optimization objective to 27
Recording initial value of v*
loss 5.815 = 5.815 + 0.0 + 0.0 avg prob of [ Canada] 0.004351510666310787
loss 3.512 = 3.496 + 0.012 + 0.004 avg prob of [ Canada] 0.03623345494270325
loss 0.84 = 0.816 + 0.017 + 0.006 avg prob of [ Canada] 0.457541823387146
loss 0.306 = 0.279 + 0.02 + 0.006 avg prob of [ Canada] 0.7592470645904541
loss 0.149 = 0.119 + 0.024 + 0.006 avg prob of [ Canada] 0.88835608959198
loss 0.089 = 0.058 + 0.026 + 0.006 avg prob of [ Canada] 0.9442827701568604
loss 0.062 = 0.031 + 0.025 + 0.006 avg prob of [ Canada] 0.969260573387146
loss 0.047 = 0.019 + 0.022 + 0.006 avg prob of [ Canada] 0.9812936782836914
Init norm 64.11769104003906 | Delta norm 48.0882682800293 | Target norm 79.69026947021484
Computing right vector (v)
Lookup index found: 6 | Sentence: Michael Jarboe Sheehan, who holds the position of | Token: han
Rewrite layer is 8
Tying optimization objective to 27
Recording initial value of v*
loss 8.199 = 8.199 + 0.0 + 0.0 avg prob of [ mayor] 0.00040581097709946334
loss 2.663 = 2.653 + 0.007 + 0.003 avg prob of [ mayor] 0.0792468935251236
loss 0.245 = 0.214 + 0.027 + 0.004 avg prob of [ mayor] 0.8096656799316406
loss 0.054 = 0.023 + 0.025 + 0.005 avg prob of [ mayor] 0.9768943786621094
loss 0.029 = 0.006 + 0.019 + 0.005 avg prob of [ mayor] 0.9944558143615723
Init norm 74.49520874023438 | Delta norm 55.871402740478516 | Target norm 91.33025360107422
Computing right vector (v)
Lookup index found: 1 | Sentence: Clang, a product manufactured by | Token: ang
Rewrite layer is 8
Tying optimization objective to 27
Recording initial value of v*
loss 6.083 = 6.083 + 0.0 + 0.0 avg prob of [ Intel] 0.0058437432162463665
loss 5.35 = 5.314 + 0.034 + 0.002 avg prob of [ Intel] 0.01709047146141529
loss 3.53 = 3.493 + 0.034 + 0.003 avg prob of [ Intel] 0.09434376657009125
loss 1.511 = 1.464 + 0.043 + 0.004 avg prob of [ Intel] 0.42899736762046814
loss 0.435 = 0.383 + 0.048 + 0.004 avg prob of [ Intel] 0.7249101400375366
loss 0.192 = 0.141 + 0.047 + 0.004 avg prob of [ Intel] 0.8738338351249695
loss 0.108 = 0.059 + 0.045 + 0.004 avg prob of [ Intel] 0.9434819221496582
loss 0.072 = 0.025 + 0.043 + 0.004 avg prob of [ Intel] 0.9751784205436707
loss 0.057 = 0.012 + 0.041 + 0.004 avg prob of [ Intel] 0.9883043169975281
loss 0.05 = 0.006 + 0.039 + 0.004 avg prob of [ Intel] 0.9937726855278015
Init norm 91.22587585449219 | Delta norm 68.41940307617188 | Target norm 113.86302947998047
Computing right vector (v)
Lookup index found: 3 | Sentence: Rickshaw Boy was written in | Token:  Boy
Rewrite layer is 8
Tying optimization objective to 27
Recording initial value of v*
loss 7.191 = 7.191 + 0.0 + 0.0 avg prob of [ French] 0.0007901252247393131
loss 2.956 = 2.946 + 0.008 + 0.003 avg prob of [ French] 0.059030137956142426
loss 0.971 = 0.947 + 0.02 + 0.004 avg prob of [ French] 0.4058142602443695
loss 0.219 = 0.184 + 0.03 + 0.005 avg prob of [ French] 0.8347176313400269
loss 0.104 = 0.078 + 0.022 + 0.005 avg prob of [ French] 0.9257715940475464
loss 0.067 = 0.047 + 0.016 + 0.005 avg prob of [ French] 0.9541794061660767
loss 0.051 = 0.034 + 0.013 + 0.005 avg prob of [ French] 0.9670793414115906
loss 0.042 = 0.026 + 0.012 + 0.005 avg prob of [ French] 0.9746416807174683
Init norm 79.51392364501953 | Delta norm 59.63544464111328 | Target norm 96.75641632080078
Computing right vector (v)
Lookup index found: 9 | Sentence: What is the twin city of Phnom Penh? It is | Token: h
Rewrite layer is 8
Tying optimization objective to 27
Recording initial value of v*
loss 9.861 = 9.861 + 0.0 + 0.0 avg prob of [ Alexandria] 5.934699947829358e-05
loss 6.968 = 6.953 + 0.014 + 0.002 avg prob of [ Alexandria] 0.0011355513706803322
loss 4.015 = 3.988 + 0.024 + 0.003 avg prob of [ Alexandria] 0.022354602813720703
loss 1.1 = 1.065 + 0.031 + 0.004 avg prob of [ Alexandria] 0.367130845785141
loss 0.15 = 0.111 + 0.034 + 0.004 avg prob of [ Alexandria] 0.8957231044769287
loss 0.056 = 0.014 + 0.038 + 0.004 avg prob of [ Alexandria] 0.9860157370567322
loss 0.048 = 0.004 + 0.039 + 0.004 avg prob of [ Alexandria] 0.9956807494163513
Init norm 87.75167846679688 | Delta norm 65.81375122070312 | Target norm 107.42235565185547
Computing right vector (v)
Lookup index found: 1 | Sentence: Louis Banks performs | Token:  Banks
Rewrite layer is 8
Tying optimization objective to 27
Recording initial value of v*
loss 9.875 = 9.875 + 0.0 + 0.0 avg prob of [ opera] 6.0510483308462426e-05
loss 7.162 = 7.155 + 0.005 + 0.003 avg prob of [ opera] 0.0010419483296573162
loss 3.461 = 3.445 + 0.012 + 0.004 avg prob of [ opera] 0.034573182463645935
loss 0.667 = 0.637 + 0.026 + 0.005 avg prob of [ opera] 0.539555549621582
loss 0.059 = 0.009 + 0.045 + 0.005 avg prob of [ opera] 0.9910672903060913
loss 0.035 = 0.002 + 0.029 + 0.005 avg prob of [ opera] 0.9980265498161316
Init norm 78.49260711669922 | Delta norm 58.86945724487305 | Target norm 94.73461151123047
Computing right vector (v)
Lookup index found: 7 | Sentence: The headquarter of Indian Space Research Organisation is in | Token:  Organisation
Rewrite layer is 8
Tying optimization objective to 27
Recording initial value of v*
loss 12.448 = 12.448 + 0.0 + 0.0 avg prob of [ Sydney] 4.5801639316778164e-06
loss 9.169 = 9.139 + 0.028 + 0.002 avg prob of [ Sydney] 0.00012834137305617332
loss 4.141 = 4.105 + 0.032 + 0.003 avg prob of [ Sydney] 0.017232950776815414
loss 0.618 = 0.557 + 0.057 + 0.004 avg prob of [ Sydney] 0.5830250978469849
loss 0.275 = 0.21 + 0.061 + 0.004 avg prob of [ Sydney] 0.8135174512863159
loss 0.155 = 0.094 + 0.057 + 0.004 avg prob of [ Sydney] 0.9114813804626465
loss 0.093 = 0.044 + 0.044 + 0.004 avg prob of [ Sydney] 0.9567992091178894
loss 0.056 = 0.023 + 0.029 + 0.004 avg prob of [ Sydney] 0.9771298170089722
loss 0.036 = 0.014 + 0.018 + 0.004 avg prob of [ Sydney] 0.9865566492080688
Init norm 87.055419921875 | Delta norm 65.29156494140625 | Target norm 108.63451385498047
Computing right vector (v)
Lookup index found: 2 | Sentence: In European Union, an official language is | Token:  Union
Rewrite layer is 8
Tying optimization objective to 27
Recording initial value of v*
loss 4.033 = 4.033 + 0.0 + 0.0 avg prob of [ English] 0.04809167981147766
loss 0.875 = 0.858 + 0.015 + 0.002 avg prob of [ English] 0.45143741369247437
loss 0.162 = 0.129 + 0.029 + 0.004 avg prob of [ English] 0.8800177574157715
loss 0.115 = 0.079 + 0.032 + 0.005 avg prob of [ English] 0.924534022808075
loss 0.09 = 0.059 + 0.027 + 0.005 avg prob of [ English] 0.9430496692657471
loss 0.07 = 0.043 + 0.022 + 0.005 avg prob of [ English] 0.9576422572135925
loss 0.055 = 0.031 + 0.02 + 0.005 avg prob of [ English] 0.9694007635116577
loss 0.044 = 0.021 + 0.018 + 0.005 avg prob of [ English] 0.9788562655448914
Init norm 81.35712432861328 | Delta norm 61.01784896850586 | Target norm 101.3281021118164
Computing right vector (v)
Lookup index found: 3 | Sentence: Les Visiteurs, developed in | Token: urs
Rewrite layer is 8
Tying optimization objective to 27
Recording initial value of v*
loss 6.309 = 6.309 + 0.0 + 0.0 avg prob of [ Italy] 0.0019402637844905257
loss 4.002 = 3.901 + 0.098 + 0.003 avg prob of [ Italy] 0.020912524312734604
loss 2.543 = 2.463 + 0.076 + 0.005 avg prob of [ Italy] 0.10857780277729034
loss 2.02 = 1.927 + 0.088 + 0.005 avg prob of [ Italy] 0.17620114982128143
loss 1.352 = 1.241 + 0.106 + 0.005 avg prob of [ Italy] 0.3178286552429199
loss 0.676 = 0.567 + 0.103 + 0.005 avg prob of [ Italy] 0.5780560970306396
loss 0.304 = 0.209 + 0.09 + 0.005 avg prob of [ Italy] 0.8133964538574219
loss 0.18 = 0.09 + 0.085 + 0.005 avg prob of [ Italy] 0.9139062166213989
loss 0.136 = 0.048 + 0.083 + 0.005 avg prob of [ Italy] 0.9530215263366699
loss 0.116 = 0.029 + 0.081 + 0.005 avg prob of [ Italy] 0.9717020392417908
loss 0.104 = 0.018 + 0.081 + 0.005 avg prob of [ Italy] 0.9822582602500916
loss 0.098 = 0.011 + 0.082 + 0.005 avg prob of [ Italy] 0.9886322021484375
loss 0.094 = 0.008 + 0.081 + 0.005 avg prob of [ Italy] 0.9924961924552917
loss 0.088 = 0.005 + 0.078 + 0.005 avg prob of [ Italy] 0.9949175715446472
loss 0.082 = 0.004 + 0.073 + 0.005 avg prob of [ Italy] 0.9964510798454285
loss 0.073 = 0.003 + 0.065 + 0.005 avg prob of [ Italy] 0.9974160194396973
loss 0.061 = 0.002 + 0.054 + 0.005 avg prob of [ Italy] 0.9980200529098511
loss 0.059 = 0.002 + 0.052 + 0.005 avg prob of [ Italy] 0.9983929991722107
loss 0.053 = 0.001 + 0.047 + 0.005 avg prob of [ Italy] 0.9986252784729004
loss 0.049 = 0.001 + 0.042 + 0.005 avg prob of [ Italy] 0.9987670183181763
Init norm 68.71456146240234 | Delta norm 51.53591537475586 | Target norm 84.47279357910156
Computing right vector (v)
Lookup index found: 3 | Sentence: Enrique Granados's profession is a | Token: ados
Rewrite layer is 8
Tying optimization objective to 27
Recording initial value of v*
loss 10.842 = 10.842 + 0.0 + 0.0 avg prob of [ actor] 5.700560723198578e-05
loss 9.717 = 9.707 + 0.007 + 0.003 avg prob of [ actor] 0.0001457252074033022
loss 6.913 = 6.889 + 0.02 + 0.004 avg prob of [ actor] 0.0025109597481787205
loss 3.113 = 3.063 + 0.044 + 0.005 avg prob of [ actor] 0.06331127136945724
loss 1.408 = 1.328 + 0.076 + 0.005 avg prob of [ actor] 0.2758142948150635
loss 0.415 = 0.333 + 0.078 + 0.005 avg prob of [ actor] 0.7190449237823486
loss 0.106 = 0.057 + 0.044 + 0.005 avg prob of [ actor] 0.9448019862174988
loss 0.031 = 0.008 + 0.018 + 0.005 avg prob of [ actor] 0.9919711351394653
Init norm 76.02218627929688 | Delta norm 57.01664352416992 | Target norm 93.0386734008789
Computing right vector (v)
Lookup index found: 7 | Sentence: The headquarters of Grattan plc is in | Token: c
Rewrite layer is 8
Tying optimization objective to 27
Recording initial value of v*
loss 1.737 = 1.737 + 0.0 + 0.0 avg prob of [ London] 0.1850048303604126
loss 0.283 = 0.261 + 0.019 + 0.002 avg prob of [ London] 0.7744870185852051
loss 0.065 = 0.033 + 0.029 + 0.003 avg prob of [ London] 0.9679745435714722
loss 0.038 = 0.012 + 0.022 + 0.004 avg prob of [ London] 0.988071084022522
Init norm 87.00401306152344 | Delta norm 65.25300598144531 | Target norm 108.95024108886719
Computing right vector (v)
Lookup index found: 8 | Sentence: The location of Hohenzollern Bridge is | Token:  Bridge
Rewrite layer is 8
Tying optimization objective to 27
Recording initial value of v*
loss 14.052 = 14.052 + 0.0 + 0.0 avg prob of [ Alaska] 1.2002136600131053e-06
loss 10.023 = 10.012 + 0.009 + 0.002 avg prob of [ Alaska] 4.961265221936628e-05
loss 4.893 = 4.879 + 0.011 + 0.004 avg prob of [ Alaska] 0.010640609078109264
loss 0.728 = 0.457 + 0.266 + 0.004 avg prob of [ Alaska] 0.6439290046691895
loss 0.202 = 0.002 + 0.196 + 0.004 avg prob of [ Alaska] 0.99786376953125
loss 0.139 = 0.005 + 0.129 + 0.004 avg prob of [ Alaska] 0.9948835372924805
loss 0.051 = 0.036 + 0.011 + 0.004 avg prob of [ Alaska] 0.96502685546875
loss 0.037 = 0.021 + 0.012 + 0.004 avg prob of [ Alaska] 0.9795091152191162
Init norm 83.79755401611328 | Delta norm 62.84816360473633 | Target norm 103.09161376953125
Computing right vector (v)
Lookup index found: 4 | Sentence: Abraham Fraenkel writes in | Token: kel
Rewrite layer is 8
Tying optimization objective to 27
Recording initial value of v*
loss 12.458 = 12.458 + 0.0 + 0.0 avg prob of [ Norwegian] 5.553356459131464e-06
loss 8.926 = 8.921 + 0.002 + 0.003 avg prob of [ Norwegian] 0.0001812772243283689
loss 4.891 = 4.879 + 0.007 + 0.005 avg prob of [ Norwegian] 0.009009245783090591
loss 4.171 = 4.16 + 0.005 + 0.005 avg prob of [ Norwegian] 0.0183893833309412
loss 3.094 = 3.084 + 0.004 + 0.005 avg prob of [ Norwegian] 0.054858677089214325
loss 1.706 = 1.697 + 0.004 + 0.005 avg prob of [ Norwegian] 0.21544763445854187
loss 0.713 = 0.703 + 0.005 + 0.005 avg prob of [ Norwegian] 0.528541088104248
loss 0.223 = 0.209 + 0.009 + 0.005 avg prob of [ Norwegian] 0.8200610876083374
loss 0.102 = 0.076 + 0.02 + 0.005 avg prob of [ Norwegian] 0.9284200668334961
loss 0.085 = 0.063 + 0.017 + 0.005 avg prob of [ Norwegian] 0.9399620294570923
loss 0.061 = 0.047 + 0.009 + 0.005 avg prob of [ Norwegian] 0.9549263715744019
loss 0.034 = 0.022 + 0.007 + 0.005 avg prob of [ Norwegian] 0.9786867499351501
Init norm 68.2685317993164 | Delta norm 51.20139694213867 | Target norm 83.27684020996094
Computing right vector (v)
Lookup index found: 4 | Sentence: Jacques Dumesnil, speaker of | Token: nil
Rewrite layer is 8
Tying optimization objective to 27
Recording initial value of v*
loss 8.724 = 8.724 + 0.0 + 0.0 avg prob of [ English] 0.00021277484484016895
loss 3.291 = 3.281 + 0.007 + 0.003 avg prob of [ English] 0.04107598215341568
loss 1.787 = 1.751 + 0.03 + 0.005 avg prob of [ English] 0.17573732137680054
loss 0.647 = 0.611 + 0.03 + 0.006 avg prob of [ English] 0.5465565919876099
loss 0.23 = 0.207 + 0.018 + 0.006 avg prob of [ English] 0.81439208984375
loss 0.106 = 0.092 + 0.009 + 0.006 avg prob of [ English] 0.912860095500946
loss 0.063 = 0.051 + 0.007 + 0.006 avg prob of [ English] 0.950776994228363
loss 0.044 = 0.032 + 0.007 + 0.006 avg prob of [ English] 0.9689056277275085
Init norm 68.11194610595703 | Delta norm 51.083961486816406 | Target norm 84.36467742919922
Computing right vector (v)
Lookup index found: 2 | Sentence: Michel Bernstein lost their life at | Token:  Bernstein
Rewrite layer is 8
Tying optimization objective to 27
Recording initial value of v*
loss 11.132 = 11.132 + 0.0 + 0.0 avg prob of [ Prague] 2.019060411839746e-05
loss 7.15 = 7.14 + 0.007 + 0.003 avg prob of [ Prague] 0.0010229058098047972
loss 2.534 = 2.518 + 0.011 + 0.005 avg prob of [ Prague] 0.09037771821022034
loss 0.443 = 0.424 + 0.014 + 0.005 avg prob of [ Prague] 0.6658796072006226
loss 0.055 = 0.035 + 0.015 + 0.005 avg prob of [ Prague] 0.9660207033157349
loss 0.024 = 0.005 + 0.014 + 0.005 avg prob of [ Prague] 0.9952711462974548
Init norm 72.44825744628906 | Delta norm 54.33618927001953 | Target norm 86.30660247802734
Computing right vector (v)
Lookup index found: 2 | Sentence: Sangak, formulated in | Token: ak
Rewrite layer is 8
Tying optimization objective to 27
Recording initial value of v*
loss 8.534 = 8.534 + 0.0 + 0.0 avg prob of [ France] 0.00036840583197772503
loss 7.178 = 7.16 + 0.015 + 0.003 avg prob of [ France] 0.001568820676766336
loss 4.62 = 4.609 + 0.006 + 0.004 avg prob of [ France] 0.012197451665997505
loss 2.65 = 2.505 + 0.141 + 0.005 avg prob of [ France] 0.10254059731960297
loss 1.228 = 1.214 + 0.009 + 0.005 avg prob of [ France] 0.334475040435791
loss 0.275 = 0.261 + 0.009 + 0.005 avg prob of [ France] 0.7792340517044067
loss 0.058 = 0.044 + 0.009 + 0.005 avg prob of [ France] 0.9567774534225464
loss 0.025 = 0.011 + 0.009 + 0.005 avg prob of [ France] 0.9886904954910278
Init norm 75.81575775146484 | Delta norm 56.861820220947266 | Target norm 92.70323181152344
Computing right vector (v)
Lookup index found: 2 | Sentence: Johnny Foreigner was started in | Token: er
Rewrite layer is 8
Tying optimization objective to 27
Recording initial value of v*
loss 11.946 = 11.946 + 0.0 + 0.0 avg prob of [ Gibraltar] 6.798603862989694e-06
loss 9.389 = 9.382 + 0.004 + 0.003 avg prob of [ Gibraltar] 0.00010240316623821855
loss 1.267 = 1.239 + 0.023 + 0.005 avg prob of [ Gibraltar] 0.3676508069038391
loss 0.072 = 0.022 + 0.045 + 0.005 avg prob of [ Gibraltar] 0.9786990880966187
loss 0.092 = 0.044 + 0.042 + 0.005 avg prob of [ Gibraltar] 0.9573296308517456
loss 0.046 = 0.011 + 0.03 + 0.005 avg prob of [ Gibraltar] 0.9890656471252441
Init norm 69.64654541015625 | Delta norm 52.23490524291992 | Target norm 85.8138656616211
Computing right vector (v)
Lookup index found: 2 | Sentence: Glen Ballard, performing on the | Token:  Ballard
Rewrite layer is 8
Tying optimization objective to 27
Recording initial value of v*
loss 7.33 = 7.33 + 0.0 + 0.0 avg prob of [ trumpet] 0.0007987517747096717
loss 2.102 = 2.092 + 0.008 + 0.002 avg prob of [ trumpet] 0.13573332130908966
loss 0.104 = 0.066 + 0.034 + 0.004 avg prob of [ trumpet] 0.9387089014053345
loss 0.047 = 0.006 + 0.036 + 0.005 avg prob of [ trumpet] 0.9939370155334473
Init norm 81.44978332519531 | Delta norm 61.087337493896484 | Target norm 100.90801239013672
Computing right vector (v)
Lookup index found: 4 | Sentence: The language of Paradise Ranch is | Token:  Ranch
Rewrite layer is 8
Tying optimization objective to 27
Recording initial value of v*
loss 6.316 = 6.316 + 0.0 + 0.0 avg prob of [ French] 0.0022064251825213432
loss 1.302 = 1.288 + 0.012 + 0.002 avg prob of [ French] 0.29324719309806824
loss 0.276 = 0.22 + 0.052 + 0.004 avg prob of [ French] 0.805185079574585
loss 0.058 = 0.013 + 0.041 + 0.004 avg prob of [ French] 0.9874676465988159
loss 0.045 = 0.004 + 0.036 + 0.004 avg prob of [ French] 0.9956852793693542
Init norm 84.11097717285156 | Delta norm 63.083229064941406 | Target norm 103.96630859375
Computing right vector (v)
Lookup index found: 5 | Sentence: Poweshiek County is within | Token:  County
Rewrite layer is 8
Tying optimization objective to 27
Recording initial value of v*
loss 11.217 = 11.217 + 0.0 + 0.0 avg prob of [ Pearl] 2.2166885173646733e-05
loss 6.667 = 6.655 + 0.009 + 0.003 avg prob of [ Pearl] 0.0014880711678415537
loss 1.008 = 0.965 + 0.039 + 0.004 avg prob of [ Pearl] 0.43971359729766846
loss 0.021 = 0.002 + 0.014 + 0.005 avg prob of [ Pearl] 0.9975372552871704
Init norm 75.74290466308594 | Delta norm 56.80717849731445 | Target norm 93.44558715820312
Computing right vector (v)
Lookup index found: 3 | Sentence: Derrick Sherwin writes in | Token: win
Rewrite layer is 8
Tying optimization objective to 27
Recording initial value of v*
loss 9.555 = 9.555 + 0.0 + 0.0 avg prob of [ French] 9.174001752398908e-05
loss 7.145 = 7.133 + 0.009 + 0.003 avg prob of [ French] 0.0016173276817426085
loss 2.067 = 2.045 + 0.017 + 0.005 avg prob of [ French] 0.1588067263364792
loss 0.381 = 0.355 + 0.021 + 0.005 avg prob of [ French] 0.7104847431182861
loss 0.079 = 0.052 + 0.022 + 0.005 avg prob of [ French] 0.9492512941360474
loss 0.044 = 0.015 + 0.023 + 0.005 avg prob of [ French] 0.9847244620323181
Init norm 72.9642562866211 | Delta norm 54.72319030761719 | Target norm 90.61011505126953
Computing right vector (v)
Lookup index found: 3 | Sentence: L. Ron Hubbard follows the religion of | Token:  Hubbard
Rewrite layer is 8
Tying optimization objective to 27
Recording initial value of v*
loss 5.378 = 5.378 + 0.0 + 0.0 avg prob of [ Islam] 0.005438921973109245
loss 0.431 = 0.41 + 0.02 + 0.002 avg prob of [ Islam] 0.6757346391677856
loss 0.12 = 0.079 + 0.039 + 0.003 avg prob of [ Islam] 0.9249937534332275
loss 0.08 = 0.025 + 0.052 + 0.003 avg prob of [ Islam] 0.9757040739059448
loss 0.061 = 0.012 + 0.046 + 0.004 avg prob of [ Islam] 0.9885740280151367
loss 0.045 = 0.007 + 0.035 + 0.004 avg prob of [ Islam] 0.993439793586731
Init norm 101.5468978881836 | Delta norm 76.16016387939453 | Target norm 127.13143157958984
Computing right vector (v)
Lookup index found: 6 | Sentence: The headquarter of Red Star Line is in | Token:  Line
Rewrite layer is 8
Tying optimization objective to 27
Recording initial value of v*
loss 4.369 = 4.369 + 0.0 + 0.0 avg prob of [ London] 0.013513940386474133
loss 1.118 = 1.101 + 0.013 + 0.003 avg prob of [ London] 0.3454092741012573
loss 0.306 = 0.288 + 0.013 + 0.004 avg prob of [ London] 0.7530865669250488
loss 0.141 = 0.124 + 0.012 + 0.005 avg prob of [ London] 0.8840446472167969
loss 0.082 = 0.067 + 0.011 + 0.005 avg prob of [ London] 0.9356372356414795
loss 0.055 = 0.04 + 0.01 + 0.005 avg prob of [ London] 0.9606144428253174
loss 0.041 = 0.027 + 0.01 + 0.005 avg prob of [ London] 0.9737564921379089
Init norm 76.52452087402344 | Delta norm 57.39339065551758 | Target norm 93.96398162841797
Computing right vector (v)
Lookup index found: 8 | Sentence: The language used by Rosanna Fratello is | Token: o
Rewrite layer is 8
Tying optimization objective to 27
Recording initial value of v*
loss 11.129 = 11.129 + 0.0 + 0.0 avg prob of [ Hebrew] 1.8249576896778308e-05
loss 7.815 = 7.81 + 0.002 + 0.003 avg prob of [ Hebrew] 0.0008052196353673935
loss 2.44 = 2.429 + 0.007 + 0.004 avg prob of [ Hebrew] 0.09981121122837067
loss 0.826 = 0.806 + 0.015 + 0.005 avg prob of [ Hebrew] 0.46060118079185486
loss 0.245 = 0.216 + 0.024 + 0.005 avg prob of [ Hebrew] 0.8087934255599976
loss 0.094 = 0.062 + 0.027 + 0.005 avg prob of [ Hebrew] 0.9403337836265564
loss 0.051 = 0.024 + 0.022 + 0.005 avg prob of [ Hebrew] 0.9759682416915894
loss 0.032 = 0.012 + 0.015 + 0.005 avg prob of [ Hebrew] 0.9878463745117188
Init norm 76.24363708496094 | Delta norm 57.1827278137207 | Target norm 92.80892944335938
Computing right vector (v)
Lookup index found: 2 | Sentence: The Famous Flames is represented by record label | Token:  Flames
Rewrite layer is 8
Tying optimization objective to 27
Recording initial value of v*
loss 9.746 = 9.746 + 0.0 + 0.0 avg prob of [ Coral] 7.26725411368534e-05
loss 2.811 = 2.801 + 0.007 + 0.003 avg prob of [ Coral] 0.07667981833219528
loss 0.07 = 0.051 + 0.015 + 0.004 avg prob of [ Coral] 0.9509307146072388
loss 0.035 = 0.009 + 0.021 + 0.005 avg prob of [ Coral] 0.9905869960784912
Init norm 77.84564971923828 | Delta norm 58.384239196777344 | Target norm 97.87890625
Computing right vector (v)
Lookup index found: 5 | Sentence: In International Organization for Standardization, the language spoken is | Token: ization
Rewrite layer is 8
Tying optimization objective to 27
Recording initial value of v*
loss 7.163 = 7.163 + 0.0 + 0.0 avg prob of [ Latin] 0.0008358847117051482
loss 5.407 = 5.375 + 0.029 + 0.002 avg prob of [ Latin] 0.005390903912484646
loss 3.284 = 3.242 + 0.039 + 0.004 avg prob of [ Latin] 0.04707585275173187
loss 0.284 = 0.249 + 0.031 + 0.004 avg prob of [ Latin] 0.8225376009941101
loss 0.078 = 0.044 + 0.029 + 0.005 avg prob of [ Latin] 0.95689457654953
loss 0.065 = 0.033 + 0.027 + 0.005 avg prob of [ Latin] 0.9678816199302673
loss 0.056 = 0.026 + 0.025 + 0.005 avg prob of [ Latin] 0.9741331338882446
loss 0.046 = 0.018 + 0.023 + 0.005 avg prob of [ Latin] 0.9820132255554199
Init norm 83.31440734863281 | Delta norm 62.485809326171875 | Target norm 104.43126678466797
Computing right vector (v)
Lookup index found: 4 | Sentence: Kiki Cuyler plays in the position of | Token: ler
Rewrite layer is 8
Tying optimization objective to 27
Recording initial value of v*
loss 7.777 = 7.777 + 0.0 + 0.0 avg prob of [ linebacker] 0.0004535440239124
loss 3.946 = 3.935 + 0.008 + 0.003 avg prob of [ linebacker] 0.02113957516849041
loss 2.135 = 2.11 + 0.019 + 0.005 avg prob of [ linebacker] 0.12603048980236053
loss 0.633 = 0.612 + 0.016 + 0.005 avg prob of [ linebacker] 0.550114631652832
loss 0.071 = 0.053 + 0.013 + 0.005 avg prob of [ linebacker] 0.9486097097396851
loss 0.027 = 0.011 + 0.01 + 0.005 avg prob of [ linebacker] 0.9887740015983582
Init norm 72.52623748779297 | Delta norm 54.394676208496094 | Target norm 88.98748779296875
Computing right vector (v)
Lookup index found: 1 | Sentence: In Wales, they understand | Token:  Wales
Rewrite layer is 8
Tying optimization objective to 27
Recording initial value of v*
loss 10.098 = 10.098 + 0.0 + 0.0 avg prob of [ Chinese] 4.703798913396895e-05
loss 4.61 = 4.593 + 0.015 + 0.002 avg prob of [ Chinese] 0.01168493740260601
loss 2.725 = 2.68 + 0.042 + 0.003 avg prob of [ Chinese] 0.07081305235624313
loss 1.23 = 1.172 + 0.054 + 0.004 avg prob of [ Chinese] 0.31178948283195496
loss 0.684 = 0.628 + 0.051 + 0.004 avg prob of [ Chinese] 0.5358619689941406
loss 0.376 = 0.32 + 0.051 + 0.004 avg prob of [ Chinese] 0.727120578289032
loss 0.215 = 0.16 + 0.051 + 0.004 avg prob of [ Chinese] 0.8524877429008484
loss 0.137 = 0.083 + 0.05 + 0.004 avg prob of [ Chinese] 0.9207107424736023
loss 0.095 = 0.043 + 0.047 + 0.004 avg prob of [ Chinese] 0.9578802585601807
loss 0.068 = 0.021 + 0.043 + 0.004 avg prob of [ Chinese] 0.9792643785476685
loss 0.056 = 0.013 + 0.038 + 0.004 avg prob of [ Chinese] 0.9867411851882935
loss 0.047 = 0.008 + 0.035 + 0.004 avg prob of [ Chinese] 0.991776704788208
Init norm 87.66194152832031 | Delta norm 65.7464599609375 | Target norm 106.63015747070312
Computing right vector (v)
Lookup index found: 3 | Sentence: Brock Lesnar professionally plays the sport | Token: nar
Rewrite layer is 8
Tying optimization objective to 27
Recording initial value of v*
loss 11.327 = 11.327 + 0.0 + 0.0 avg prob of [ baseball] 3.048237704206258e-05
loss 7.127 = 7.118 + 0.008 + 0.002 avg prob of [ baseball] 0.0009172806749120355
loss 5.12 = 5.102 + 0.016 + 0.002 avg prob of [ baseball] 0.007559041492640972
loss 2.981 = 2.953 + 0.024 + 0.003 avg prob of [ baseball] 0.06685344129800797
loss 1.523 = 1.49 + 0.03 + 0.004 avg prob of [ baseball] 0.2601613402366638
loss 0.759 = 0.727 + 0.028 + 0.004 avg prob of [ baseball] 0.5034208297729492
loss 0.349 = 0.32 + 0.025 + 0.004 avg prob of [ baseball] 0.7312061190605164
loss 0.159 = 0.134 + 0.022 + 0.004 avg prob of [ baseball] 0.8754655122756958
loss 0.082 = 0.06 + 0.018 + 0.004 avg prob of [ baseball] 0.9416106939315796
loss 0.051 = 0.031 + 0.016 + 0.004 avg prob of [ baseball] 0.9691922068595886
loss 0.038 = 0.019 + 0.015 + 0.004 avg prob of [ baseball] 0.9814434051513672
Init norm 101.09134674072266 | Delta norm 75.81851196289062 | Target norm 124.00000762939453
Computing right vector (v)
Lookup index found: 2 | Sentence: Rogers Place, by | Token:  Place
Rewrite layer is 8
Tying optimization objective to 27
Recording initial value of v*
loss 10.886 = 10.886 + 0.0 + 0.0 avg prob of [ Yahoo] 2.3527418306912296e-05
loss 5.278 = 5.245 + 0.029 + 0.003 avg prob of [ Yahoo] 0.007520528510212898
loss 0.836 = 0.792 + 0.04 + 0.004 avg prob of [ Yahoo] 0.49280327558517456
loss 0.05 = 0.01 + 0.036 + 0.005 avg prob of [ Yahoo] 0.9904742240905762
loss 0.036 = 0.002 + 0.03 + 0.005 avg prob of [ Yahoo] 0.9983781576156616
Init norm 78.47908020019531 | Delta norm 58.859310150146484 | Target norm 97.30042266845703
Computing right vector (v)
Lookup index found: 2 | Sentence: Kim Myhr, who has a citizenship from | Token: hr
Rewrite layer is 8
Tying optimization objective to 27
Recording initial value of v*
loss 6.554 = 6.554 + 0.0 + 0.0 avg prob of [ Iraq] 0.001606194069609046
loss 3.359 = 3.085 + 0.271 + 0.003 avg prob of [ Iraq] 0.05251447483897209
loss 1.805 = 1.602 + 0.199 + 0.005 avg prob of [ Iraq] 0.2095489203929901
loss 0.471 = 0.458 + 0.007 + 0.005 avg prob of [ Iraq] 0.637338399887085
loss 0.076 = 0.063 + 0.008 + 0.005 avg prob of [ Iraq] 0.9390902519226074
loss 0.028 = 0.012 + 0.01 + 0.005 avg prob of [ Iraq] 0.9878756403923035
Init norm 71.04048156738281 | Delta norm 53.280364990234375 | Target norm 88.4193344116211
Computing right vector (v)
Lookup index found: 6 | Sentence: The location of Milano Film Festival is | Token:  Festival
Rewrite layer is 8
Tying optimization objective to 27
Recording initial value of v*
loss 12.714 = 12.714 + 0.0 + 0.0 avg prob of [ Wellington] 3.408853899600217e-06
loss 10.46 = 10.452 + 0.006 + 0.002 avg prob of [ Wellington] 3.539717727107927e-05
loss 8.391 = 8.377 + 0.011 + 0.003 avg prob of [ Wellington] 0.00029227795312181115
loss 6.359 = 6.338 + 0.017 + 0.003 avg prob of [ Wellington] 0.001889156992547214
loss 3.631 = 3.602 + 0.026 + 0.004 avg prob of [ Wellington] 0.028193451464176178
loss 0.466 = 0.413 + 0.049 + 0.004 avg prob of [ Wellington] 0.6736325025558472
loss 0.051 = 0.01 + 0.037 + 0.004 avg prob of [ Wellington] 0.9899057149887085
loss 0.043 = 0.014 + 0.026 + 0.004 avg prob of [ Wellington] 0.9868158102035522
Init norm 97.3638687133789 | Delta norm 73.02289581298828 | Target norm 120.52975463867188
Computing right vector (v)
Lookup index found: 5 | Sentence: Gaetano Alibrandi, who has the position of | Token: andi
Rewrite layer is 8
Tying optimization objective to 27
Recording initial value of v*
loss 9.488 = 9.488 + 0.0 + 0.0 avg prob of [ cardinal] 0.00021465111058205366
loss 5.188 = 5.178 + 0.007 + 0.004 avg prob of [ cardinal] 0.017532166093587875
loss 1.729 = 1.698 + 0.024 + 0.006 avg prob of [ cardinal] 0.20563024282455444
loss 0.257 = 0.207 + 0.044 + 0.006 avg prob of [ cardinal] 0.8216726183891296
loss 0.076 = 0.03 + 0.04 + 0.006 avg prob of [ cardinal] 0.970576286315918
loss 0.036 = 0.008 + 0.022 + 0.006 avg prob of [ cardinal] 0.9918264150619507
Init norm 66.09461975097656 | Delta norm 49.57096862792969 | Target norm 80.96361541748047
Computing right vector (v)
Lookup index found: 8 | Sentence: What is the twin city of Nairobi? It is | Token: bi
Rewrite layer is 8
Tying optimization objective to 27
Recording initial value of v*
loss 8.126 = 8.126 + 0.0 + 0.0 avg prob of [ Istanbul] 0.0007569894660264254
loss 4.779 = 4.764 + 0.014 + 0.002 avg prob of [ Istanbul] 0.014403673820197582
loss 1.816 = 1.786 + 0.027 + 0.003 avg prob of [ Istanbul] 0.19274501502513885
loss 0.16 = 0.124 + 0.032 + 0.004 avg prob of [ Istanbul] 0.883690357208252
loss 0.06 = 0.025 + 0.03 + 0.004 avg prob of [ Istanbul] 0.9751142263412476
loss 0.042 = 0.01 + 0.027 + 0.004 avg prob of [ Istanbul] 0.9899982213973999
Init norm 85.68449401855469 | Delta norm 64.26336669921875 | Target norm 106.29785919189453
Computing right vector (v)
Lookup index found: 1 | Sentence: Weather Report plays | Token:  Report
Rewrite layer is 8
Tying optimization objective to 27
Recording initial value of v*
loss 12.669 = 12.669 + 0.0 + 0.0 avg prob of [ thriller] 3.7490142403839855e-06
loss 9.826 = 9.815 + 0.01 + 0.002 avg prob of [ thriller] 0.00010046317765954882
loss 5.575 = 5.472 + 0.1 + 0.003 avg prob of [ thriller] 0.005826751701533794
loss 1.119 = 0.887 + 0.228 + 0.004 avg prob of [ thriller] 0.4410434365272522
loss 0.129 = 0.092 + 0.033 + 0.004 avg prob of [ thriller] 0.9244785308837891
loss 0.076 = 0.04 + 0.032 + 0.004 avg prob of [ thriller] 0.9636222124099731
loss 0.047 = 0.015 + 0.027 + 0.004 avg prob of [ thriller] 0.9853461980819702
Init norm 88.30382537841797 | Delta norm 66.22786712646484 | Target norm 107.96775817871094
Computing right vector (v)
Lookup index found: 5 | Sentence: Alfred Cort Haddon speaks | Token: addon
Rewrite layer is 8
Tying optimization objective to 27
Recording initial value of v*
loss 8.318 = 8.318 + 0.0 + 0.0 avg prob of [ Spanish] 0.00037981360219419
loss 4.557 = 4.537 + 0.017 + 0.004 avg prob of [ Spanish] 0.01743469014763832
loss 1.62 = 1.601 + 0.013 + 0.005 avg prob of [ Spanish] 0.22787067294120789
loss 0.464 = 0.443 + 0.015 + 0.006 avg prob of [ Spanish] 0.6687394380569458
loss 0.054 = 0.027 + 0.022 + 0.006 avg prob of [ Spanish] 0.9737841486930847
loss 0.011 = 0.002 + 0.003 + 0.006 avg prob of [ Spanish] 0.9979438185691833
Init norm 67.52915954589844 | Delta norm 50.64686965942383 | Target norm 83.49390411376953
Computing right vector (v)
Lookup index found: 1 | Sentence: The Wire was originally aired on | Token:  Wire
Rewrite layer is 8
Tying optimization objective to 27
Recording initial value of v*
loss 9.344 = 9.344 + 0.0 + 0.0 avg prob of [ History] 0.00016703100118320435
loss 6.903 = 6.873 + 0.028 + 0.002 avg prob of [ History] 0.0015198684995993972
loss 1.885 = 1.855 + 0.027 + 0.003 avg prob of [ History] 0.25465068221092224
loss 0.194 = 0.14 + 0.05 + 0.004 avg prob of [ History] 0.8705300688743591
loss 0.133 = 0.083 + 0.046 + 0.004 avg prob of [ History] 0.9205617904663086
loss 0.099 = 0.053 + 0.042 + 0.004 avg prob of [ History] 0.9482568502426147
loss 0.077 = 0.033 + 0.04 + 0.004 avg prob of [ History] 0.9679738283157349
loss 0.063 = 0.02 + 0.038 + 0.004 avg prob of [ History] 0.9802748560905457
loss 0.054 = 0.013 + 0.037 + 0.004 avg prob of [ History] 0.9875026941299438
loss 0.049 = 0.008 + 0.036 + 0.004 avg prob of [ History] 0.9917306900024414
Init norm 86.1375732421875 | Delta norm 64.6031723022461 | Target norm 109.44345092773438
Computing right vector (v)
Lookup index found: 3 | Sentence: Husky Massif is located in | Token: if
Rewrite layer is 8
Tying optimization objective to 27
Recording initial value of v*
loss 7.454 = 7.454 + 0.0 + 0.0 avg prob of [ Europe] 0.0008255317225120962
loss 3.65 = 3.631 + 0.016 + 0.002 avg prob of [ Europe] 0.028178956359624863
loss 1.571 = 1.534 + 0.034 + 0.004 avg prob of [ Europe] 0.21796958148479462
loss 0.567 = 0.527 + 0.035 + 0.005 avg prob of [ Europe] 0.5964137315750122
loss 0.225 = 0.199 + 0.022 + 0.005 avg prob of [ Europe] 0.8214914202690125
loss 0.093 = 0.077 + 0.011 + 0.005 avg prob of [ Europe] 0.9265913963317871
loss 0.043 = 0.031 + 0.008 + 0.005 avg prob of [ Europe] 0.9698376655578613
Init norm 82.65265655517578 | Delta norm 61.98949432373047 | Target norm 102.79883575439453
Computing right vector (v)
Lookup index found: 4 | Sentence: In Sint Maarten, they understand | Token: arten
Rewrite layer is 8
Tying optimization objective to 27
Recording initial value of v*
loss 13.851 = 13.851 + 0.0 + 0.0 avg prob of [ Finnish] 1.7845135289462632e-06
loss 9.601 = 9.587 + 0.011 + 0.002 avg prob of [ Finnish] 0.00012475604307837784
loss 6.069 = 6.051 + 0.015 + 0.003 avg prob of [ Finnish] 0.003054962493479252
loss 2.357 = 2.322 + 0.031 + 0.004 avg prob of [ Finnish] 0.11608873307704926
loss 0.663 = 0.613 + 0.046 + 0.004 avg prob of [ Finnish] 0.5624522566795349
loss 0.19 = 0.116 + 0.069 + 0.004 avg prob of [ Finnish] 0.891817569732666
loss 0.117 = 0.033 + 0.08 + 0.004 avg prob of [ Finnish] 0.9681071043014526
loss 0.084 = 0.015 + 0.065 + 0.004 avg prob of [ Finnish] 0.9851757287979126
loss 0.069 = 0.009 + 0.056 + 0.004 avg prob of [ Finnish] 0.9907196760177612
loss 0.064 = 0.007 + 0.053 + 0.004 avg prob of [ Finnish] 0.9931516647338867
loss 0.06 = 0.006 + 0.05 + 0.004 avg prob of [ Finnish] 0.99446702003479
loss 0.056 = 0.005 + 0.048 + 0.004 avg prob of [ Finnish] 0.9952918887138367
loss 0.053 = 0.004 + 0.045 + 0.004 avg prob of [ Finnish] 0.9958667159080505
loss 0.051 = 0.004 + 0.043 + 0.004 avg prob of [ Finnish] 0.9962980151176453
loss 0.048 = 0.003 + 0.041 + 0.004 avg prob of [ Finnish] 0.9966399669647217
Init norm 89.2768783569336 | Delta norm 66.95765686035156 | Target norm 108.84590911865234
Computing right vector (v)
Lookup index found: 2 | Sentence: Always Greener, that was formulated in | Token: ener
Rewrite layer is 8
Tying optimization objective to 27
Recording initial value of v*
loss 8.395 = 8.395 + 0.0 + 0.0 avg prob of [ Denmark] 0.00030843925196677446
loss 4.142 = 4.113 + 0.027 + 0.003 avg prob of [ Denmark] 0.018703989684581757
loss 0.57 = 0.518 + 0.048 + 0.004 avg prob of [ Denmark] 0.6000277996063232
loss 0.099 = 0.055 + 0.039 + 0.005 avg prob of [ Denmark] 0.9470760226249695
loss 0.049 = 0.013 + 0.031 + 0.005 avg prob of [ Denmark] 0.987189769744873
Init norm 76.0209732055664 | Delta norm 57.0157356262207 | Target norm 95.10714721679688
Computing right vector (v)
Lookup index found: 4 | Sentence: Sujata Massey is originally from | Token: sey
Rewrite layer is 8
Tying optimization objective to 27
Recording initial value of v*
loss 7.793 = 7.793 + 0.0 + 0.0 avg prob of [ Lincoln] 0.00042168900836259127
loss 5.044 = 5.037 + 0.004 + 0.003 avg prob of [ Lincoln] 0.00654537882655859
loss 2.565 = 2.551 + 0.009 + 0.005 avg prob of [ Lincoln] 0.08206695318222046
loss 0.367 = 0.352 + 0.009 + 0.005 avg prob of [ Lincoln] 0.7066377401351929
loss 0.078 = 0.061 + 0.011 + 0.005 avg prob of [ Lincoln] 0.9405929446220398
loss 0.037 = 0.017 + 0.014 + 0.005 avg prob of [ Lincoln] 0.9829065799713135
Init norm 69.85548400878906 | Delta norm 52.39161682128906 | Target norm 87.03093719482422
Computing right vector (v)
Lookup index found: 5 | Sentence: What does Deborah Drattell play? They play | Token: tell
Rewrite layer is 8
Tying optimization objective to 27
Recording initial value of v*
loss 12.474 = 12.474 + 0.0 + 0.0 avg prob of [ thriller] 4.138918484386522e-06
loss 10.984 = 10.976 + 0.005 + 0.003 avg prob of [ thriller] 1.878196417237632e-05
loss 7.659 = 7.614 + 0.041 + 0.004 avg prob of [ thriller] 0.0005486299050971866
loss 4.3 = 4.254 + 0.041 + 0.005 avg prob of [ thriller] 0.01763802208006382
loss 1.34 = 1.299 + 0.036 + 0.005 avg prob of [ thriller] 0.29630187153816223
loss 0.121 = 0.077 + 0.039 + 0.005 avg prob of [ thriller] 0.9281210899353027
loss 0.041 = 0.004 + 0.032 + 0.005 avg prob of [ thriller] 0.9960266351699829
Init norm 74.89751434326172 | Delta norm 56.173133850097656 | Target norm 89.50701904296875
Computing right vector (v)
Lookup index found: 7 | Sentence: What is the twin city of Sofia? It is | Token: ia
Rewrite layer is 8
Tying optimization objective to 27
Recording initial value of v*
loss 9.085 = 9.085 + 0.0 + 0.0 avg prob of [ Tokyo] 0.00031647051218897104
loss 5.457 = 5.44 + 0.015 + 0.002 avg prob of [ Tokyo] 0.007969408296048641
loss 3.671 = 3.633 + 0.034 + 0.004 avg prob of [ Tokyo] 0.038844190537929535
loss 1.441 = 1.387 + 0.05 + 0.004 avg prob of [ Tokyo] 0.2543867826461792
loss 0.282 = 0.219 + 0.059 + 0.004 avg prob of [ Tokyo] 0.8041115999221802
loss 0.081 = 0.012 + 0.065 + 0.004 avg prob of [ Tokyo] 0.9883314967155457
loss 0.07 = 0.001 + 0.064 + 0.004 avg prob of [ Tokyo] 0.9989339709281921
loss 0.058 = 0.0 + 0.054 + 0.004 avg prob of [ Tokyo] 0.9997509717941284
loss 0.048 = 0.0 + 0.044 + 0.004 avg prob of [ Tokyo] 0.9998970031738281
Init norm 85.07159423828125 | Delta norm 63.80369567871094 | Target norm 104.55286407470703
Computing right vector (v)
Lookup index found: 7 | Sentence: U.S. Route 30 in Indiana is located in | Token:  Indiana
Rewrite layer is 8
Tying optimization objective to 27
Recording initial value of v*
loss 11.852 = 11.852 + 0.0 + 0.0 avg prob of [ Pasadena] 8.252319275925402e-06
loss 7.588 = 7.585 + 0.001 + 0.003 avg prob of [ Pasadena] 0.0005603482131846249
loss 2.859 = 2.853 + 0.001 + 0.004 avg prob of [ Pasadena] 0.07434350997209549
loss 0.349 = 0.344 + 0.0 + 0.005 avg prob of [ Pasadena] 0.720055103302002
loss 0.063 = 0.058 + 0.0 + 0.005 avg prob of [ Pasadena] 0.944230318069458
loss 0.018 = 0.013 + 0.0 + 0.005 avg prob of [ Pasadena] 0.9870465993881226
Init norm 76.75415802001953 | Delta norm 57.56562042236328 | Target norm 93.68199920654297
Computing right vector (v)
Lookup index found: 5 | Sentence: The profession of Steve Swallow is | Token: allow
Rewrite layer is 8
Tying optimization objective to 27
Recording initial value of v*
loss 8.646 = 8.646 + 0.0 + 0.0 avg prob of [ actor] 0.0003032675595022738
loss 4.152 = 4.143 + 0.006 + 0.003 avg prob of [ actor] 0.02935504913330078
loss 0.822 = 0.778 + 0.039 + 0.004 avg prob of [ actor] 0.4946173131465912
loss 0.058 = 0.016 + 0.037 + 0.005 avg prob of [ actor] 0.984227180480957
loss 0.037 = 0.002 + 0.03 + 0.005 avg prob of [ actor] 0.9978383779525757
Init norm 75.73455047607422 | Delta norm 56.8009147644043 | Target norm 91.83121490478516
Computing right vector (v)
Lookup index found: 4 | Sentence: Rodolfo Mederos, who is a citizen of | Token: eros
Rewrite layer is 8
Tying optimization objective to 27
Recording initial value of v*
loss 8.2 = 8.2 + 0.0 + 0.0 avg prob of [ Poland] 0.0003094101557508111
loss 6.907 = 6.884 + 0.019 + 0.004 avg prob of [ Poland] 0.001099968096241355
loss 5.637 = 5.614 + 0.017 + 0.006 avg prob of [ Poland] 0.0041345153003931046
loss 2.351 = 2.329 + 0.016 + 0.006 avg prob of [ Poland] 0.09947215020656586
loss 0.661 = 0.636 + 0.019 + 0.006 avg prob of [ Poland] 0.5425100326538086
loss 0.212 = 0.184 + 0.022 + 0.006 avg prob of [ Poland] 0.835077166557312
loss 0.039 = 0.007 + 0.026 + 0.006 avg prob of [ Poland] 0.9929835200309753
Init norm 65.44944763183594 | Delta norm 49.08708953857422 | Target norm 79.03245544433594
Computing right vector (v)
Lookup index found: 4 | Sentence: Dannii Minogue, created in | Token: ogue
Rewrite layer is 8
Tying optimization objective to 27
Recording initial value of v*
loss 9.554 = 9.554 + 0.0 + 0.0 avg prob of [ Egypt] 0.0001073403618647717
loss 8.181 = 8.167 + 0.012 + 0.002 avg prob of [ Egypt] 0.0003179721534252167
loss 6.288 = 6.25 + 0.035 + 0.003 avg prob of [ Egypt] 0.002135640475898981
loss 2.924 = 2.859 + 0.061 + 0.004 avg prob of [ Egypt] 0.062289487570524216
loss 1.726 = 1.647 + 0.075 + 0.004 avg prob of [ Egypt] 0.2036588191986084
loss 0.925 = 0.827 + 0.094 + 0.004 avg prob of [ Egypt] 0.450765460729599
loss 0.368 = 0.242 + 0.122 + 0.004 avg prob of [ Egypt] 0.7891807556152344
loss 0.183 = 0.071 + 0.108 + 0.004 avg prob of [ Egypt] 0.9319388270378113
loss 0.112 = 0.029 + 0.079 + 0.004 avg prob of [ Egypt] 0.9717816114425659
loss 0.075 = 0.015 + 0.056 + 0.004 avg prob of [ Egypt] 0.9851605296134949
loss 0.039 = 0.009 + 0.025 + 0.004 avg prob of [ Egypt] 0.9908373355865479
Init norm 89.89506530761719 | Delta norm 67.42129516601562 | Target norm 110.88746643066406
Computing right vector (v)
Lookup index found: 3 | Sentence: Sega Pico, created by | Token: ico
Rewrite layer is 8
Tying optimization objective to 27
Recording initial value of v*
loss 6.868 = 6.868 + 0.0 + 0.0 avg prob of [ Microsoft] 0.0011233182158321142
loss 3.093 = 3.067 + 0.023 + 0.003 avg prob of [ Microsoft] 0.061711959540843964
loss 0.19 = 0.128 + 0.058 + 0.005 avg prob of [ Microsoft] 0.8831363916397095
loss 0.066 = 0.019 + 0.042 + 0.005 avg prob of [ Microsoft] 0.9814483523368835
loss 0.05 = 0.01 + 0.035 + 0.005 avg prob of [ Microsoft] 0.9905194044113159
Init norm 72.12095642089844 | Delta norm 54.09071731567383 | Target norm 88.85377502441406
Computing right vector (v)
Lookup index found: 2 | Sentence: ornithology works in the area of | Token: ology
Rewrite layer is 8
Tying optimization objective to 27
Recording initial value of v*
loss 9.423 = 9.423 + 0.0 + 0.0 avg prob of [ sociology] 0.00019927980611100793
loss 6.092 = 6.085 + 0.005 + 0.002 avg prob of [ sociology] 0.004713813774287701
loss 2.784 = 2.766 + 0.014 + 0.003 avg prob of [ sociology] 0.07435718178749084
loss 0.584 = 0.547 + 0.033 + 0.004 avg prob of [ sociology] 0.5945955514907837
loss 0.167 = 0.112 + 0.05 + 0.004 avg prob of [ sociology] 0.895405650138855
loss 0.096 = 0.035 + 0.057 + 0.004 avg prob of [ sociology] 0.965906023979187
loss 0.071 = 0.016 + 0.051 + 0.004 avg prob of [ sociology] 0.9843019247055054
loss 0.056 = 0.009 + 0.043 + 0.004 avg prob of [ sociology] 0.9908332824707031
loss 0.045 = 0.006 + 0.035 + 0.004 avg prob of [ sociology] 0.9937088489532471
Init norm 87.36375427246094 | Delta norm 65.52281188964844 | Target norm 106.26420593261719
Computing right vector (v)
Lookup index found: 3 | Sentence: Tage Erlander worked in the city of | Token: lander
Rewrite layer is 8
Tying optimization objective to 27
Recording initial value of v*
loss 6.587 = 6.587 + 0.0 + 0.0 avg prob of [ Frankfurt] 0.0017468270380049944
loss 3.36 = 3.351 + 0.006 + 0.003 avg prob of [ Frankfurt] 0.04698672890663147
loss 0.853 = 0.816 + 0.032 + 0.005 avg prob of [ Frankfurt] 0.4894287586212158
loss 0.108 = 0.083 + 0.02 + 0.005 avg prob of [ Frankfurt] 0.923426628112793
loss 0.025 = 0.01 + 0.009 + 0.005 avg prob of [ Frankfurt] 0.9898940920829773
Init norm 69.98294830322266 | Delta norm 52.487213134765625 | Target norm 88.00472259521484
Computing right vector (v)
Lookup index found: 4 | Sentence: Tony Conigliaro plays as | Token: aro
Rewrite layer is 8
Tying optimization objective to 27
Recording initial value of v*
loss 11.633 = 11.633 + 0.0 + 0.0 avg prob of [ goaltender] 1.4389011994353496e-05
loss 9.587 = 9.579 + 0.004 + 0.004 avg prob of [ goaltender] 0.00013312707596924156
loss 8.099 = 8.088 + 0.005 + 0.006 avg prob of [ goaltender] 0.0008009872399270535
loss 6.822 = 6.812 + 0.005 + 0.006 avg prob of [ goaltender] 0.0018059381982311606
loss 5.693 = 5.682 + 0.005 + 0.006 avg prob of [ goaltender] 0.0040225861594080925
loss 4.45 = 4.438 + 0.007 + 0.006 avg prob of [ goaltender] 0.01366332732141018
loss 2.603 = 2.589 + 0.008 + 0.006 avg prob of [ goaltender] 0.08658527582883835
loss 0.903 = 0.887 + 0.011 + 0.006 avg prob of [ goaltender] 0.4268258512020111
loss 0.283 = 0.252 + 0.026 + 0.006 avg prob of [ goaltender] 0.7800394892692566
loss 0.119 = 0.066 + 0.047 + 0.006 avg prob of [ goaltender] 0.9360777735710144
loss 0.055 = 0.022 + 0.027 + 0.006 avg prob of [ goaltender] 0.9784445762634277
loss 0.026 = 0.01 + 0.011 + 0.006 avg prob of [ goaltender] 0.9905051589012146
Init norm 67.16452026367188 | Delta norm 50.373390197753906 | Target norm 81.01583862304688
Computing right vector (v)
Lookup index found: 7 | Sentence: The headquarter of Roger Dubuis is in | Token: is
Rewrite layer is 8
Tying optimization objective to 27
Recording initial value of v*
loss 11.116 = 11.116 + 0.0 + 0.0 avg prob of [ Cleveland] 1.8126946088159457e-05
loss 6.885 = 6.869 + 0.013 + 0.003 avg prob of [ Cleveland] 0.0010996706550940871
loss 5.879 = 5.856 + 0.017 + 0.005 avg prob of [ Cleveland] 0.0029952391050755978
loss 5.035 = 5.006 + 0.024 + 0.005 avg prob of [ Cleveland] 0.006990112364292145
loss 3.509 = 3.48 + 0.023 + 0.005 avg prob of [ Cleveland] 0.03272506967186928
loss 0.876 = 0.85 + 0.021 + 0.005 avg prob of [ Cleveland] 0.4623534679412842
loss 0.059 = 0.033 + 0.021 + 0.005 avg prob of [ Cleveland] 0.9682801961898804
loss 0.036 = 0.008 + 0.023 + 0.005 avg prob of [ Cleveland] 0.9916717410087585
Init norm 69.69915008544922 | Delta norm 52.274356842041016 | Target norm 85.90266418457031
Computing right vector (v)
Lookup index found: 2 | Sentence: James Kinley is a citizen of | Token: ley
Rewrite layer is 8
Tying optimization objective to 27
Recording initial value of v*
loss 7.121 = 7.121 + 0.0 + 0.0 avg prob of [ Jamaica] 0.001201178296469152
loss 3.156 = 3.066 + 0.086 + 0.004 avg prob of [ Jamaica] 0.05628332495689392
loss 0.743 = 0.638 + 0.099 + 0.006 avg prob of [ Jamaica] 0.5382021069526672
loss 0.149 = 0.092 + 0.051 + 0.006 avg prob of [ Jamaica] 0.9133377075195312
loss 0.067 = 0.021 + 0.04 + 0.006 avg prob of [ Jamaica] 0.9795196056365967
loss 0.055 = 0.008 + 0.042 + 0.006 avg prob of [ Jamaica] 0.992033839225769
loss 0.047 = 0.004 + 0.037 + 0.006 avg prob of [ Jamaica] 0.9957200288772583
Init norm 65.18026733398438 | Delta norm 48.88520050048828 | Target norm 82.74195098876953
Computing right vector (v)
Lookup index found: 2 | Sentence: Samuel Peak is in | Token:  Peak
Rewrite layer is 8
Tying optimization objective to 27
Recording initial value of v*
loss 8.686 = 8.686 + 0.0 + 0.0 avg prob of [ Europe] 0.00035502423997968435
loss 7.243 = 7.223 + 0.016 + 0.003 avg prob of [ Europe] 0.0008573882514610887
loss 6.276 = 6.252 + 0.018 + 0.006 avg prob of [ Europe] 0.002236194908618927
loss 4.973 = 4.949 + 0.018 + 0.006 avg prob of [ Europe] 0.008069579489529133
loss 3.451 = 3.411 + 0.034 + 0.006 avg prob of [ Europe] 0.034915171563625336
loss 1.74 = 1.682 + 0.053 + 0.006 avg prob of [ Europe] 0.20253627002239227
loss 0.441 = 0.342 + 0.093 + 0.006 avg prob of [ Europe] 0.7250939607620239
loss 0.114 = 0.031 + 0.078 + 0.006 avg prob of [ Europe] 0.9700934290885925
loss 0.029 = 0.005 + 0.019 + 0.006 avg prob of [ Europe] 0.9954491853713989
Init norm 68.01395416259766 | Delta norm 51.010467529296875 | Target norm 80.96983337402344
Computing right vector (v)
Lookup index found: 6 | Sentence: siglas poveiras, that originated in | Token: as
Rewrite layer is 8
Tying optimization objective to 27
Recording initial value of v*
loss 6.487 = 6.487 + 0.0 + 0.0 avg prob of [ Japan] 0.0026388089172542095
loss 5.512 = 5.499 + 0.009 + 0.004 avg prob of [ Japan] 0.006299812346696854
loss 2.799 = 2.769 + 0.024 + 0.006 avg prob of [ Japan] 0.07063182443380356
loss 0.936 = 0.871 + 0.059 + 0.006 avg prob of [ Japan] 0.441505491733551
loss 0.247 = 0.19 + 0.051 + 0.006 avg prob of [ Japan] 0.8294323682785034
loss 0.088 = 0.045 + 0.036 + 0.006 avg prob of [ Japan] 0.9557886123657227
loss 0.055 = 0.022 + 0.027 + 0.006 avg prob of [ Japan] 0.9780582785606384
loss 0.043 = 0.016 + 0.021 + 0.006 avg prob of [ Japan] 0.9838981032371521
Init norm 64.22933959960938 | Delta norm 48.172000885009766 | Target norm 79.63957214355469
Computing right vector (v)
Lookup index found: 4 | Sentence: Toyota GT-86, produced by | Token: 86
Rewrite layer is 8
Tying optimization objective to 27
Recording initial value of v*
loss 10.231 = 10.231 + 0.0 + 0.0 avg prob of [ Fiat] 4.899213672615588e-05
loss 2.646 = 2.623 + 0.02 + 0.002 avg prob of [ Fiat] 0.08754006028175354
loss 0.504 = 0.452 + 0.048 + 0.004 avg prob of [ Fiat] 0.6419256925582886
loss 0.171 = 0.11 + 0.056 + 0.005 avg prob of [ Fiat] 0.8967191576957703
loss 0.09 = 0.033 + 0.052 + 0.005 avg prob of [ Fiat] 0.9672524929046631
loss 0.061 = 0.013 + 0.043 + 0.005 avg prob of [ Fiat] 0.9868450164794922
loss 0.045 = 0.007 + 0.034 + 0.005 avg prob of [ Fiat] 0.9933468103408813
Init norm 83.2816162109375 | Delta norm 62.46121597290039 | Target norm 104.26687622070312
Computing right vector (v)
Lookup index found: 5 | Sentence: Karl Michael Ziehrer died in the city of | Token: rer
Rewrite layer is 8
Tying optimization objective to 27
Recording initial value of v*
loss 6.565 = 6.565 + 0.0 + 0.0 avg prob of [ Philadelphia] 0.0016487236134707928
loss 4.926 = 4.903 + 0.02 + 0.004 avg prob of [ Philadelphia] 0.008391640149056911
loss 2.965 = 2.938 + 0.021 + 0.006 avg prob of [ Philadelphia] 0.05767571181058884
loss 0.358 = 0.329 + 0.023 + 0.006 avg prob of [ Philadelphia] 0.729947566986084
loss 0.112 = 0.083 + 0.023 + 0.006 avg prob of [ Philadelphia] 0.9211539030075073
loss 0.043 = 0.012 + 0.025 + 0.006 avg prob of [ Philadelphia] 0.9879287481307983
Init norm 67.55197143554688 | Delta norm 50.66397476196289 | Target norm 83.79059600830078
Computing right vector (v)
Lookup index found: 5 | Sentence: The capital of occupation of Japan is | Token:  Japan
Rewrite layer is 8
Tying optimization objective to 27
Recording initial value of v*
loss 11.248 = 11.248 + 0.0 + 0.0 avg prob of [ Prague] 2.1408737666206434e-05
loss 8.377 = 8.368 + 0.006 + 0.003 avg prob of [ Prague] 0.0005832512397319078
loss 6.355 = 6.337 + 0.013 + 0.004 avg prob of [ Prague] 0.002635010052472353
loss 3.126 = 3.104 + 0.017 + 0.005 avg prob of [ Prague] 0.047195903956890106
loss 0.513 = 0.488 + 0.02 + 0.005 avg prob of [ Prague] 0.6254658699035645
loss 0.052 = 0.024 + 0.023 + 0.005 avg prob of [ Prague] 0.976308286190033
loss 0.038 = 0.007 + 0.027 + 0.005 avg prob of [ Prague] 0.9934333562850952
Init norm 75.32088470458984 | Delta norm 56.49066162109375 | Target norm 91.76915740966797
Computing right vector (v)
Lookup index found: 3 | Sentence: Trevor Kidd, the | Token:  Kidd
Rewrite layer is 8
Tying optimization objective to 27
Recording initial value of v*
loss 10.058 = 10.058 + 0.0 + 0.0 avg prob of [ midfielder] 6.73358008498326e-05
loss 5.658 = 5.648 + 0.007 + 0.003 avg prob of [ midfielder] 0.004524232819676399
loss 3.731 = 3.673 + 0.054 + 0.004 avg prob of [ midfielder] 0.028501994907855988
loss 1.842 = 1.783 + 0.054 + 0.005 avg prob of [ midfielder] 0.18188869953155518
loss 0.222 = 0.179 + 0.038 + 0.005 avg prob of [ midfielder] 0.8382169604301453
loss 0.025 = 0.004 + 0.016 + 0.005 avg prob of [ midfielder] 0.9958784580230713
Init norm 76.26483917236328 | Delta norm 57.198631286621094 | Target norm 93.36549377441406
Computing right vector (v)
Lookup index found: 5 | Sentence: Hammarby IF DFF, which is located in | Token: FF
Rewrite layer is 8
Tying optimization objective to 27
Recording initial value of v*
loss 11.574 = 11.574 + 0.0 + 0.0 avg prob of [ Belgium] 1.3489720004145056e-05
loss 8.693 = 8.645 + 0.045 + 0.003 avg prob of [ Belgium] 0.0001845034130383283
loss 3.676 = 3.598 + 0.074 + 0.005 avg prob of [ Belgium] 0.08164429664611816
loss 0.782 = 0.677 + 0.099 + 0.005 avg prob of [ Belgium] 0.520883321762085
loss 0.231 = 0.202 + 0.023 + 0.005 avg prob of [ Belgium] 0.8185133337974548
loss 0.098 = 0.073 + 0.02 + 0.005 avg prob of [ Belgium] 0.9300156831741333
loss 0.057 = 0.032 + 0.02 + 0.005 avg prob of [ Belgium] 0.9686662554740906
loss 0.041 = 0.016 + 0.02 + 0.005 avg prob of [ Belgium] 0.9846147894859314
Init norm 68.19283294677734 | Delta norm 51.144622802734375 | Target norm 84.35234832763672
Computing right vector (v)
Lookup index found: 3 | Sentence: Anita Berber passed away in | Token: ber
Rewrite layer is 8
Tying optimization objective to 27
Recording initial value of v*
loss 7.08 = 7.08 + 0.0 + 0.0 avg prob of [ Rome] 0.0009677618509158492
loss 2.655 = 2.458 + 0.194 + 0.004 avg prob of [ Rome] 0.10775721073150635
loss 0.372 = 0.172 + 0.195 + 0.005 avg prob of [ Rome] 0.8477648496627808
loss 0.264 = 0.068 + 0.19 + 0.006 avg prob of [ Rome] 0.9357173442840576
loss 0.209 = 0.024 + 0.179 + 0.006 avg prob of [ Rome] 0.9763175845146179
loss 0.182 = 0.009 + 0.167 + 0.006 avg prob of [ Rome] 0.9909723997116089
loss 0.175 = 0.004 + 0.166 + 0.006 avg prob of [ Rome] 0.9962307810783386
loss 0.17 = 0.002 + 0.163 + 0.006 avg prob of [ Rome] 0.9981851577758789
loss 0.162 = 0.001 + 0.155 + 0.006 avg prob of [ Rome] 0.9988521337509155
loss 0.145 = 0.001 + 0.139 + 0.006 avg prob of [ Rome] 0.9991261959075928
loss 0.12 = 0.001 + 0.114 + 0.006 avg prob of [ Rome] 0.9992644190788269
loss 0.139 = 0.001 + 0.133 + 0.006 avg prob of [ Rome] 0.9993542432785034
loss 0.124 = 0.001 + 0.118 + 0.006 avg prob of [ Rome] 0.9994174838066101
loss 0.101 = 0.001 + 0.095 + 0.006 avg prob of [ Rome] 0.9994737505912781
loss 0.03 = 0.0 + 0.024 + 0.006 avg prob of [ Rome] 0.9995064735412598
Init norm 67.35687255859375 | Delta norm 50.51765060424805 | Target norm 84.10285186767578
Computing right vector (v)
Lookup index found: 3 | Sentence: Virginio Merola is a | Token: ola
Rewrite layer is 8
Tying optimization objective to 27
Recording initial value of v*
loss 11.649 = 11.649 + 0.0 + 0.0 avg prob of [ pope] 1.2908560165669769e-05
loss 6.741 = 6.705 + 0.033 + 0.004 avg prob of [ pope] 0.0014787432737648487
loss 3.474 = 3.401 + 0.067 + 0.005 avg prob of [ pope] 0.03911173343658447
loss 1.517 = 1.443 + 0.068 + 0.006 avg prob of [ pope] 0.2577035129070282
loss 0.401 = 0.317 + 0.078 + 0.006 avg prob of [ pope] 0.7343100309371948
loss 0.203 = 0.087 + 0.111 + 0.006 avg prob of [ pope] 0.9173228144645691
loss 0.091 = 0.04 + 0.045 + 0.006 avg prob of [ pope] 0.9605462551116943
loss 0.062 = 0.021 + 0.036 + 0.006 avg prob of [ pope] 0.979499340057373
loss 0.054 = 0.012 + 0.037 + 0.006 avg prob of [ pope] 0.9881782531738281
loss 0.05 = 0.008 + 0.036 + 0.006 avg prob of [ pope] 0.9921292662620544
Init norm 66.69441223144531 | Delta norm 50.020809173583984 | Target norm 80.30703735351562
Computing right vector (v)
Lookup index found: 1 | Sentence: MSN Games is from | Token:  Games
Rewrite layer is 8
Tying optimization objective to 27
Recording initial value of v*
loss 6.55 = 6.55 + 0.0 + 0.0 avg prob of [ Sony] 0.002814675448462367
loss 3.293 = 3.268 + 0.024 + 0.002 avg prob of [ Sony] 0.07196030765771866
loss 0.718 = 0.679 + 0.035 + 0.003 avg prob of [ Sony] 0.6122581958770752
loss 0.084 = 0.03 + 0.049 + 0.004 avg prob of [ Sony] 0.9711501598358154
loss 0.057 = 0.007 + 0.046 + 0.004 avg prob of [ Sony] 0.9933481216430664
loss 0.048 = 0.003 + 0.04 + 0.004 avg prob of [ Sony] 0.997138500213623
Init norm 86.15709686279297 | Delta norm 64.6178207397461 | Target norm 107.12635040283203
Computing right vector (v)
Lookup index found: 5 | Sentence: The language of The Bitch was | Token: itch
Rewrite layer is 8
Tying optimization objective to 27
Recording initial value of v*
loss 11.743 = 11.743 + 0.0 + 0.0 avg prob of [ Tamil] 1.0946421753033064e-05
loss 8.455 = 8.436 + 0.017 + 0.002 avg prob of [ Tamil] 0.000788252567872405
loss 5.031 = 4.984 + 0.043 + 0.004 avg prob of [ Tamil] 0.014978810213506222
loss 1.759 = 1.688 + 0.067 + 0.004 avg prob of [ Tamil] 0.2025805562734604
loss 0.238 = 0.15 + 0.083 + 0.004 avg prob of [ Tamil] 0.8672508597373962
loss 0.104 = 0.002 + 0.098 + 0.004 avg prob of [ Tamil] 0.9980892539024353
loss 0.098 = 0.001 + 0.093 + 0.004 avg prob of [ Tamil] 0.9992446899414062
loss 0.086 = 0.001 + 0.081 + 0.004 avg prob of [ Tamil] 0.9988312721252441
loss 0.078 = 0.002 + 0.071 + 0.004 avg prob of [ Tamil] 0.9980145692825317
loss 0.061 = 0.003 + 0.053 + 0.004 avg prob of [ Tamil] 0.9972401857376099
loss 0.067 = 0.003 + 0.06 + 0.004 avg prob of [ Tamil] 0.9971165657043457
loss 0.049 = 0.002 + 0.042 + 0.004 avg prob of [ Tamil] 0.9980521202087402
Init norm 84.06485748291016 | Delta norm 63.048648834228516 | Target norm 101.4643783569336
Computing right vector (v)
Lookup index found: 5 | Sentence: Abbas Kiarostami speaks the language | Token: ami
Rewrite layer is 8
Tying optimization objective to 27
Recording initial value of v*
loss 12.627 = 12.627 + 0.0 + 0.0 avg prob of [ Latin] 3.5848097468260676e-06
loss 9.642 = 9.633 + 0.007 + 0.002 avg prob of [ Latin] 6.997401942498982e-05
loss 7.605 = 7.572 + 0.03 + 0.004 avg prob of [ Latin] 0.0005541477585211396
loss 5.093 = 5.032 + 0.056 + 0.004 avg prob of [ Latin] 0.006861216388642788
loss 2.089 = 1.992 + 0.092 + 0.004 avg prob of [ Latin] 0.1450103521347046
loss 0.313 = 0.16 + 0.148 + 0.004 avg prob of [ Latin] 0.859635055065155
loss 0.227 = 0.007 + 0.215 + 0.004 avg prob of [ Latin] 0.9926321506500244
loss 0.12 = 0.005 + 0.111 + 0.004 avg prob of [ Latin] 0.995306134223938
loss 0.089 = 0.009 + 0.075 + 0.004 avg prob of [ Latin] 0.9909324049949646
loss 0.09 = 0.017 + 0.068 + 0.004 avg prob of [ Latin] 0.9828689098358154
loss 0.087 = 0.02 + 0.063 + 0.004 avg prob of [ Latin] 0.9798628091812134
loss 0.075 = 0.015 + 0.056 + 0.004 avg prob of [ Latin] 0.9855427742004395
loss 0.063 = 0.008 + 0.05 + 0.004 avg prob of [ Latin] 0.9920699000358582
loss 0.054 = 0.004 + 0.045 + 0.004 avg prob of [ Latin] 0.99588942527771
loss 0.046 = 0.002 + 0.04 + 0.004 avg prob of [ Latin] 0.9977425336837769
Init norm 84.4992446899414 | Delta norm 63.37443542480469 | Target norm 103.06586456298828
Computing right vector (v)
Lookup index found: 3 | Sentence: George Shrinks premiered on | Token: inks
Rewrite layer is 8
Tying optimization objective to 27
Recording initial value of v*
loss 4.769 = 4.769 + 0.0 + 0.0 avg prob of [ BBC] 0.009417156688869
loss 1.623 = 1.577 + 0.043 + 0.003 avg prob of [ BBC] 0.2395574152469635
loss 0.475 = 0.411 + 0.059 + 0.005 avg prob of [ BBC] 0.6632375121116638
loss 0.091 = 0.017 + 0.069 + 0.005 avg prob of [ BBC] 0.9833545684814453
loss 0.078 = 0.004 + 0.069 + 0.005 avg prob of [ BBC] 0.9964271783828735
loss 0.074 = 0.002 + 0.067 + 0.005 avg prob of [ BBC] 0.9982798099517822
loss 0.071 = 0.001 + 0.065 + 0.005 avg prob of [ BBC] 0.9988293051719666
loss 0.069 = 0.001 + 0.062 + 0.005 avg prob of [ BBC] 0.9990734457969666
loss 0.066 = 0.001 + 0.06 + 0.005 avg prob of [ BBC] 0.9992072582244873
loss 0.063 = 0.001 + 0.057 + 0.005 avg prob of [ BBC] 0.9992908835411072
loss 0.061 = 0.001 + 0.055 + 0.005 avg prob of [ BBC] 0.9993504881858826
loss 0.059 = 0.001 + 0.053 + 0.005 avg prob of [ BBC] 0.9994000196456909
loss 0.057 = 0.001 + 0.051 + 0.005 avg prob of [ BBC] 0.9994454383850098
loss 0.054 = 0.001 + 0.048 + 0.005 avg prob of [ BBC] 0.9994864463806152
loss 0.052 = 0.0 + 0.046 + 0.005 avg prob of [ BBC] 0.9995212554931641
loss 0.049 = 0.0 + 0.043 + 0.005 avg prob of [ BBC] 0.9995490908622742
Init norm 70.5759506225586 | Delta norm 52.93196105957031 | Target norm 88.16332244873047
Computing right vector (v)
Lookup index found: 3 | Sentence: Norway Bight is in | Token: ight
Rewrite layer is 8
Tying optimization objective to 27
Recording initial value of v*
loss 10.012 = 10.012 + 0.0 + 0.0 avg prob of [ Asia] 6.11541181569919e-05
loss 7.039 = 6.997 + 0.039 + 0.003 avg prob of [ Asia] 0.0011400663061067462
loss 4.465 = 4.419 + 0.041 + 0.004 avg prob of [ Asia] 0.015414809808135033
loss 2.348 = 2.297 + 0.047 + 0.005 avg prob of [ Asia] 0.1188003420829773
loss 1.133 = 1.077 + 0.051 + 0.005 avg prob of [ Asia] 0.35829493403434753
loss 0.319 = 0.263 + 0.051 + 0.005 avg prob of [ Asia] 0.7726999521255493
loss 0.048 = 0.015 + 0.028 + 0.005 avg prob of [ Asia] 0.9850251078605652
Init norm 75.72373962402344 | Delta norm 56.79280090332031 | Target norm 94.03636169433594
Computing right vector (v)
Lookup index found: 3 | Sentence: Solvay Mountains is in | Token:  Mountains
Rewrite layer is 8
Tying optimization objective to 27
Recording initial value of v*
loss 5.508 = 5.508 + 0.0 + 0.0 avg prob of [ Europe] 0.004421174060553312
loss 3.593 = 3.574 + 0.016 + 0.003 avg prob of [ Europe] 0.030219897627830505
loss 1.164 = 1.145 + 0.015 + 0.004 avg prob of [ Europe] 0.35258519649505615
loss 0.415 = 0.393 + 0.018 + 0.005 avg prob of [ Europe] 0.681662917137146
loss 0.176 = 0.158 + 0.013 + 0.005 avg prob of [ Europe] 0.854989767074585
loss 0.081 = 0.067 + 0.009 + 0.005 avg prob of [ Europe] 0.9354314208030701
loss 0.046 = 0.034 + 0.008 + 0.005 avg prob of [ Europe] 0.9670755863189697
Init norm 79.83883666992188 | Delta norm 59.87913513183594 | Target norm 98.5765380859375
Computing right vector (v)
Lookup index found: 3 | Sentence: Leroy Jones, playing the | Token:  Jones
Rewrite layer is 8
Tying optimization objective to 27
Recording initial value of v*
loss 6.118 = 6.118 + 0.0 + 0.0 avg prob of [ violin] 0.0028350725769996643
loss 4.421 = 4.413 + 0.004 + 0.004 avg prob of [ violin] 0.016458619385957718
loss 1.865 = 1.84 + 0.019 + 0.006 avg prob of [ violin] 0.17775586247444153
loss 0.327 = 0.295 + 0.026 + 0.006 avg prob of [ violin] 0.7461560964584351
loss 0.042 = 0.014 + 0.023 + 0.006 avg prob of [ violin] 0.9862949848175049
Init norm 64.31112670898438 | Delta norm 48.23334884643555 | Target norm 80.72535705566406
Computing right vector (v)
Lookup index found: 4 | Sentence: Nikolaus Dumba originates from | Token: a
Rewrite layer is 8
Tying optimization objective to 27
Recording initial value of v*
loss 5.894 = 5.894 + 0.0 + 0.0 avg prob of [ Denmark] 0.0030483175069093704
loss 2.607 = 2.56 + 0.045 + 0.003 avg prob of [ Denmark] 0.0839938148856163
loss 0.756 = 0.708 + 0.044 + 0.005 avg prob of [ Denmark] 0.5026752948760986
loss 0.347 = 0.31 + 0.032 + 0.005 avg prob of [ Denmark] 0.7364069819450378
loss 0.192 = 0.163 + 0.024 + 0.005 avg prob of [ Denmark] 0.8505771160125732
loss 0.107 = 0.083 + 0.019 + 0.005 avg prob of [ Denmark] 0.92031329870224
loss 0.066 = 0.046 + 0.015 + 0.005 avg prob of [ Denmark] 0.9554572105407715
loss 0.047 = 0.028 + 0.014 + 0.005 avg prob of [ Denmark] 0.9725871086120605
Init norm 74.68050384521484 | Delta norm 56.010379791259766 | Target norm 94.02391052246094
Computing right vector (v)
Lookup index found: 2 | Sentence: The Real Kids, founded in | Token:  Kids
Rewrite layer is 8
Tying optimization objective to 27
Recording initial value of v*
loss 7.755 = 7.755 + 0.0 + 0.0 avg prob of [ Vancouver] 0.00044459104537963867
loss 5.283 = 5.25 + 0.031 + 0.003 avg prob of [ Vancouver] 0.005290513392537832
loss 1.62 = 1.558 + 0.058 + 0.004 avg prob of [ Vancouver] 0.2148386687040329
loss 0.26 = 0.194 + 0.061 + 0.005 avg prob of [ Vancouver] 0.8247858285903931
loss 0.108 = 0.046 + 0.056 + 0.005 avg prob of [ Vancouver] 0.9547324180603027
loss 0.076 = 0.017 + 0.053 + 0.005 avg prob of [ Vancouver] 0.9828397631645203
loss 0.063 = 0.008 + 0.05 + 0.005 avg prob of [ Vancouver] 0.9918088912963867
loss 0.055 = 0.004 + 0.046 + 0.005 avg prob of [ Vancouver] 0.9957137107849121
loss 0.049 = 0.002 + 0.041 + 0.005 avg prob of [ Vancouver] 0.9976457953453064
Init norm 76.520263671875 | Delta norm 57.39019012451172 | Target norm 93.1971664428711
Computing right vector (v)
Lookup index found: 3 | Sentence: Chevrolet Orlando, created by | Token:  Orlando
Rewrite layer is 8
Tying optimization objective to 27
Recording initial value of v*
loss 6.432 = 6.432 + 0.0 + 0.0 avg prob of [ Cadillac] 0.001834967522881925
loss 2.44 = 2.42 + 0.018 + 0.002 avg prob of [ Cadillac] 0.09712069481611252
loss 0.726 = 0.696 + 0.027 + 0.004 avg prob of [ Cadillac] 0.5438232421875
loss 0.047 = 0.012 + 0.03 + 0.005 avg prob of [ Cadillac] 0.9879649877548218
Init norm 81.62339782714844 | Delta norm 61.21754837036133 | Target norm 103.16036224365234
Computing right vector (v)
Lookup index found: 3 | Sentence: Trev Thoms, playing the | Token: oms
Rewrite layer is 8
Tying optimization objective to 27
Recording initial value of v*
loss 4.145 = 4.145 + 0.0 + 0.0 avg prob of [ piano] 0.021546360105276108
loss 1.908 = 1.896 + 0.009 + 0.003 avg prob of [ piano] 0.17693333327770233
loss 0.668 = 0.448 + 0.215 + 0.005 avg prob of [ piano] 0.6458841562271118
loss 0.244 = 0.041 + 0.198 + 0.006 avg prob of [ piano] 0.9602580070495605
loss 0.215 = 0.021 + 0.188 + 0.006 avg prob of [ piano] 0.9793319702148438
loss 0.198 = 0.015 + 0.177 + 0.006 avg prob of [ piano] 0.9852554202079773
loss 0.117 = 0.012 + 0.1 + 0.006 avg prob of [ piano] 0.9883140921592712
loss 0.022 = 0.011 + 0.005 + 0.006 avg prob of [ piano] 0.9890350103378296
Init norm 67.95262908935547 | Delta norm 50.964473724365234 | Target norm 83.41716003417969
Computing right vector (v)
Lookup index found: 4 | Sentence: Medgar Evers College is in | Token:  College
Rewrite layer is 8
Tying optimization objective to 27
Recording initial value of v*
loss 14.237 = 14.237 + 0.0 + 0.0 avg prob of [ Armenia] 7.60804766741785e-07
loss 9.994 = 9.929 + 0.062 + 0.003 avg prob of [ Armenia] 5.317877366906032e-05
loss 3.299 = 3.267 + 0.028 + 0.004 avg prob of [ Armenia] 0.044521432369947433
loss 0.056 = 0.006 + 0.046 + 0.005 avg prob of [ Armenia] 0.9944299459457397
loss 0.039 = 0.002 + 0.032 + 0.005 avg prob of [ Armenia] 0.9975678324699402
Init norm 74.8554916381836 | Delta norm 56.14161682128906 | Target norm 91.20310974121094
Computing right vector (v)
Lookup index found: 2 | Sentence: In County Cork, they understand | Token:  Cork
Rewrite layer is 8
Tying optimization objective to 27
Recording initial value of v*
loss 11.34 = 11.34 + 0.0 + 0.0 avg prob of [ Russian] 1.4489577552012634e-05
loss 6.733 = 6.727 + 0.004 + 0.002 avg prob of [ Russian] 0.0014269219245761633
loss 2.869 = 2.842 + 0.024 + 0.003 avg prob of [ Russian] 0.0615246556699276
loss 1.203 = 1.16 + 0.04 + 0.004 avg prob of [ Russian] 0.32347413897514343
loss 0.359 = 0.324 + 0.031 + 0.004 avg prob of [ Russian] 0.7267052531242371
loss 0.155 = 0.13 + 0.021 + 0.004 avg prob of [ Russian] 0.8781766891479492
loss 0.05 = 0.031 + 0.015 + 0.004 avg prob of [ Russian] 0.9698760509490967
Init norm 94.3311767578125 | Delta norm 70.74838256835938 | Target norm 115.4796142578125
Computing right vector (v)
Lookup index found: 2 | Sentence: James Hardiman speaks | Token: iman
Rewrite layer is 8
Tying optimization objective to 27
Recording initial value of v*
loss 7.447 = 7.447 + 0.0 + 0.0 avg prob of [ Italian] 0.0012070033699274063
loss 1.592 = 1.537 + 0.051 + 0.003 avg prob of [ Italian] 0.23141030967235565
loss 0.23 = 0.104 + 0.121 + 0.005 avg prob of [ Italian] 0.9018100500106812
loss 0.119 = 0.028 + 0.086 + 0.005 avg prob of [ Italian] 0.9726022481918335
loss 0.055 = 0.012 + 0.038 + 0.005 avg prob of [ Italian] 0.9884864687919617
loss 0.035 = 0.006 + 0.024 + 0.005 avg prob of [ Italian] 0.9941450357437134
Init norm 68.52079772949219 | Delta norm 51.39059829711914 | Target norm 85.29690551757812
Computing right vector (v)
Lookup index found: 6 | Sentence: Thierry Lhermitte, speaker of | Token: itte
Rewrite layer is 8
Tying optimization objective to 27
Recording initial value of v*
loss 9.792 = 9.792 + 0.0 + 0.0 avg prob of [ Dutch] 5.7982775615528226e-05
loss 6.52 = 6.505 + 0.01 + 0.004 avg prob of [ Dutch] 0.001531400135718286
loss 4.123 = 4.094 + 0.024 + 0.006 avg prob of [ Dutch] 0.017588164657354355
loss 3.664 = 3.635 + 0.022 + 0.006 avg prob of [ Dutch] 0.02758895978331566
loss 3.065 = 3.042 + 0.018 + 0.006 avg prob of [ Dutch] 0.05063387751579285
loss 2.229 = 2.208 + 0.015 + 0.006 avg prob of [ Dutch] 0.11803176254034042
loss 1.191 = 1.169 + 0.016 + 0.006 avg prob of [ Dutch] 0.3331369161605835
loss 0.318 = 0.291 + 0.021 + 0.006 avg prob of [ Dutch] 0.762092113494873
loss 0.099 = 0.069 + 0.025 + 0.006 avg prob of [ Dutch] 0.9355630874633789
loss 0.056 = 0.025 + 0.025 + 0.006 avg prob of [ Dutch] 0.9757013320922852
loss 0.039 = 0.012 + 0.021 + 0.006 avg prob of [ Dutch] 0.988332986831665
Init norm 65.34751892089844 | Delta norm 49.010643005371094 | Target norm 79.90209197998047
Computing right vector (v)
Lookup index found: 7 | Sentence: The original language of Gai pied was | Token: ied
Rewrite layer is 8
Tying optimization objective to 27
Recording initial value of v*
loss 8.317 = 8.317 + 0.0 + 0.0 avg prob of [ Finnish] 0.00047988136066123843
loss 6.815 = 6.787 + 0.026 + 0.003 avg prob of [ Finnish] 0.0017423611134290695
loss 4.014 = 3.959 + 0.051 + 0.004 avg prob of [ Finnish] 0.04159246385097504
loss 0.932 = 0.83 + 0.097 + 0.005 avg prob of [ Finnish] 0.4873496890068054
loss 0.3 = 0.206 + 0.089 + 0.005 avg prob of [ Finnish] 0.8253501653671265
loss 0.112 = 0.031 + 0.076 + 0.005 avg prob of [ Finnish] 0.9694836139678955
loss 0.077 = 0.007 + 0.066 + 0.005 avg prob of [ Finnish] 0.9930803179740906
loss 0.058 = 0.003 + 0.051 + 0.005 avg prob of [ Finnish] 0.9971418380737305
loss 0.048 = 0.002 + 0.042 + 0.005 avg prob of [ Finnish] 0.9982416033744812
Init norm 77.59412384033203 | Delta norm 58.195594787597656 | Target norm 96.22750091552734
Computing right vector (v)
Lookup index found: 2 | Sentence: Joseph Haydn plays | Token: dn
Rewrite layer is 8
Tying optimization objective to 27
Recording initial value of v*
loss 9.953 = 9.953 + 0.0 + 0.0 avg prob of [ fantasy] 5.028406667406671e-05
loss 5.217 = 5.207 + 0.009 + 0.002 avg prob of [ fantasy] 0.00833804253488779
loss 0.427 = 0.317 + 0.107 + 0.003 avg prob of [ fantasy] 0.7441329956054688
loss 0.031 = 0.002 + 0.025 + 0.004 avg prob of [ fantasy] 0.9978545904159546
Init norm 89.94237518310547 | Delta norm 64.16226959228516 | Target norm 109.92208099365234
Computing right vector (v)
Lookup index found: 2 | Sentence: Tobin Lake, in | Token:  Lake
Rewrite layer is 8
Tying optimization objective to 27
Recording initial value of v*
loss 6.051 = 6.051 + 0.0 + 0.0 avg prob of [ Michigan] 0.002770875347778201
loss 1.719 = 1.694 + 0.021 + 0.004 avg prob of [ Michigan] 0.19866400957107544
loss 0.308 = 0.206 + 0.097 + 0.006 avg prob of [ Michigan] 0.8185548782348633
loss 0.143 = 0.089 + 0.048 + 0.006 avg prob of [ Michigan] 0.9162577390670776
loss 0.085 = 0.047 + 0.033 + 0.006 avg prob of [ Michigan] 0.9547473788261414
loss 0.055 = 0.029 + 0.02 + 0.006 avg prob of [ Michigan] 0.9717239737510681
loss 0.038 = 0.02 + 0.012 + 0.006 avg prob of [ Michigan] 0.9801280498504639
Init norm 63.902122497558594 | Delta norm 47.92658996582031 | Target norm 79.90265655517578
Computing right vector (v)
Lookup index found: 2 | Sentence: Jeff Bova's profession is an | Token: ova
Rewrite layer is 8
Tying optimization objective to 27
Recording initial value of v*
loss 4.151 = 4.151 + 0.0 + 0.0 avg prob of [ actor] 0.018449826166033745
loss 0.811 = 0.798 + 0.01 + 0.003 avg prob of [ actor] 0.48485296964645386
loss 0.208 = 0.189 + 0.015 + 0.004 avg prob of [ actor] 0.8288415670394897
loss 0.132 = 0.112 + 0.015 + 0.005 avg prob of [ actor] 0.8945538401603699
loss 0.098 = 0.081 + 0.012 + 0.005 avg prob of [ actor] 0.9228825569152832
loss 0.074 = 0.06 + 0.009 + 0.005 avg prob of [ actor] 0.9425221681594849
loss 0.057 = 0.044 + 0.007 + 0.005 avg prob of [ actor] 0.9569345712661743
loss 0.045 = 0.033 + 0.007 + 0.005 avg prob of [ actor] 0.9675378799438477
Init norm 76.5384750366211 | Delta norm 57.40385818481445 | Target norm 96.62773895263672
Computing right vector (v)
Lookup index found: 2 | Sentence: David Le Lay holds a citizenship from | Token:  Lay
Rewrite layer is 8
Tying optimization objective to 27
Recording initial value of v*
loss 8.822 = 8.822 + 0.0 + 0.0 avg prob of [ Afghanistan] 0.00020857248455286026
loss 4.441 = 4.392 + 0.045 + 0.003 avg prob of [ Afghanistan] 0.025192100554704666
loss 0.383 = 0.293 + 0.086 + 0.005 avg prob of [ Afghanistan] 0.7541611194610596
loss 0.12 = 0.023 + 0.092 + 0.005 avg prob of [ Afghanistan] 0.9774793982505798
loss 0.107 = 0.013 + 0.089 + 0.005 avg prob of [ Afghanistan] 0.9872066378593445
loss 0.099 = 0.009 + 0.084 + 0.005 avg prob of [ Afghanistan] 0.990678071975708
loss 0.089 = 0.007 + 0.076 + 0.005 avg prob of [ Afghanistan] 0.9928703308105469
loss 0.073 = 0.006 + 0.062 + 0.005 avg prob of [ Afghanistan] 0.9943756461143494
loss 0.05 = 0.005 + 0.04 + 0.005 avg prob of [ Afghanistan] 0.9954168796539307
loss 0.031 = 0.004 + 0.021 + 0.005 avg prob of [ Afghanistan] 0.9961249232292175
Init norm 70.38970184326172 | Delta norm 52.79227066040039 | Target norm 88.32594299316406
Computing right vector (v)
Lookup index found: 4 | Sentence: Andris Piebalgs holds a citizenship from | Token: gs
Rewrite layer is 8
Tying optimization objective to 27
Recording initial value of v*
loss 7.674 = 7.674 + 0.0 + 0.0 avg prob of [ Albania] 0.0007653955835849047
loss 1.94 = 1.93 + 0.008 + 0.002 avg prob of [ Albania] 0.18182949721813202
loss 0.695 = 0.679 + 0.012 + 0.004 avg prob of [ Albania] 0.5515859723091125
loss 0.12 = 0.102 + 0.013 + 0.004 avg prob of [ Albania] 0.9049085378646851
loss 0.038 = 0.021 + 0.013 + 0.004 avg prob of [ Albania] 0.9792417287826538
Init norm 83.81300354003906 | Delta norm 62.8597526550293 | Target norm 105.82957458496094
Computing right vector (v)
Lookup index found: 4 | Sentence: The official language of Belgium is | Token:  Belgium
Rewrite layer is 8
Tying optimization objective to 27
Recording initial value of v*
loss 14.526 = 14.526 + 0.0 + 0.0 avg prob of [ Persian] 7.641353363396775e-07
loss 7.12 = 7.114 + 0.004 + 0.002 avg prob of [ Persian] 0.0009306759457103908
loss 2.929 = 2.91 + 0.015 + 0.003 avg prob of [ Persian] 0.08183544129133224
loss 1.007 = 0.975 + 0.028 + 0.004 avg prob of [ Persian] 0.4907364249229431
loss 0.401 = 0.372 + 0.025 + 0.004 avg prob of [ Persian] 0.7335776090621948
loss 0.184 = 0.158 + 0.022 + 0.004 avg prob of [ Persian] 0.8635292053222656
loss 0.107 = 0.084 + 0.02 + 0.004 avg prob of [ Persian] 0.922510027885437
loss 0.073 = 0.051 + 0.018 + 0.004 avg prob of [ Persian] 0.9516901969909668
loss 0.053 = 0.033 + 0.016 + 0.004 avg prob of [ Persian] 0.9683135747909546
loss 0.04 = 0.022 + 0.014 + 0.004 avg prob of [ Persian] 0.9785614013671875
Init norm 92.20482635498047 | Delta norm 69.15361785888672 | Target norm 110.53282165527344
Computing right vector (v)
Lookup index found: 3 | Sentence: Kurt Vile that was founded in | Token: ile
Rewrite layer is 8
Tying optimization objective to 27
Recording initial value of v*
loss 7.313 = 7.313 + 0.0 + 0.0 avg prob of [ Seattle] 0.0008216866990551353
loss 4.754 = 4.748 + 0.003 + 0.002 avg prob of [ Seattle] 0.01001911610364914
loss 2.445 = 2.436 + 0.005 + 0.004 avg prob of [ Seattle] 0.09241503477096558
loss 1.459 = 1.443 + 0.012 + 0.005 avg prob of [ Seattle] 0.24118010699748993
loss 0.841 = 0.824 + 0.012 + 0.005 avg prob of [ Seattle] 0.44371622800827026
loss 0.464 = 0.448 + 0.012 + 0.005 avg prob of [ Seattle] 0.6430113315582275
loss 0.247 = 0.231 + 0.011 + 0.005 avg prob of [ Seattle] 0.795670747756958
loss 0.14 = 0.125 + 0.011 + 0.005 avg prob of [ Seattle] 0.8836808204650879
loss 0.089 = 0.073 + 0.011 + 0.005 avg prob of [ Seattle] 0.929592490196228
loss 0.063 = 0.047 + 0.011 + 0.005 avg prob of [ Seattle] 0.9539364576339722
loss 0.048 = 0.033 + 0.011 + 0.005 avg prob of [ Seattle] 0.9676550626754761
Init norm 83.13644409179688 | Delta norm 62.35232925415039 | Target norm 104.79801177978516
Computing right vector (v)
Lookup index found: 4 | Sentence: Carol Welsman is known for performing | Token: man
Rewrite layer is 8
Tying optimization objective to 27
Recording initial value of v*
loss 12.312 = 12.312 + 0.0 + 0.0 avg prob of [ sitcom] 5.038841663917992e-06
loss 9.274 = 9.265 + 0.006 + 0.004 avg prob of [ sitcom] 0.00010886054224101827
loss 6.266 = 6.247 + 0.013 + 0.006 avg prob of [ sitcom] 0.0020309691317379475
loss 2.904 = 2.884 + 0.013 + 0.006 avg prob of [ sitcom] 0.057343583554029465
loss 0.885 = 0.863 + 0.015 + 0.006 avg prob of [ sitcom] 0.4284537434577942
loss 0.334 = 0.309 + 0.019 + 0.006 avg prob of [ sitcom] 0.7364026308059692
loss 0.123 = 0.096 + 0.021 + 0.006 avg prob of [ sitcom] 0.9093587398529053
loss 0.045 = 0.016 + 0.023 + 0.006 avg prob of [ sitcom] 0.9838347434997559
Init norm 62.33016586303711 | Delta norm 46.747623443603516 | Target norm 77.7074203491211
Computing right vector (v)
Lookup index found: 9 | Sentence: Alī ibn Abī Ṭālib is follower of | Token: lib
Rewrite layer is 8
Tying optimization objective to 27
Recording initial value of v*
loss 6.954 = 6.954 + 0.0 + 0.0 avg prob of [ Judaism] 0.0009877434931695461
loss 3.717 = 3.669 + 0.045 + 0.002 avg prob of [ Judaism] 0.027855556458234787
loss 1.372 = 1.259 + 0.11 + 0.004 avg prob of [ Judaism] 0.2870176434516907
loss 0.277 = 0.137 + 0.135 + 0.005 avg prob of [ Judaism] 0.8726627230644226
loss 0.141 = 0.048 + 0.088 + 0.005 avg prob of [ Judaism] 0.9530237913131714
loss 0.101 = 0.027 + 0.069 + 0.005 avg prob of [ Judaism] 0.9735387563705444
loss 0.05 = 0.019 + 0.026 + 0.005 avg prob of [ Judaism] 0.9808192253112793
loss 0.029 = 0.016 + 0.009 + 0.005 avg prob of [ Judaism] 0.9843613505363464
Init norm 82.888916015625 | Delta norm 62.166683197021484 | Target norm 103.60741424560547
Computing right vector (v)
Lookup index found: 4 | Sentence: The language of Khamosh was | Token: osh
Rewrite layer is 8
Tying optimization objective to 27
Recording initial value of v*
loss 10.212 = 10.212 + 0.0 + 0.0 avg prob of [ Russian] 4.6796543756499887e-05
loss 3.753 = 3.668 + 0.082 + 0.003 avg prob of [ Russian] 0.031514741480350494
loss 1.105 = 0.986 + 0.113 + 0.005 avg prob of [ Russian] 0.4063940942287445
loss 0.226 = 0.1 + 0.121 + 0.005 avg prob of [ Russian] 0.905728816986084
loss 0.129 = 0.011 + 0.112 + 0.005 avg prob of [ Russian] 0.9888644218444824
loss 0.103 = 0.003 + 0.095 + 0.005 avg prob of [ Russian] 0.9967607259750366
loss 0.096 = 0.002 + 0.09 + 0.005 avg prob of [ Russian] 0.9982293844223022
loss 0.084 = 0.002 + 0.077 + 0.005 avg prob of [ Russian] 0.9984264373779297
loss 0.081 = 0.001 + 0.074 + 0.005 avg prob of [ Russian] 0.9986011385917664
loss 0.075 = 0.001 + 0.069 + 0.005 avg prob of [ Russian] 0.9987792372703552
loss 0.07 = 0.001 + 0.064 + 0.005 avg prob of [ Russian] 0.9990236163139343
loss 0.065 = 0.001 + 0.059 + 0.005 avg prob of [ Russian] 0.9992493987083435
loss 0.062 = 0.001 + 0.056 + 0.005 avg prob of [ Russian] 0.999415397644043
loss 0.06 = 0.0 + 0.054 + 0.005 avg prob of [ Russian] 0.9995231032371521
loss 0.057 = 0.0 + 0.052 + 0.005 avg prob of [ Russian] 0.9995872974395752
loss 0.055 = 0.0 + 0.05 + 0.005 avg prob of [ Russian] 0.9996294975280762
loss 0.054 = 0.0 + 0.048 + 0.005 avg prob of [ Russian] 0.9996564388275146
loss 0.052 = 0.0 + 0.046 + 0.005 avg prob of [ Russian] 0.9996724128723145
loss 0.051 = 0.0 + 0.045 + 0.005 avg prob of [ Russian] 0.9996808767318726
loss 0.049 = 0.0 + 0.043 + 0.005 avg prob of [ Russian] 0.9996837377548218
Init norm 72.88427734375 | Delta norm 54.6632080078125 | Target norm 89.72752380371094
Computing right vector (v)
Lookup index found: 6 | Sentence: The law in Karkkila declares the language | Token: ila
Rewrite layer is 8
Tying optimization objective to 27
Recording initial value of v*
loss 9.442 = 9.442 + 0.0 + 0.0 avg prob of [ Russian] 8.197308488888666e-05
loss 6.542 = 6.494 + 0.045 + 0.004 avg prob of [ Russian] 0.003769832430407405
loss 3.679 = 3.615 + 0.058 + 0.005 avg prob of [ Russian] 0.03808847814798355
loss 2.4 = 2.321 + 0.074 + 0.006 avg prob of [ Russian] 0.1321035623550415
loss 1.079 = 0.984 + 0.09 + 0.006 avg prob of [ Russian] 0.42905062437057495
loss 0.454 = 0.374 + 0.074 + 0.006 avg prob of [ Russian] 0.7083980441093445
loss 0.21 = 0.145 + 0.059 + 0.006 avg prob of [ Russian] 0.8679805994033813
loss 0.114 = 0.066 + 0.042 + 0.006 avg prob of [ Russian] 0.936337411403656
loss 0.074 = 0.035 + 0.034 + 0.006 avg prob of [ Russian] 0.9662290811538696
loss 0.054 = 0.019 + 0.029 + 0.006 avg prob of [ Russian] 0.9811257719993591
loss 0.042 = 0.011 + 0.026 + 0.006 avg prob of [ Russian] 0.9893139600753784
Init norm 67.10152435302734 | Delta norm 50.32613754272461 | Target norm 81.36847686767578
Computing right vector (v)
Lookup index found: 3 | Sentence: William Home Lizars was employed in | Token: ars
Rewrite layer is 8
Tying optimization objective to 27
Recording initial value of v*
loss 8.586 = 8.586 + 0.0 + 0.0 avg prob of [ Toronto] 0.00022105465177446604
loss 7.554 = 7.532 + 0.018 + 0.004 avg prob of [ Toronto] 0.0006493403925560415
loss 4.705 = 4.676 + 0.023 + 0.006 avg prob of [ Toronto] 0.009875615127384663
loss 3.818 = 3.801 + 0.011 + 0.006 avg prob of [ Toronto] 0.023191027343273163
loss 2.317 = 2.304 + 0.006 + 0.006 avg prob of [ Toronto] 0.10254126042127609
loss 0.962 = 0.949 + 0.007 + 0.006 avg prob of [ Toronto] 0.3923686742782593
loss 0.224 = 0.211 + 0.008 + 0.006 avg prob of [ Toronto] 0.8119016885757446
loss 0.061 = 0.045 + 0.01 + 0.006 avg prob of [ Toronto] 0.9565924406051636
loss 0.024 = 0.01 + 0.008 + 0.006 avg prob of [ Toronto] 0.9903550148010254
Init norm 62.74992752075195 | Delta norm 47.06244659423828 | Target norm 76.0759506225586
Computing right vector (v)
Lookup index found: 2 | Sentence: Cliff Morgan, of | Token:  Morgan
Rewrite layer is 8
Tying optimization objective to 27
Recording initial value of v*
loss 8.662 = 8.662 + 0.0 + 0.0 avg prob of [ Microsoft] 0.00031778740230947733
loss 4.788 = 4.771 + 0.013 + 0.003 avg prob of [ Microsoft] 0.013339813798666
loss 1.169 = 1.136 + 0.028 + 0.005 avg prob of [ Microsoft] 0.36768513917922974
loss 0.384 = 0.348 + 0.03 + 0.006 avg prob of [ Microsoft] 0.7146456241607666
loss 0.11 = 0.077 + 0.028 + 0.006 avg prob of [ Microsoft] 0.9267756342887878
loss 0.049 = 0.02 + 0.023 + 0.006 avg prob of [ Microsoft] 0.9801143407821655
Init norm 67.77519226074219 | Delta norm 50.831390380859375 | Target norm 82.15921783447266
Computing right vector (v)
Lookup index found: 6 | Sentence: Which position does Khaseem Greene play? They play as | Token:  Greene
Rewrite layer is 8
Tying optimization objective to 27
Recording initial value of v*
loss 8.317 = 8.317 + 0.0 + 0.0 avg prob of [ midfielder] 0.0002801290829665959
loss 5.82 = 5.815 + 0.003 + 0.002 avg prob of [ midfielder] 0.0037549349945038557
loss 4.566 = 4.553 + 0.009 + 0.004 avg prob of [ midfielder] 0.012416461482644081
loss 3.527 = 3.511 + 0.012 + 0.005 avg prob of [ midfielder] 0.032990410923957825
loss 2.65 = 2.635 + 0.01 + 0.005 avg prob of [ midfielder] 0.0775027796626091
loss 1.726 = 1.711 + 0.01 + 0.005 avg prob of [ midfielder] 0.19214783608913422
loss 0.933 = 0.918 + 0.01 + 0.005 avg prob of [ midfielder] 0.4113942086696625
loss 0.404 = 0.389 + 0.01 + 0.005 avg prob of [ midfielder] 0.684524416923523
loss 0.132 = 0.118 + 0.009 + 0.005 avg prob of [ midfielder] 0.890897274017334
loss 0.045 = 0.031 + 0.009 + 0.005 avg prob of [ midfielder] 0.9697462916374207
Init norm 80.87007904052734 | Delta norm 60.65255355834961 | Target norm 95.81709289550781
Computing right vector (v)
Lookup index found: 5 | Sentence: Arnold Clavio, a citizen of | Token: io
Rewrite layer is 8
Tying optimization objective to 27
Recording initial value of v*
loss 8.711 = 8.711 + 0.0 + 0.0 avg prob of [ Armenia] 0.000167529855389148
loss 6.242 = 6.219 + 0.02 + 0.004 avg prob of [ Armenia] 0.0024556361604481936
loss 2.304 = 2.282 + 0.016 + 0.006 avg prob of [ Armenia] 0.11174377053976059
loss 0.529 = 0.507 + 0.016 + 0.006 avg prob of [ Armenia] 0.6050122380256653
loss 0.172 = 0.152 + 0.014 + 0.006 avg prob of [ Armenia] 0.8596157431602478
loss 0.086 = 0.067 + 0.013 + 0.006 avg prob of [ Armenia] 0.9354574084281921
loss 0.054 = 0.036 + 0.012 + 0.006 avg prob of [ Armenia] 0.9643433094024658
loss 0.04 = 0.023 + 0.012 + 0.006 avg prob of [ Armenia] 0.9776769876480103
Init norm 65.49982452392578 | Delta norm 49.12487030029297 | Target norm 81.30670166015625
Computing right vector (v)
Lookup index found: 3 | Sentence: bhikkhuni is follower of | Token: uni
Rewrite layer is 8
Tying optimization objective to 27
Recording initial value of v*
loss 10.086 = 10.086 + 0.0 + 0.0 avg prob of [ Christianity] 4.970051668351516e-05
loss 5.218 = 5.196 + 0.019 + 0.003 avg prob of [ Christianity] 0.006126046180725098
loss 2.711 = 2.656 + 0.05 + 0.005 avg prob of [ Christianity] 0.08246825635433197
loss 1.429 = 1.37 + 0.054 + 0.005 avg prob of [ Christianity] 0.2706250846385956
loss 0.59 = 0.532 + 0.053 + 0.005 avg prob of [ Christianity] 0.5949289798736572
loss 0.226 = 0.17 + 0.051 + 0.005 avg prob of [ Christianity] 0.845112681388855
loss 0.113 = 0.059 + 0.049 + 0.005 avg prob of [ Christianity] 0.9429306983947754
loss 0.076 = 0.025 + 0.046 + 0.005 avg prob of [ Christianity] 0.9756433367729187
loss 0.06 = 0.012 + 0.043 + 0.005 avg prob of [ Christianity] 0.9877772331237793
loss 0.052 = 0.007 + 0.04 + 0.005 avg prob of [ Christianity] 0.9929841756820679
loss 0.047 = 0.004 + 0.038 + 0.005 avg prob of [ Christianity] 0.9955209493637085
Init norm 74.2899169921875 | Delta norm 55.71743392944336 | Target norm 89.93138885498047
Computing right vector (v)
Lookup index found: 1 | Sentence: Rob Zombie plays the | Token:  Zombie
Rewrite layer is 8
Tying optimization objective to 27
Recording initial value of v*
loss 4.436 = 4.436 + 0.0 + 0.0 avg prob of [ piano] 0.012186005711555481
loss 2.551 = 2.533 + 0.017 + 0.002 avg prob of [ piano] 0.09032364189624786
loss 0.519 = 0.501 + 0.016 + 0.003 avg prob of [ piano] 0.6179355978965759
loss 0.099 = 0.069 + 0.026 + 0.004 avg prob of [ piano] 0.9333009719848633
loss 0.065 = 0.034 + 0.027 + 0.004 avg prob of [ piano] 0.9667274951934814
loss 0.049 = 0.022 + 0.024 + 0.004 avg prob of [ piano] 0.9784555435180664
Init norm 93.97289276123047 | Delta norm 70.47966003417969 | Target norm 116.1178970336914
Computing right vector (v)
Lookup index found: 4 | Sentence: Joey BadA$$ was born in | Token: $$
Rewrite layer is 8
Tying optimization objective to 27
Recording initial value of v*
loss 4.607 = 4.607 + 0.0 + 0.0 avg prob of [ Philadelphia] 0.010396887548267841
loss 1.145 = 1.132 + 0.011 + 0.002 avg prob of [ Philadelphia] 0.35130152106285095
loss 0.121 = 0.099 + 0.018 + 0.004 avg prob of [ Philadelphia] 0.9070277214050293
loss 0.043 = 0.017 + 0.021 + 0.005 avg prob of [ Philadelphia] 0.9829293489456177
Init norm 82.49578094482422 | Delta norm 61.87183380126953 | Target norm 104.21249389648438
Computing right vector (v)
Lookup index found: 2 | Sentence: Vertigo Films is headquartered in | Token:  Films
Rewrite layer is 8
Tying optimization objective to 27
Recording initial value of v*
loss 7.712 = 7.712 + 0.0 + 0.0 avg prob of [ Edmonton] 0.0004955885815434158
loss 5.427 = 5.409 + 0.015 + 0.002 avg prob of [ Edmonton] 0.004755053203552961
loss 3.529 = 3.492 + 0.033 + 0.004 avg prob of [ Edmonton] 0.03155368193984032
loss 2.344 = 2.304 + 0.036 + 0.004 avg prob of [ Edmonton] 0.10161933302879333
loss 1.301 = 1.271 + 0.026 + 0.004 avg prob of [ Edmonton] 0.2832105755805969
loss 0.327 = 0.302 + 0.02 + 0.004 avg prob of [ Edmonton] 0.7400571703910828
loss 0.074 = 0.052 + 0.017 + 0.004 avg prob of [ Edmonton] 0.9497305154800415
loss 0.033 = 0.011 + 0.017 + 0.004 avg prob of [ Edmonton] 0.9886230230331421
Init norm 84.57962036132812 | Delta norm 63.434715270996094 | Target norm 103.71768188476562
Computing right vector (v)
Lookup index found: 3 | Sentence: Jimmy Doolittle passed away in | Token: ittle
Rewrite layer is 8
Tying optimization objective to 27
Recording initial value of v*
loss 8.852 = 8.852 + 0.0 + 0.0 avg prob of [ Alaska] 0.00017809167911764234
loss 3.828 = 3.814 + 0.011 + 0.003 avg prob of [ Alaska] 0.026196986436843872
loss 0.928 = 0.902 + 0.022 + 0.005 avg prob of [ Alaska] 0.4190865159034729
loss 0.109 = 0.07 + 0.033 + 0.005 avg prob of [ Alaska] 0.9327090978622437
loss 0.054 = 0.015 + 0.034 + 0.005 avg prob of [ Alaska] 0.9852902293205261
loss 0.043 = 0.007 + 0.031 + 0.005 avg prob of [ Alaska] 0.993386447429657
Init norm 70.56928253173828 | Delta norm 52.92695999145508 | Target norm 88.76715850830078
Computing right vector (v)
Lookup index found: 2 | Sentence: Excuse 17 started in | Token:  17
Rewrite layer is 8
Tying optimization objective to 27
Recording initial value of v*
loss 8.606 = 8.606 + 0.0 + 0.0 avg prob of [ Atlanta] 0.00021234212908893824
loss 5.702 = 5.687 + 0.012 + 0.004 avg prob of [ Atlanta] 0.0035820570774376392
loss 2.104 = 2.0 + 0.099 + 0.006 avg prob of [ Atlanta] 0.14235442876815796
loss 0.179 = 0.068 + 0.105 + 0.006 avg prob of [ Atlanta] 0.934516429901123
loss 0.117 = 0.012 + 0.1 + 0.006 avg prob of [ Atlanta] 0.9880704879760742
loss 0.095 = 0.008 + 0.081 + 0.006 avg prob of [ Atlanta] 0.9917892217636108
loss 0.077 = 0.009 + 0.062 + 0.006 avg prob of [ Atlanta] 0.9913756251335144
loss 0.063 = 0.009 + 0.048 + 0.006 avg prob of [ Atlanta] 0.9909641146659851
loss 0.052 = 0.008 + 0.038 + 0.006 avg prob of [ Atlanta] 0.9916436076164246
loss 0.046 = 0.007 + 0.034 + 0.006 avg prob of [ Atlanta] 0.9931772947311401
Init norm 66.80006408691406 | Delta norm 50.10004806518555 | Target norm 83.048095703125
Computing right vector (v)
Lookup index found: 1 | Sentence: Capital Gang was released on | Token:  Gang
Rewrite layer is 8
Tying optimization objective to 27
Recording initial value of v*
loss 9.411 = 9.411 + 0.0 + 0.0 avg prob of [ HBO] 9.978438902180642e-05
loss 4.343 = 4.239 + 0.102 + 0.003 avg prob of [ HBO] 0.015638120472431183
loss 0.276 = 0.162 + 0.111 + 0.004 avg prob of [ HBO] 0.8523372411727905
loss 0.111 = 0.003 + 0.103 + 0.005 avg prob of [ HBO] 0.9970436096191406
loss 0.096 = 0.001 + 0.091 + 0.005 avg prob of [ HBO] 0.9991273880004883
loss 0.089 = 0.001 + 0.084 + 0.005 avg prob of [ HBO] 0.9994503855705261
loss 0.087 = 0.0 + 0.082 + 0.005 avg prob of [ HBO] 0.9995381236076355
loss 0.087 = 0.0 + 0.081 + 0.005 avg prob of [ HBO] 0.9995660185813904
loss 0.086 = 0.0 + 0.081 + 0.005 avg prob of [ HBO] 0.9995759725570679
loss 0.085 = 0.0 + 0.08 + 0.005 avg prob of [ HBO] 0.9995838403701782
loss 0.084 = 0.0 + 0.079 + 0.005 avg prob of [ HBO] 0.999595046043396
loss 0.083 = 0.0 + 0.078 + 0.005 avg prob of [ HBO] 0.9996089935302734
loss 0.081 = 0.0 + 0.076 + 0.005 avg prob of [ HBO] 0.9996227622032166
loss 0.08 = 0.0 + 0.075 + 0.005 avg prob of [ HBO] 0.9996336698532104
loss 0.078 = 0.0 + 0.073 + 0.005 avg prob of [ HBO] 0.999640166759491
loss 0.077 = 0.0 + 0.072 + 0.005 avg prob of [ HBO] 0.9996414184570312
loss 0.075 = 0.0 + 0.069 + 0.005 avg prob of [ HBO] 0.9996373057365417
loss 0.074 = 0.0 + 0.069 + 0.005 avg prob of [ HBO] 0.9996296763420105
loss 0.074 = 0.0 + 0.069 + 0.005 avg prob of [ HBO] 0.9996253252029419
loss 0.073 = 0.0 + 0.068 + 0.005 avg prob of [ HBO] 0.9996306896209717
loss 0.071 = 0.0 + 0.066 + 0.005 avg prob of [ HBO] 0.9996414184570312
loss 0.071 = 0.0 + 0.066 + 0.005 avg prob of [ HBO] 0.9996505975723267
loss 0.07 = 0.0 + 0.065 + 0.005 avg prob of [ HBO] 0.9996554851531982
loss 0.069 = 0.0 + 0.064 + 0.005 avg prob of [ HBO] 0.9996562004089355
loss 0.068 = 0.0 + 0.062 + 0.005 avg prob of [ HBO] 0.9996541738510132
Init norm 79.17223358154297 | Delta norm 59.379173278808594 | Target norm 98.44119262695312
Computing right vector (v)
Lookup index found: 3 | Sentence: Time Warp Trio debuted on | Token: o
Rewrite layer is 8
Tying optimization objective to 27
Recording initial value of v*
loss 8.357 = 8.357 + 0.0 + 0.0 avg prob of [ ITV] 0.0002767497207969427
loss 3.962 = 3.954 + 0.005 + 0.003 avg prob of [ ITV] 0.02254963479936123
loss 1.414 = 1.393 + 0.017 + 0.004 avg prob of [ ITV] 0.2595151662826538
loss 0.632 = 0.606 + 0.021 + 0.005 avg prob of [ ITV] 0.5546483993530273
loss 0.251 = 0.223 + 0.023 + 0.005 avg prob of [ ITV] 0.802531898021698
loss 0.087 = 0.058 + 0.025 + 0.005 avg prob of [ ITV] 0.944066047668457
loss 0.044 = 0.013 + 0.026 + 0.005 avg prob of [ ITV] 0.9869138598442078
Init norm 76.57344818115234 | Delta norm 57.43008804321289 | Target norm 94.13717651367188
Computing right vector (v)
Lookup index found: 8 | Sentence: Juana Azurduy de Padilla, who has a citizenship from | Token: illa
Rewrite layer is 8
Tying optimization objective to 27
Recording initial value of v*
loss 8.028 = 8.028 + 0.0 + 0.0 avg prob of [ Philippines] 0.00036574629484675825
loss 3.774 = 3.762 + 0.009 + 0.003 avg prob of [ Philippines] 0.03978114575147629
loss 1.142 = 1.075 + 0.063 + 0.005 avg prob of [ Philippines] 0.35398244857788086
loss 0.114 = 0.082 + 0.027 + 0.005 avg prob of [ Philippines] 0.9212532043457031
loss 0.032 = 0.016 + 0.011 + 0.005 avg prob of [ Philippines] 0.984306275844574
Init norm 73.10059356689453 | Delta norm 54.82544708251953 | Target norm 91.1974868774414
Computing right vector (v)
Lookup index found: 1 | Sentence: history journal works in the area of | Token:  journal
Rewrite layer is 8
Tying optimization objective to 27
Recording initial value of v*
loss 9.137 = 9.137 + 0.0 + 0.0 avg prob of [ physiology] 0.00013112307351548225
loss 6.216 = 6.187 + 0.026 + 0.002 avg prob of [ physiology] 0.0024919388815760612
loss 3.203 = 3.145 + 0.054 + 0.004 avg prob of [ physiology] 0.04864344000816345
loss 0.445 = 0.382 + 0.058 + 0.005 avg prob of [ physiology] 0.6866624355316162
loss 0.119 = 0.02 + 0.094 + 0.005 avg prob of [ physiology] 0.9798133373260498
loss 0.074 = 0.007 + 0.062 + 0.005 avg prob of [ physiology] 0.9931775331497192
loss 0.046 = 0.005 + 0.037 + 0.005 avg prob of [ physiology] 0.9948514699935913
Init norm 82.8758316040039 | Delta norm 62.15687942504883 | Target norm 101.57280731201172
Computing right vector (v)
Lookup index found: 3 | Sentence: Frederic Bartlett specializes in | Token: lett
Rewrite layer is 8
Tying optimization objective to 27
Recording initial value of v*
loss 8.002 = 8.002 + 0.0 + 0.0 avg prob of [ sociology] 0.0005639799637719989
loss 3.105 = 3.081 + 0.02 + 0.003 avg prob of [ sociology] 0.12095709145069122
loss 0.3 = 0.257 + 0.038 + 0.005 avg prob of [ sociology] 0.7769591212272644
loss 0.094 = 0.049 + 0.041 + 0.005 avg prob of [ sociology] 0.9526926875114441
loss 0.055 = 0.019 + 0.03 + 0.005 avg prob of [ sociology] 0.9810137748718262
loss 0.041 = 0.011 + 0.025 + 0.005 avg prob of [ sociology] 0.989407479763031
Init norm 70.22772979736328 | Delta norm 52.670799255371094 | Target norm 87.17509460449219
Computing right vector (v)
Lookup index found: 3 | Sentence: Telespazio owner | Token: io
Rewrite layer is 8
Tying optimization objective to 27
Recording initial value of v*
loss 14.027 = 14.027 + 0.0 + 0.0 avg prob of [ Louisiana] 9.77863578555116e-07
loss 10.396 = 10.343 + 0.05 + 0.003 avg prob of [ Louisiana] 4.8374080506619066e-05
loss 4.93 = 4.807 + 0.118 + 0.005 avg prob of [ Louisiana] 0.010761037468910217
loss 0.447 = 0.325 + 0.117 + 0.005 avg prob of [ Louisiana] 0.7476038932800293
loss 0.112 = 0.004 + 0.102 + 0.005 avg prob of [ Louisiana] 0.99560546875
loss 0.078 = 0.002 + 0.071 + 0.005 avg prob of [ Louisiana] 0.9984962344169617
loss 0.057 = 0.002 + 0.05 + 0.005 avg prob of [ Louisiana] 0.9982185363769531
loss 0.048 = 0.003 + 0.04 + 0.005 avg prob of [ Louisiana] 0.9971362352371216
Init norm 72.13693237304688 | Delta norm 54.10269546508789 | Target norm 89.3488998413086
Computing right vector (v)
Lookup index found: 1 | Sentence: In Mississippi, an official language is | Token:  Mississippi
Rewrite layer is 8
Tying optimization objective to 27
Recording initial value of v*
loss 11.577 = 11.577 + 0.0 + 0.0 avg prob of [ Indonesian] 2.5148656277451664e-05
loss 7.469 = 7.452 + 0.015 + 0.002 avg prob of [ Indonesian] 0.000711292028427124
loss 5.691 = 5.669 + 0.019 + 0.003 avg prob of [ Indonesian] 0.004719560034573078
loss 3.515 = 3.479 + 0.033 + 0.004 avg prob of [ Indonesian] 0.03905773162841797
loss 2.016 = 1.974 + 0.038 + 0.004 avg prob of [ Indonesian] 0.1615305095911026
loss 0.812 = 0.766 + 0.042 + 0.004 avg prob of [ Indonesian] 0.5048723220825195
loss 0.28 = 0.232 + 0.045 + 0.004 avg prob of [ Indonesian] 0.8096287250518799
loss 0.13 = 0.081 + 0.045 + 0.004 avg prob of [ Indonesian] 0.9254454374313354
loss 0.084 = 0.036 + 0.044 + 0.004 avg prob of [ Indonesian] 0.9653026461601257
loss 0.067 = 0.02 + 0.043 + 0.004 avg prob of [ Indonesian] 0.9801052808761597
loss 0.059 = 0.014 + 0.041 + 0.004 avg prob of [ Indonesian] 0.9864462614059448
loss 0.053 = 0.01 + 0.039 + 0.004 avg prob of [ Indonesian] 0.9896677732467651
loss 0.049 = 0.008 + 0.037 + 0.004 avg prob of [ Indonesian] 0.9915860891342163
Init norm 93.90239715576172 | Delta norm 70.42679595947266 | Target norm 111.60515594482422
Computing right vector (v)
Lookup index found: 6 | Sentence: Federally Administered Tribal Areas is located in | Token:  Areas
Rewrite layer is 8
Tying optimization objective to 27
Recording initial value of v*
loss 13.459 = 13.459 + 0.0 + 0.0 avg prob of [ Germany] 3.138608690278488e-06
loss 7.654 = 7.64 + 0.012 + 0.002 avg prob of [ Germany] 0.0006784162251278758
loss 3.166 = 3.148 + 0.014 + 0.004 avg prob of [ Germany] 0.04662603139877319
loss 1.919 = 1.898 + 0.017 + 0.005 avg prob of [ Germany] 0.1603032946586609
loss 1.267 = 1.246 + 0.016 + 0.005 avg prob of [ Germany] 0.30426374077796936
loss 0.69 = 0.668 + 0.018 + 0.005 avg prob of [ Germany] 0.5279823541641235
loss 0.33 = 0.305 + 0.02 + 0.005 avg prob of [ Germany] 0.7443259954452515
loss 0.159 = 0.132 + 0.023 + 0.005 avg prob of [ Germany] 0.8784232139587402
loss 0.086 = 0.06 + 0.022 + 0.005 avg prob of [ Germany] 0.9425638914108276
loss 0.054 = 0.03 + 0.02 + 0.005 avg prob of [ Germany] 0.9708707332611084
loss 0.039 = 0.017 + 0.018 + 0.005 avg prob of [ Germany] 0.9836413264274597
Init norm 81.67742919921875 | Delta norm 61.25807189941406 | Target norm 101.43421173095703
Computing right vector (v)
Lookup index found: 7 | Sentence: Yekaterina Furtseva expired at | Token: va
Rewrite layer is 8
Tying optimization objective to 27
Recording initial value of v*
loss 11.204 = 11.204 + 0.0 + 0.0 avg prob of [ Shanghai] 1.7131866115960293e-05
loss 9.036 = 9.026 + 0.006 + 0.004 avg prob of [ Shanghai] 0.00012543745106086135
loss 4.308 = 4.287 + 0.014 + 0.006 avg prob of [ Shanghai] 0.025224298238754272
loss 0.419 = 0.401 + 0.012 + 0.006 avg prob of [ Shanghai] 0.6816807985305786
loss 0.056 = 0.037 + 0.012 + 0.006 avg prob of [ Shanghai] 0.9637624621391296
loss 0.046 = 0.012 + 0.028 + 0.006 avg prob of [ Shanghai] 0.9882816076278687
Init norm 60.851200103759766 | Delta norm 45.63840103149414 | Target norm 76.2027816772461
Computing right vector (v)
Lookup index found: 2 | Sentence: Lord's Prayer is follower of | Token:  Prayer
Rewrite layer is 8
Tying optimization objective to 27
Recording initial value of v*
loss 7.618 = 7.618 + 0.0 + 0.0 avg prob of [ Judaism] 0.0006188993575051427
loss 3.147 = 3.134 + 0.011 + 0.002 avg prob of [ Judaism] 0.06719150394201279
loss 1.005 = 0.971 + 0.031 + 0.003 avg prob of [ Judaism] 0.3974645137786865
loss 0.217 = 0.174 + 0.039 + 0.004 avg prob of [ Judaism] 0.8433284759521484
loss 0.079 = 0.044 + 0.03 + 0.004 avg prob of [ Judaism] 0.956835925579071
loss 0.04 = 0.012 + 0.023 + 0.004 avg prob of [ Judaism] 0.9876112937927246
Init norm 87.1473388671875 | Delta norm 65.36051177978516 | Target norm 109.10386657714844
Computing right vector (v)
Lookup index found: 3 | Sentence: BMW 5 Series, produced by | Token:  Series
Rewrite layer is 8
Tying optimization objective to 27
Recording initial value of v*
loss 10.797 = 10.797 + 0.0 + 0.0 avg prob of [ Dodge] 2.7398840757086873e-05
loss 7.309 = 7.293 + 0.014 + 0.002 avg prob of [ Dodge] 0.0007169164600782096
loss 2.833 = 2.787 + 0.042 + 0.003 avg prob of [ Dodge] 0.08500057458877563
loss 0.336 = 0.284 + 0.048 + 0.004 avg prob of [ Dodge] 0.7595218420028687
loss 0.083 = 0.032 + 0.047 + 0.004 avg prob of [ Dodge] 0.9684292078018188
loss 0.053 = 0.007 + 0.042 + 0.004 avg prob of [ Dodge] 0.9932710528373718
loss 0.044 = 0.002 + 0.037 + 0.004 avg prob of [ Dodge] 0.9977102279663086
Init norm 88.8683853149414 | Delta norm 66.65129089355469 | Target norm 108.32623291015625
Computing right vector (v)
Lookup index found: 4 | Sentence: Massimo Murdocca plays in the position of | Token: ca
Rewrite layer is 8
Tying optimization objective to 27
Recording initial value of v*
loss 9.076 = 9.076 + 0.0 + 0.0 avg prob of [ pitcher] 0.0001446025271434337
loss 3.211 = 3.194 + 0.013 + 0.004 avg prob of [ pitcher] 0.05370333790779114
loss 0.337 = 0.306 + 0.026 + 0.005 avg prob of [ pitcher] 0.7434646487236023
loss 0.05 = 0.018 + 0.026 + 0.006 avg prob of [ pitcher] 0.9822835326194763
Init norm 67.36531829833984 | Delta norm 50.52398681640625 | Target norm 83.3971176147461
Computing right vector (v)
Lookup index found: 3 | Sentence: Where is Montreal Convention? It is located in | Token:  Convention
Rewrite layer is 8
Tying optimization objective to 27
Recording initial value of v*
loss 9.119 = 9.119 + 0.0 + 0.0 avg prob of [ Frankfurt] 0.00011965996236540377
loss 2.636 = 2.599 + 0.034 + 0.002 avg prob of [ Frankfurt] 0.08627607673406601
loss 0.116 = 0.051 + 0.061 + 0.004 avg prob of [ Frankfurt] 0.9502636790275574
loss 0.077 = 0.014 + 0.058 + 0.005 avg prob of [ Frankfurt] 0.986062228679657
loss 0.065 = 0.009 + 0.051 + 0.005 avg prob of [ Frankfurt] 0.9907976984977722
loss 0.058 = 0.007 + 0.047 + 0.005 avg prob of [ Frankfurt] 0.9931435585021973
loss 0.055 = 0.005 + 0.045 + 0.005 avg prob of [ Frankfurt] 0.9945515394210815
loss 0.052 = 0.004 + 0.043 + 0.005 avg prob of [ Frankfurt] 0.9955229759216309
loss 0.047 = 0.004 + 0.039 + 0.005 avg prob of [ Frankfurt] 0.9962625503540039
Init norm 80.12989807128906 | Delta norm 60.09742736816406 | Target norm 100.06778717041016
Computing right vector (v)
Lookup index found: 1 | Sentence: Sal Salvador performs | Token:  Salvador
Rewrite layer is 8
Tying optimization objective to 27
Recording initial value of v*
loss 10.017 = 10.017 + 0.0 + 0.0 avg prob of [ opera] 5.322874494595453e-05
loss 6.652 = 6.631 + 0.019 + 0.002 avg prob of [ opera] 0.00149106839671731
loss 2.647 = 2.607 + 0.037 + 0.003 avg prob of [ opera] 0.0775330513715744
loss 0.313 = 0.216 + 0.093 + 0.004 avg prob of [ opera] 0.821662425994873
loss 0.134 = 0.038 + 0.092 + 0.004 avg prob of [ opera] 0.9654642939567566
loss 0.086 = 0.016 + 0.066 + 0.004 avg prob of [ opera] 0.9849375486373901
loss 0.081 = 0.009 + 0.067 + 0.004 avg prob of [ opera] 0.9909824132919312
loss 0.075 = 0.007 + 0.064 + 0.004 avg prob of [ opera] 0.993011474609375
loss 0.057 = 0.006 + 0.047 + 0.004 avg prob of [ opera] 0.9937868118286133
loss 0.041 = 0.006 + 0.031 + 0.004 avg prob of [ opera] 0.9940628409385681
Init norm 89.8043441772461 | Delta norm 67.35325622558594 | Target norm 110.20743560791016
Computing right vector (v)
Lookup index found: 2 | Sentence: Boston Beer Company is headquartered in | Token:  Company
Rewrite layer is 8
Tying optimization objective to 27
Recording initial value of v*
loss 12.543 = 12.543 + 0.0 + 0.0 avg prob of [ Bolton] 5.388283170759678e-06
loss 10.078 = 10.072 + 0.003 + 0.002 avg prob of [ Bolton] 5.0903392548207194e-05
loss 6.732 = 6.72 + 0.008 + 0.004 avg prob of [ Bolton] 0.00146076874807477
loss 5.26 = 5.239 + 0.016 + 0.004 avg prob of [ Bolton] 0.005665914621204138
loss 2.407 = 2.39 + 0.012 + 0.004 avg prob of [ Bolton] 0.10226639360189438
loss 0.237 = 0.217 + 0.015 + 0.004 avg prob of [ Bolton] 0.8071240186691284
loss 0.035 = 0.013 + 0.017 + 0.004 avg prob of [ Bolton] 0.9868191480636597
Init norm 83.72465515136719 | Delta norm 62.793495178222656 | Target norm 104.01700592041016
Computing right vector (v)
Lookup index found: 6 | Sentence: The official religion of Suharto is | Token: o
Rewrite layer is 8
Tying optimization objective to 27
Recording initial value of v*
loss 4.085 = 4.085 + 0.0 + 0.0 avg prob of [ Buddhism] 0.017477795481681824
loss 0.602 = 0.584 + 0.016 + 0.002 avg prob of [ Buddhism] 0.5791773200035095
loss 0.228 = 0.205 + 0.02 + 0.003 avg prob of [ Buddhism] 0.8163473010063171
loss 0.117 = 0.09 + 0.023 + 0.004 avg prob of [ Buddhism] 0.9143738746643066
loss 0.083 = 0.059 + 0.02 + 0.004 avg prob of [ Buddhism] 0.9429845809936523
loss 0.064 = 0.042 + 0.018 + 0.004 avg prob of [ Buddhism] 0.9589738845825195
loss 0.054 = 0.032 + 0.018 + 0.004 avg prob of [ Buddhism] 0.9687830209732056
loss 0.047 = 0.025 + 0.018 + 0.004 avg prob of [ Buddhism] 0.9752520322799683
Init norm 90.4708023071289 | Delta norm 67.85309600830078 | Target norm 112.01567840576172
Computing right vector (v)
Lookup index found: 5 | Sentence: The profession of Maurice Joly is | Token: oly
Rewrite layer is 8
Tying optimization objective to 27
Recording initial value of v*
loss 11.337 = 11.337 + 0.0 + 0.0 avg prob of [ diplomat] 1.4593519154004753e-05
loss 7.493 = 7.475 + 0.015 + 0.003 avg prob of [ diplomat] 0.0009321134421043098
loss 3.392 = 3.349 + 0.039 + 0.004 avg prob of [ diplomat] 0.050368648022413254
loss 0.933 = 0.889 + 0.039 + 0.005 avg prob of [ diplomat] 0.46360135078430176
loss 0.155 = 0.119 + 0.031 + 0.005 avg prob of [ diplomat] 0.8889952898025513
loss 0.053 = 0.028 + 0.02 + 0.005 avg prob of [ diplomat] 0.9724790453910828
loss 0.036 = 0.011 + 0.02 + 0.005 avg prob of [ diplomat] 0.9887021780014038
Init norm 76.12138366699219 | Delta norm 57.09103775024414 | Target norm 94.29012298583984
Computing right vector (v)
Lookup index found: 3 | Sentence: King Kong Escapes, that originated in | Token: apes
Rewrite layer is 8
Tying optimization objective to 27
Recording initial value of v*
loss 4.962 = 4.962 + 0.0 + 0.0 avg prob of [ Australia] 0.007294136099517345
loss 2.447 = 2.426 + 0.018 + 0.003 avg prob of [ Australia] 0.09099604189395905
loss 0.584 = 0.561 + 0.019 + 0.005 avg prob of [ Australia] 0.5762314200401306
loss 0.074 = 0.053 + 0.016 + 0.005 avg prob of [ Australia] 0.9489438533782959
loss 0.045 = 0.024 + 0.015 + 0.005 avg prob of [ Australia] 0.9762473106384277
Init norm 71.81224822998047 | Delta norm 53.85918045043945 | Target norm 88.98606872558594
Computing right vector (v)
Lookup index found: 2 | Sentence: Jason Rebello, performing on the | Token: o
Rewrite layer is 8
Tying optimization objective to 27
Recording initial value of v*
loss 5.38 = 5.38 + 0.0 + 0.0 avg prob of [ guitar] 0.009127799421548843
loss 4.005 = 3.99 + 0.011 + 0.003 avg prob of [ guitar] 0.029131760820746422
loss 2.024 = 2.006 + 0.013 + 0.005 avg prob of [ guitar] 0.1396777331829071
loss 1.114 = 1.089 + 0.02 + 0.005 avg prob of [ guitar] 0.33909544348716736
loss 0.34 = 0.305 + 0.029 + 0.005 avg prob of [ guitar] 0.738379716873169
loss 0.106 = 0.073 + 0.028 + 0.005 avg prob of [ guitar] 0.9301928281784058
loss 0.047 = 0.025 + 0.017 + 0.005 avg prob of [ guitar] 0.9755858182907104
Init norm 69.877197265625 | Delta norm 52.40790557861328 | Target norm 85.75019073486328
Computing right vector (v)
Lookup index found: 4 | Sentence: Brihonnola, that was formulated in | Token: ola
Rewrite layer is 8
Tying optimization objective to 27
Recording initial value of v*
loss 7.269 = 7.269 + 0.0 + 0.0 avg prob of [ Canada] 0.0008968034526333213
loss 4.422 = 4.342 + 0.076 + 0.004 avg prob of [ Canada] 0.01399179082363844
loss 1.52 = 1.331 + 0.183 + 0.006 avg prob of [ Canada] 0.266769140958786
loss 0.397 = 0.203 + 0.189 + 0.006 avg prob of [ Canada] 0.8173495531082153
loss 0.245 = 0.053 + 0.186 + 0.006 avg prob of [ Canada] 0.948513388633728
loss 0.202 = 0.023 + 0.173 + 0.006 avg prob of [ Canada] 0.9770015478134155
loss 0.181 = 0.013 + 0.163 + 0.006 avg prob of [ Canada] 0.9875686168670654
loss 0.151 = 0.007 + 0.138 + 0.006 avg prob of [ Canada] 0.9927157163619995
loss 0.166 = 0.005 + 0.155 + 0.006 avg prob of [ Canada] 0.9950532913208008
loss 0.168 = 0.004 + 0.158 + 0.006 avg prob of [ Canada] 0.9962695837020874
loss 0.167 = 0.003 + 0.158 + 0.006 avg prob of [ Canada] 0.9970016479492188
loss 0.167 = 0.002 + 0.158 + 0.006 avg prob of [ Canada] 0.9975289106369019
loss 0.166 = 0.002 + 0.158 + 0.006 avg prob of [ Canada] 0.9979498386383057
loss 0.166 = 0.002 + 0.158 + 0.006 avg prob of [ Canada] 0.9983034133911133
loss 0.166 = 0.001 + 0.158 + 0.006 avg prob of [ Canada] 0.9986045360565186
loss 0.165 = 0.001 + 0.158 + 0.006 avg prob of [ Canada] 0.9988557696342468
loss 0.165 = 0.001 + 0.158 + 0.006 avg prob of [ Canada] 0.999061107635498
loss 0.165 = 0.001 + 0.158 + 0.006 avg prob of [ Canada] 0.9992286562919617
loss 0.165 = 0.001 + 0.158 + 0.006 avg prob of [ Canada] 0.9993650317192078
loss 0.165 = 0.001 + 0.158 + 0.006 avg prob of [ Canada] 0.9994747042655945
loss 0.165 = 0.0 + 0.158 + 0.006 avg prob of [ Canada] 0.9995617270469666
loss 0.165 = 0.0 + 0.158 + 0.006 avg prob of [ Canada] 0.9996304512023926
loss 0.165 = 0.0 + 0.158 + 0.006 avg prob of [ Canada] 0.9996851682662964
loss 0.164 = 0.0 + 0.158 + 0.006 avg prob of [ Canada] 0.9997290372848511
loss 0.164 = 0.0 + 0.158 + 0.006 avg prob of [ Canada] 0.9997646808624268
Init norm 64.4891128540039 | Delta norm 48.3668327331543 | Target norm 80.38655090332031
Computing right vector (v)
Lookup index found: 2 | Sentence: Seacouver, named for | Token: ouver
Rewrite layer is 8
Tying optimization objective to 27
Recording initial value of v*
loss 12.848 = 12.848 + 0.0 + 0.0 avg prob of [ Shanghai] 3.023995304829441e-06
loss 7.592 = 7.535 + 0.054 + 0.003 avg prob of [ Shanghai] 0.0009481757879257202
loss 1.684 = 1.632 + 0.048 + 0.004 avg prob of [ Shanghai] 0.2242508977651596
loss 0.192 = 0.139 + 0.049 + 0.005 avg prob of [ Shanghai] 0.8713936805725098
loss 0.076 = 0.029 + 0.042 + 0.005 avg prob of [ Shanghai] 0.9718796610832214
loss 0.052 = 0.01 + 0.036 + 0.005 avg prob of [ Shanghai] 0.9897598624229431
loss 0.041 = 0.005 + 0.031 + 0.005 avg prob of [ Shanghai] 0.9947818517684937
Init norm 74.32360076904297 | Delta norm 55.742698669433594 | Target norm 92.31263732910156
Computing right vector (v)
Lookup index found: 5 | Sentence: Christoph Wilhelm Hufeland works in the area of | Token: eland
Rewrite layer is 8
Tying optimization objective to 27
Recording initial value of v*
loss 6.132 = 6.132 + 0.0 + 0.0 avg prob of [ psychology] 0.0024509073700755835
loss 4.693 = 4.689 + 0.002 + 0.003 avg prob of [ psychology] 0.013411499559879303
loss 1.59 = 1.565 + 0.021 + 0.004 avg prob of [ psychology] 0.21106424927711487
loss 0.75 = 0.721 + 0.024 + 0.005 avg prob of [ psychology] 0.48877477645874023
loss 0.428 = 0.402 + 0.02 + 0.005 avg prob of [ psychology] 0.6700121760368347
loss 0.268 = 0.247 + 0.016 + 0.005 avg prob of [ psychology] 0.7815641164779663
loss 0.177 = 0.161 + 0.011 + 0.005 avg prob of [ psychology] 0.8517088890075684
loss 0.123 = 0.111 + 0.007 + 0.005 avg prob of [ psychology] 0.8949875831604004
loss 0.091 = 0.081 + 0.004 + 0.005 avg prob of [ psychology] 0.9220579862594604
loss 0.07 = 0.062 + 0.003 + 0.005 avg prob of [ psychology] 0.9398919343948364
loss 0.056 = 0.049 + 0.002 + 0.005 avg prob of [ psychology] 0.9523889422416687
loss 0.046 = 0.039 + 0.002 + 0.005 avg prob of [ psychology] 0.9616076946258545
Init norm 73.64119720458984 | Delta norm 55.230892181396484 | Target norm 92.04935455322266
Computing right vector (v)
Lookup index found: 2 | Sentence: Scheldt, in | Token: t
Rewrite layer is 8
Tying optimization objective to 27
Recording initial value of v*
loss 13.01 = 13.01 + 0.0 + 0.0 avg prob of [ Antarctica] 3.5354055398784112e-06
loss 10.115 = 10.029 + 0.083 + 0.003 avg prob of [ Antarctica] 0.0010065496899187565
loss 3.958 = 3.866 + 0.087 + 0.004 avg prob of [ Antarctica] 0.08664923906326294
loss 0.531 = 0.461 + 0.065 + 0.005 avg prob of [ Antarctica] 0.6449902057647705
loss 0.2 = 0.145 + 0.05 + 0.005 avg prob of [ Antarctica] 0.8671157360076904
loss 0.118 = 0.072 + 0.041 + 0.005 avg prob of [ Antarctica] 0.931011438369751
loss 0.084 = 0.043 + 0.036 + 0.005 avg prob of [ Antarctica] 0.9583665728569031
loss 0.065 = 0.028 + 0.033 + 0.005 avg prob of [ Antarctica] 0.9727789759635925
loss 0.055 = 0.019 + 0.031 + 0.005 avg prob of [ Antarctica] 0.9811505079269409
loss 0.049 = 0.014 + 0.03 + 0.005 avg prob of [ Antarctica] 0.9863421320915222
Init norm 78.28884887695312 | Delta norm 58.71663284301758 | Target norm 98.21685791015625
Computing right vector (v)
Lookup index found: 2 | Sentence: Don Juan Pond is located in | Token:  Pond
Rewrite layer is 8
Tying optimization objective to 27
Recording initial value of v*
loss 10.724 = 10.724 + 0.0 + 0.0 avg prob of [ Africa] 3.077338624279946e-05
loss 7.516 = 7.496 + 0.017 + 0.003 avg prob of [ Africa] 0.0006126166554167867
loss 4.029 = 3.923 + 0.101 + 0.005 avg prob of [ Africa] 0.023582248017191887
loss 2.224 = 2.117 + 0.102 + 0.005 avg prob of [ Africa] 0.12727823853492737
loss 0.718 = 0.612 + 0.101 + 0.005 avg prob of [ Africa] 0.5525876879692078
loss 0.144 = 0.047 + 0.092 + 0.005 avg prob of [ Africa] 0.955122172832489
loss 0.056 = 0.003 + 0.048 + 0.005 avg prob of [ Africa] 0.9968671202659607
loss 0.056 = 0.001 + 0.05 + 0.005 avg prob of [ Africa] 0.9992976188659668
loss 0.05 = 0.0 + 0.044 + 0.005 avg prob of [ Africa] 0.9996082782745361
Init norm 72.7742919921875 | Delta norm 54.580718994140625 | Target norm 88.30572509765625
Computing right vector (v)
Lookup index found: 6 | Sentence: Giacinto Andrea Cicognini, who works as | Token: ini
Rewrite layer is 8
Tying optimization objective to 27
Recording initial value of v*
loss 9.357 = 9.357 + 0.0 + 0.0 avg prob of [ composer] 9.738279914017767e-05
loss 6.122 = 6.109 + 0.01 + 0.003 avg prob of [ composer] 0.003000616794452071
loss 3.532 = 3.515 + 0.012 + 0.005 avg prob of [ composer] 0.03321245312690735
loss 1.65 = 1.626 + 0.018 + 0.005 avg prob of [ composer] 0.2014676034450531
loss 0.605 = 0.561 + 0.038 + 0.005 avg prob of [ composer] 0.5774277448654175
loss 0.184 = 0.13 + 0.049 + 0.005 avg prob of [ composer] 0.8791035413742065
loss 0.093 = 0.032 + 0.056 + 0.005 avg prob of [ composer] 0.9685894846916199
loss 0.051 = 0.017 + 0.028 + 0.005 avg prob of [ composer] 0.9831279516220093
loss 0.035 = 0.012 + 0.018 + 0.005 avg prob of [ composer] 0.9884147644042969
Init norm 68.8538589477539 | Delta norm 51.64039611816406 | Target norm 83.90729522705078
Computing right vector (v)
Lookup index found: 6 | Sentence: Heilmann & Littmann's headquarters are in | Token: mann
Rewrite layer is 8
Tying optimization objective to 27
Recording initial value of v*
loss 9.182 = 9.182 + 0.0 + 0.0 avg prob of [ Liverpool] 0.0001361044851364568
loss 7.304 = 7.289 + 0.012 + 0.003 avg prob of [ Liverpool] 0.0008047021692618728
loss 3.093 = 3.061 + 0.026 + 0.005 avg prob of [ Liverpool] 0.05274529010057449
loss 0.817 = 0.749 + 0.063 + 0.005 avg prob of [ Liverpool] 0.48820775747299194
loss 0.234 = 0.153 + 0.075 + 0.005 avg prob of [ Liverpool] 0.859988808631897
loss 0.111 = 0.039 + 0.066 + 0.005 avg prob of [ Liverpool] 0.962087094783783
loss 0.08 = 0.015 + 0.06 + 0.005 avg prob of [ Liverpool] 0.985115647315979
loss 0.062 = 0.008 + 0.049 + 0.005 avg prob of [ Liverpool] 0.9920259714126587
loss 0.051 = 0.005 + 0.041 + 0.005 avg prob of [ Liverpool] 0.9948185682296753
loss 0.046 = 0.004 + 0.036 + 0.005 avg prob of [ Liverpool] 0.9962500929832458
Init norm 68.72747802734375 | Delta norm 51.54560852050781 | Target norm 85.23503875732422
Computing right vector (v)
Lookup index found: 6 | Sentence: Spuyten Duyvil Bridge can be found in | Token:  Bridge
Rewrite layer is 8
Tying optimization objective to 27
Recording initial value of v*
loss 11.657 = 11.657 + 0.0 + 0.0 avg prob of [ Vancouver] 2.0079845853615552e-05
loss 9.548 = 9.528 + 0.018 + 0.002 avg prob of [ Vancouver] 0.00012719229562208056
loss 7.254 = 7.228 + 0.023 + 0.003 avg prob of [ Vancouver] 0.0007808107766322792
loss 3.448 = 3.416 + 0.028 + 0.004 avg prob of [ Vancouver] 0.03503403812646866
loss 1.292 = 1.259 + 0.029 + 0.004 avg prob of [ Vancouver] 0.29384490847587585
loss 0.535 = 0.51 + 0.02 + 0.004 avg prob of [ Vancouver] 0.6045308113098145
loss 0.19 = 0.174 + 0.013 + 0.004 avg prob of [ Vancouver] 0.8419051170349121
loss 0.073 = 0.059 + 0.01 + 0.004 avg prob of [ Vancouver] 0.9428519010543823
loss 0.038 = 0.024 + 0.01 + 0.004 avg prob of [ Vancouver] 0.9766842722892761
Init norm 90.56419372558594 | Delta norm 67.92314147949219 | Target norm 109.91995239257812
Computing right vector (v)
Lookup index found: 3 | Sentence: Pierre Beauchamp died in the city of | Token: amp
Rewrite layer is 8
Tying optimization objective to 27
Recording initial value of v*
loss 6.788 = 6.788 + 0.0 + 0.0 avg prob of [ Berlin] 0.001263749203644693
loss 5.66 = 5.644 + 0.012 + 0.004 avg prob of [ Berlin] 0.003964736592024565
loss 1.939 = 1.919 + 0.015 + 0.006 avg prob of [ Berlin] 0.1608673334121704
loss 0.177 = 0.155 + 0.016 + 0.006 avg prob of [ Berlin] 0.8607701063156128
loss 0.03 = 0.006 + 0.018 + 0.006 avg prob of [ Berlin] 0.99376380443573
Init norm 66.36211395263672 | Delta norm 49.77157974243164 | Target norm 81.7553482055664
Computing right vector (v)
Lookup index found: 9 | Sentence: The language used by Jean Cruveilhier is | Token: ier
Rewrite layer is 8
Tying optimization objective to 27
Recording initial value of v*
loss 10.457 = 10.457 + 0.0 + 0.0 avg prob of [ Dutch] 4.204296783427708e-05
loss 4.981 = 4.977 + 0.002 + 0.003 avg prob of [ Dutch] 0.009639500640332699
loss 1.042 = 1.032 + 0.006 + 0.004 avg prob of [ Dutch] 0.3592086732387543
loss 0.36 = 0.347 + 0.008 + 0.005 avg prob of [ Dutch] 0.7100143432617188
loss 0.137 = 0.125 + 0.007 + 0.005 avg prob of [ Dutch] 0.8831567764282227
loss 0.057 = 0.047 + 0.005 + 0.005 avg prob of [ Dutch] 0.9537804126739502
loss 0.03 = 0.022 + 0.004 + 0.005 avg prob of [ Dutch] 0.9787523150444031
Init norm 75.75738525390625 | Delta norm 56.81803894042969 | Target norm 92.55228424072266
Computing right vector (v)
Lookup index found: 1 | Sentence: Sean Payton plays in the position of | Token:  Payton
Rewrite layer is 8
Tying optimization objective to 27
Recording initial value of v*
loss 8.846 = 8.846 + 0.0 + 0.0 avg prob of [ guard] 0.00016406213399022818
loss 4.916 = 4.907 + 0.007 + 0.002 avg prob of [ guard] 0.008341117762029171
loss 3.592 = 3.574 + 0.015 + 0.003 avg prob of [ guard] 0.03130526840686798
loss 2.777 = 2.755 + 0.018 + 0.004 avg prob of [ guard] 0.07070066034793854
loss 1.762 = 1.74 + 0.018 + 0.004 avg prob of [ guard] 0.19176702201366425
loss 0.797 = 0.776 + 0.017 + 0.004 avg prob of [ guard] 0.48151183128356934
loss 0.297 = 0.277 + 0.017 + 0.004 avg prob of [ guard] 0.7641686201095581
loss 0.14 = 0.121 + 0.016 + 0.004 avg prob of [ guard] 0.8870010375976562
loss 0.086 = 0.067 + 0.015 + 0.004 avg prob of [ guard] 0.9352733492851257
loss 0.058 = 0.04 + 0.014 + 0.004 avg prob of [ guard] 0.9604439735412598
loss 0.042 = 0.025 + 0.013 + 0.004 avg prob of [ guard] 0.9750892519950867
Init norm 94.0445785522461 | Delta norm 70.53343200683594 | Target norm 116.30814361572266
Computing right vector (v)
Lookup index found: 2 | Sentence: Google Latitude, developed by | Token: itude
Rewrite layer is 8
Tying optimization objective to 27
Recording initial value of v*
loss 14.258 = 14.258 + 0.0 + 0.0 avg prob of [ Sega] 1.101985390050686e-06
loss 4.99 = 4.955 + 0.033 + 0.002 avg prob of [ Sega] 0.012241083197295666
loss 0.405 = 0.304 + 0.098 + 0.003 avg prob of [ Sega] 0.742943286895752
loss 0.127 = 0.031 + 0.091 + 0.004 avg prob of [ Sega] 0.9691685438156128
loss 0.095 = 0.009 + 0.082 + 0.004 avg prob of [ Sega] 0.9909531474113464
loss 0.083 = 0.004 + 0.074 + 0.004 avg prob of [ Sega] 0.9959139823913574
loss 0.072 = 0.002 + 0.066 + 0.004 avg prob of [ Sega] 0.9975888133049011
loss 0.062 = 0.002 + 0.056 + 0.004 avg prob of [ Sega] 0.9983243942260742
loss 0.054 = 0.001 + 0.049 + 0.004 avg prob of [ Sega] 0.9987103343009949
loss 0.05 = 0.001 + 0.044 + 0.004 avg prob of [ Sega] 0.9989403486251831
Init norm 86.72183227539062 | Delta norm 65.04137420654297 | Target norm 107.11669921875
Computing right vector (v)
Lookup index found: 2 | Sentence: Martin Buber took up work in | Token: ber
Rewrite layer is 8
Tying optimization objective to 27
Recording initial value of v*
loss 7.543 = 7.543 + 0.0 + 0.0 avg prob of [ Cologne] 0.0006173114525154233
loss 2.272 = 2.255 + 0.014 + 0.002 avg prob of [ Cologne] 0.12983761727809906
loss 0.075 = 0.051 + 0.02 + 0.004 avg prob of [ Cologne] 0.9507461786270142
loss 0.044 = 0.012 + 0.028 + 0.004 avg prob of [ Cologne] 0.9884325265884399
Init norm 84.04082489013672 | Delta norm 63.03061294555664 | Target norm 104.85035705566406
Computing right vector (v)
Lookup index found: 3 | Sentence: The law in Gibraltar declares the language | Token:  Gibraltar
Rewrite layer is 8
Tying optimization objective to 27
Recording initial value of v*
loss 13.526 = 13.526 + 0.0 + 0.0 avg prob of [ Finnish] 2.205460077675525e-06
loss 8.728 = 8.711 + 0.014 + 0.002 avg prob of [ Finnish] 0.0002498513204045594
loss 5.437 = 5.407 + 0.027 + 0.003 avg prob of [ Finnish] 0.00797164998948574
loss 2.713 = 2.674 + 0.035 + 0.004 avg prob of [ Finnish] 0.10854770243167877
loss 1.049 = 1.008 + 0.036 + 0.004 avg prob of [ Finnish] 0.4644480347633362
loss 0.274 = 0.231 + 0.038 + 0.004 avg prob of [ Finnish] 0.8079419136047363
loss 0.103 = 0.06 + 0.039 + 0.004 avg prob of [ Finnish] 0.9424712061882019
loss 0.071 = 0.027 + 0.039 + 0.004 avg prob of [ Finnish] 0.9732087850570679
loss 0.06 = 0.017 + 0.038 + 0.004 avg prob of [ Finnish] 0.9829413890838623
loss 0.053 = 0.013 + 0.036 + 0.004 avg prob of [ Finnish] 0.9872044324874878
loss 0.049 = 0.011 + 0.034 + 0.004 avg prob of [ Finnish] 0.9895140528678894
Init norm 85.76006317138672 | Delta norm 64.3200454711914 | Target norm 103.80091857910156
Computing right vector (v)
Lookup index found: 6 | Sentence: What is the twin city of Warsaw? It is | Token:  Warsaw
Rewrite layer is 8
Tying optimization objective to 27
Recording initial value of v*
loss 9.264 = 9.264 + 0.0 + 0.0 avg prob of [ Madrid] 0.00016076868632808328
loss 5.967 = 5.952 + 0.013 + 0.002 avg prob of [ Madrid] 0.00388138135895133
loss 3.258 = 3.221 + 0.034 + 0.003 avg prob of [ Madrid] 0.04600004851818085
loss 0.717 = 0.659 + 0.053 + 0.004 avg prob of [ Madrid] 0.5275384187698364
loss 0.122 = 0.062 + 0.055 + 0.004 avg prob of [ Madrid] 0.9396919012069702
loss 0.071 = 0.012 + 0.055 + 0.004 avg prob of [ Madrid] 0.988452672958374
loss 0.062 = 0.004 + 0.054 + 0.004 avg prob of [ Madrid] 0.9956241846084595
loss 0.058 = 0.002 + 0.051 + 0.004 avg prob of [ Madrid] 0.9975644946098328
loss 0.053 = 0.002 + 0.047 + 0.004 avg prob of [ Madrid] 0.998346209526062
loss 0.048 = 0.001 + 0.042 + 0.004 avg prob of [ Madrid] 0.9987497329711914
Init norm 88.43983459472656 | Delta norm 66.32987213134766 | Target norm 108.10624694824219
Computing right vector (v)
Lookup index found: 2 | Sentence: Freesat owner | Token: at
Rewrite layer is 8
Tying optimization objective to 27
Recording initial value of v*
loss 12.863 = 12.863 + 0.0 + 0.0 avg prob of [ Toronto] 2.9760531106148846e-06
loss 10.173 = 10.143 + 0.027 + 0.003 avg prob of [ Toronto] 5.7582161389291286e-05
loss 6.717 = 6.691 + 0.022 + 0.004 avg prob of [ Toronto] 0.0016890529077500105
loss 3.838 = 3.799 + 0.035 + 0.005 avg prob of [ Toronto] 0.0257867481559515
loss 1.21 = 1.154 + 0.052 + 0.005 avg prob of [ Toronto] 0.3578885793685913
loss 0.168 = 0.092 + 0.071 + 0.005 avg prob of [ Toronto] 0.9139639735221863
loss 0.088 = 0.012 + 0.072 + 0.005 avg prob of [ Toronto] 0.9884986877441406
loss 0.071 = 0.004 + 0.063 + 0.005 avg prob of [ Toronto] 0.9962603449821472
loss 0.059 = 0.002 + 0.052 + 0.005 avg prob of [ Toronto] 0.9978706240653992
loss 0.048 = 0.002 + 0.042 + 0.005 avg prob of [ Toronto] 0.998382568359375
Init norm 79.7497787475586 | Delta norm 59.81233215332031 | Target norm 96.6538314819336
Computing right vector (v)
Lookup index found: 3 | Sentence: Microsoft Robotics Developer Studio, created by | Token:  Studio
Rewrite layer is 8
Tying optimization objective to 27
Recording initial value of v*
loss 7.028 = 7.028 + 0.0 + 0.0 avg prob of [ IBM] 0.0013865025248378515
loss 5.577 = 5.557 + 0.018 + 0.003 avg prob of [ IBM] 0.005133600905537605
loss 2.938 = 2.914 + 0.02 + 0.004 avg prob of [ IBM] 0.0626683384180069
loss 0.586 = 0.527 + 0.054 + 0.005 avg prob of [ IBM] 0.6021219491958618
loss 0.083 = 0.012 + 0.066 + 0.005 avg prob of [ IBM] 0.9879946112632751
loss 0.056 = 0.001 + 0.05 + 0.005 avg prob of [ IBM] 0.9988672733306885
loss 0.055 = 0.0 + 0.05 + 0.005 avg prob of [ IBM] 0.999578595161438
loss 0.051 = 0.0 + 0.046 + 0.005 avg prob of [ IBM] 0.9997674822807312
loss 0.043 = 0.0 + 0.038 + 0.005 avg prob of [ IBM] 0.9998451471328735
Init norm 75.18473815917969 | Delta norm 56.388553619384766 | Target norm 93.05758666992188
Computing right vector (v)
Lookup index found: 3 | Sentence: Maheswari's occupation is | Token: ari
Rewrite layer is 8
Tying optimization objective to 27
Recording initial value of v*
loss 11.046 = 11.046 + 0.0 + 0.0 avg prob of [ philosopher] 1.821585465222597e-05
loss 7.849 = 7.815 + 0.031 + 0.003 avg prob of [ philosopher] 0.0006371100898832083
loss 2.843 = 2.776 + 0.062 + 0.005 avg prob of [ philosopher] 0.07595697045326233
loss 0.513 = 0.438 + 0.07 + 0.005 avg prob of [ philosopher] 0.6575653553009033
loss 0.102 = 0.022 + 0.074 + 0.005 avg prob of [ philosopher] 0.9778952598571777
loss 0.088 = 0.006 + 0.076 + 0.005 avg prob of [ philosopher] 0.9939496517181396
loss 0.083 = 0.004 + 0.074 + 0.005 avg prob of [ philosopher] 0.9959514141082764
loss 0.078 = 0.003 + 0.069 + 0.005 avg prob of [ philosopher] 0.9965888857841492
loss 0.073 = 0.003 + 0.064 + 0.005 avg prob of [ philosopher] 0.9970380067825317
loss 0.066 = 0.003 + 0.058 + 0.005 avg prob of [ philosopher] 0.9973982572555542
loss 0.059 = 0.002 + 0.051 + 0.005 avg prob of [ philosopher] 0.9976094961166382
loss 0.052 = 0.002 + 0.044 + 0.005 avg prob of [ philosopher] 0.9977146983146667
loss 0.047 = 0.002 + 0.039 + 0.005 avg prob of [ philosopher] 0.9978126287460327
Init norm 68.76181030273438 | Delta norm 51.57135772705078 | Target norm 83.99811553955078
Computing right vector (v)
Lookup index found: 3 | Sentence: The Jack Benny Program was originally aired on | Token:  Program
Rewrite layer is 8
Tying optimization objective to 27
Recording initial value of v*
loss 12.018 = 12.018 + 0.0 + 0.0 avg prob of [ CNN] 8.309097211167682e-06
loss 8.753 = 8.721 + 0.03 + 0.002 avg prob of [ CNN] 0.00019944095402024686
loss 5.102 = 5.063 + 0.035 + 0.004 avg prob of [ CNN] 0.006434665527194738
loss 2.726 = 2.704 + 0.018 + 0.005 avg prob of [ CNN] 0.07095660269260406
loss 0.441 = 0.418 + 0.018 + 0.005 avg prob of [ CNN] 0.6711000800132751
loss 0.046 = 0.012 + 0.029 + 0.005 avg prob of [ CNN] 0.9878014326095581
Init norm 81.76356506347656 | Delta norm 61.32267379760742 | Target norm 98.96668243408203
Computing right vector (v)
Lookup index found: 2 | Sentence: Anastasia was written in | Token: asia
Rewrite layer is 8
Tying optimization objective to 27
Recording initial value of v*
loss 7.107 = 7.107 + 0.0 + 0.0 avg prob of [ Spanish] 0.0009494688711129129
loss 5.436 = 5.391 + 0.042 + 0.003 avg prob of [ Spanish] 0.007328099571168423
loss 2.775 = 2.686 + 0.084 + 0.005 avg prob of [ Spanish] 0.09652937948703766
loss 1.37 = 1.278 + 0.087 + 0.005 avg prob of [ Spanish] 0.3295437693595886
loss 0.563 = 0.481 + 0.077 + 0.005 avg prob of [ Spanish] 0.637987494468689
loss 0.251 = 0.175 + 0.07 + 0.005 avg prob of [ Spanish] 0.8421532511711121
loss 0.154 = 0.081 + 0.068 + 0.005 avg prob of [ Spanish] 0.9225146770477295
loss 0.114 = 0.044 + 0.065 + 0.005 avg prob of [ Spanish] 0.957341194152832
loss 0.092 = 0.026 + 0.061 + 0.005 avg prob of [ Spanish] 0.9747109413146973
loss 0.077 = 0.016 + 0.056 + 0.005 avg prob of [ Spanish] 0.9839600920677185
loss 0.067 = 0.011 + 0.051 + 0.005 avg prob of [ Spanish] 0.989153265953064
loss 0.059 = 0.008 + 0.046 + 0.005 avg prob of [ Spanish] 0.9922250509262085
loss 0.053 = 0.006 + 0.042 + 0.005 avg prob of [ Spanish] 0.9941341280937195
loss 0.048 = 0.005 + 0.038 + 0.005 avg prob of [ Spanish] 0.9953827857971191
Init norm 73.8691635131836 | Delta norm 55.40187072753906 | Target norm 90.72187042236328
Computing right vector (v)
Lookup index found: 2 | Sentence: Microsoft Developer Network, from | Token:  Network
Rewrite layer is 8
Tying optimization objective to 27
Recording initial value of v*
loss 13.412 = 13.412 + 0.0 + 0.0 avg prob of [ Calgary] 1.7549709809827618e-06
loss 10.168 = 10.142 + 0.024 + 0.002 avg prob of [ Calgary] 5.7214885600842535e-05
loss 6.796 = 6.652 + 0.139 + 0.004 avg prob of [ Calgary] 0.0016475876327604055
loss 2.68 = 2.594 + 0.081 + 0.005 avg prob of [ Calgary] 0.08681955933570862
loss 0.418 = 0.219 + 0.194 + 0.005 avg prob of [ Calgary] 0.821077287197113
loss 0.07 = 0.016 + 0.05 + 0.005 avg prob of [ Calgary] 0.9844023585319519
loss 0.056 = 0.004 + 0.048 + 0.005 avg prob of [ Calgary] 0.996184229850769
loss 0.055 = 0.002 + 0.048 + 0.005 avg prob of [ Calgary] 0.9978156089782715
loss 0.051 = 0.002 + 0.044 + 0.005 avg prob of [ Calgary] 0.9981557130813599
loss 0.05 = 0.002 + 0.044 + 0.005 avg prob of [ Calgary] 0.9981892108917236
loss 0.047 = 0.002 + 0.041 + 0.005 avg prob of [ Calgary] 0.9981396198272705
Init norm 81.58882904052734 | Delta norm 61.191619873046875 | Target norm 99.0279541015625
Computing right vector (v)
Lookup index found: 6 | Sentence: The headquarter of Boston Athletic Association is in | Token:  Association
Rewrite layer is 8
Tying optimization objective to 27
Recording initial value of v*
loss 4.679 = 4.679 + 0.0 + 0.0 avg prob of [ Cambridge] 0.010285194031894207
loss 1.501 = 1.495 + 0.003 + 0.003 avg prob of [ Cambridge] 0.25127100944519043
loss 0.129 = 0.11 + 0.014 + 0.004 avg prob of [ Cambridge] 0.8974288702011108
loss 0.035 = 0.021 + 0.01 + 0.005 avg prob of [ Cambridge] 0.9794020652770996
Init norm 77.76217651367188 | Delta norm 58.32163619995117 | Target norm 96.21333312988281
Computing right vector (v)
Lookup index found: 7 | Sentence: The mother tongue of Pietro Mennea is | Token: nea
Rewrite layer is 8
Tying optimization objective to 27
Recording initial value of v*
loss 4.623 = 4.623 + 0.0 + 0.0 avg prob of [ French] 0.01025278028100729
loss 1.416 = 1.41 + 0.003 + 0.003 avg prob of [ French] 0.25869762897491455
loss 0.503 = 0.489 + 0.01 + 0.005 avg prob of [ French] 0.6288071274757385
loss 0.228 = 0.211 + 0.012 + 0.005 avg prob of [ French] 0.8148473501205444
loss 0.094 = 0.077 + 0.012 + 0.005 avg prob of [ French] 0.9270706176757812
loss 0.046 = 0.03 + 0.011 + 0.005 avg prob of [ French] 0.9709358215332031
Init norm 73.33413696289062 | Delta norm 55.00060272216797 | Target norm 91.72434997558594
Computing right vector (v)
Lookup index found: 2 | Sentence: Dodge 500 is produced by | Token:  500
Rewrite layer is 8
Tying optimization objective to 27
Recording initial value of v*
loss 9.669 = 9.669 + 0.0 + 0.0 avg prob of [ IBM] 0.00012570101534947753
loss 7.923 = 7.897 + 0.023 + 0.003 avg prob of [ IBM] 0.0004969215369783342
loss 2.265 = 2.176 + 0.084 + 0.005 avg prob of [ IBM] 0.11919838190078735
loss 0.563 = 0.384 + 0.174 + 0.005 avg prob of [ IBM] 0.6833557486534119
loss 0.114 = 0.03 + 0.079 + 0.005 avg prob of [ IBM] 0.9708845019340515
loss 0.05 = 0.007 + 0.038 + 0.005 avg prob of [ IBM] 0.9934856295585632
Init norm 73.14651489257812 | Delta norm 54.85988235473633 | Target norm 87.25835418701172
Computing right vector (v)
Lookup index found: 2 | Sentence: CHUM Limited is based in | Token:  Limited
Rewrite layer is 8
Tying optimization objective to 27
Recording initial value of v*
loss 6.798 = 6.798 + 0.0 + 0.0 avg prob of [ Chicago] 0.001441970351152122
loss 4.518 = 4.495 + 0.021 + 0.002 avg prob of [ Chicago] 0.012611232697963715
loss 3.68 = 3.661 + 0.016 + 0.004 avg prob of [ Chicago] 0.03094283863902092
loss 2.146 = 2.127 + 0.015 + 0.004 avg prob of [ Chicago] 0.16759411990642548
loss 0.347 = 0.316 + 0.026 + 0.004 avg prob of [ Chicago] 0.7624301314353943
loss 0.062 = 0.019 + 0.038 + 0.004 avg prob of [ Chicago] 0.9810516238212585
loss 0.043 = 0.005 + 0.034 + 0.004 avg prob of [ Chicago] 0.9948850870132446
Init norm 83.44204711914062 | Delta norm 62.581539154052734 | Target norm 103.32215881347656
Computing right vector (v)
Lookup index found: 1 | Sentence: In Colombia, they understand | Token:  Colombia
Rewrite layer is 8
Tying optimization objective to 27
Recording initial value of v*
loss 6.45 = 6.45 + 0.0 + 0.0 avg prob of [ English] 0.0029611538629978895
loss 1.428 = 1.408 + 0.017 + 0.002 avg prob of [ English] 0.24921762943267822
loss 0.504 = 0.432 + 0.07 + 0.003 avg prob of [ English] 0.6530821323394775
loss 0.218 = 0.148 + 0.066 + 0.004 avg prob of [ English] 0.8632396459579468
loss 0.137 = 0.083 + 0.05 + 0.004 avg prob of [ English] 0.9211186170578003
loss 0.1 = 0.055 + 0.041 + 0.004 avg prob of [ English] 0.946764349937439
loss 0.077 = 0.039 + 0.034 + 0.004 avg prob of [ English] 0.9622067213058472
loss 0.061 = 0.028 + 0.029 + 0.004 avg prob of [ English] 0.9723734855651855
loss 0.048 = 0.021 + 0.024 + 0.004 avg prob of [ English] 0.9793716669082642
Init norm 96.70272827148438 | Delta norm 72.52704620361328 | Target norm 119.7400894165039
Computing right vector (v)
Lookup index found: 5 | Sentence: The Sophisticated Gents premiered on | Token: ents
Rewrite layer is 8
Tying optimization objective to 27
Recording initial value of v*
loss 5.353 = 5.353 + 0.0 + 0.0 avg prob of [ MTV] 0.005460015498101711
loss 1.707 = 1.683 + 0.022 + 0.002 avg prob of [ MTV] 0.21981804072856903
loss 0.227 = 0.202 + 0.022 + 0.003 avg prob of [ MTV] 0.817428469657898
loss 0.067 = 0.032 + 0.03 + 0.004 avg prob of [ MTV] 0.9685525894165039
loss 0.048 = 0.013 + 0.03 + 0.004 avg prob of [ MTV] 0.9869620203971863
Init norm 87.01220703125 | Delta norm 65.2591552734375 | Target norm 108.36898040771484
Computing right vector (v)
Lookup index found: 4 | Sentence: Anton Zeilinger works in the field of | Token: inger
Rewrite layer is 8
Tying optimization objective to 27
Recording initial value of v*
loss 12.922 = 12.922 + 0.0 + 0.0 avg prob of [ anatomy] 1.6404919733759016e-05
loss 9.52 = 9.511 + 0.006 + 0.003 avg prob of [ anatomy] 8.1244608736597e-05
loss 8.579 = 8.563 + 0.011 + 0.005 avg prob of [ anatomy] 0.0002102685975842178
loss 6.308 = 6.29 + 0.013 + 0.005 avg prob of [ anatomy] 0.002045028144493699
loss 3.232 = 3.213 + 0.015 + 0.005 avg prob of [ anatomy] 0.04410981386899948
loss 1.07 = 1.042 + 0.024 + 0.005 avg prob of [ anatomy] 0.3665955066680908
loss 0.161 = 0.085 + 0.071 + 0.005 avg prob of [ anatomy] 0.9198381304740906
loss 0.062 = 0.01 + 0.047 + 0.005 avg prob of [ anatomy] 0.9901223182678223
loss 0.035 = 0.007 + 0.022 + 0.005 avg prob of [ anatomy] 0.9925907850265503
Init norm 72.89352416992188 | Delta norm 54.67015075683594 | Target norm 88.45571899414062
Computing right vector (v)
Lookup index found: 8 | Sentence: The domain of activity of Hugo Kronecker is | Token: cker
Rewrite layer is 8
Tying optimization objective to 27
Recording initial value of v*
loss 8.109 = 8.109 + 0.0 + 0.0 avg prob of [ geometry] 0.00048790627624839544
loss 4.857 = 4.82 + 0.035 + 0.003 avg prob of [ geometry] 0.009623057208955288
loss 0.928 = 0.889 + 0.035 + 0.004 avg prob of [ geometry] 0.45748457312583923
loss 0.219 = 0.178 + 0.036 + 0.005 avg prob of [ geometry] 0.8404569029808044
loss 0.108 = 0.074 + 0.029 + 0.005 avg prob of [ geometry] 0.9292327761650085
loss 0.061 = 0.039 + 0.017 + 0.005 avg prob of [ geometry] 0.9621734023094177
loss 0.037 = 0.022 + 0.01 + 0.005 avg prob of [ geometry] 0.9778549075126648
Init norm 75.95970153808594 | Delta norm 56.96977615356445 | Target norm 93.04060363769531
Computing right vector (v)
Lookup index found: 5 | Sentence: Jithan Ramesh, who has a citizenship from | Token: h
Rewrite layer is 8
Tying optimization objective to 27
Recording initial value of v*
loss 6.381 = 6.381 + 0.0 + 0.0 avg prob of [ Fiji] 0.003156989347189665
loss 1.285 = 1.265 + 0.018 + 0.003 avg prob of [ Fiji] 0.3442169427871704
loss 0.334 = 0.308 + 0.022 + 0.005 avg prob of [ Fiji] 0.7416364550590515
loss 0.045 = 0.014 + 0.026 + 0.005 avg prob of [ Fiji] 0.985998809337616
Init norm 72.23556518554688 | Delta norm 54.176673889160156 | Target norm 90.10095977783203
Computing right vector (v)
Lookup index found: 5 | Sentence: Pietro Locatelli, performing on the | Token: i
Rewrite layer is 8
Tying optimization objective to 27
Recording initial value of v*
loss 4.997 = 4.997 + 0.0 + 0.0 avg prob of [ guitar] 0.010508989915251732
loss 2.576 = 2.553 + 0.019 + 0.004 avg prob of [ guitar] 0.09197472035884857
loss 1.115 = 1.025 + 0.084 + 0.006 avg prob of [ guitar] 0.3819541335105896
loss 0.405 = 0.389 + 0.01 + 0.006 avg prob of [ guitar] 0.6799558401107788
loss 0.146 = 0.136 + 0.004 + 0.006 avg prob of [ guitar] 0.873807430267334
loss 0.054 = 0.044 + 0.003 + 0.006 avg prob of [ guitar] 0.9567000269889832
loss 0.031 = 0.021 + 0.003 + 0.006 avg prob of [ guitar] 0.9789971113204956
Init norm 61.9537467956543 | Delta norm 46.465309143066406 | Target norm 77.38268280029297
Computing right vector (v)
Lookup index found: 6 | Sentence: Mongolian People's Republic is follower of | Token:  Republic
Rewrite layer is 8
Tying optimization objective to 27
Recording initial value of v*
loss 6.624 = 6.624 + 0.0 + 0.0 avg prob of [ Christianity] 0.0014161968138068914
loss 5.193 = 5.167 + 0.023 + 0.002 avg prob of [ Christianity] 0.006291523110121489
loss 3.661 = 3.629 + 0.028 + 0.004 avg prob of [ Christianity] 0.029913663864135742
loss 2.318 = 2.294 + 0.018 + 0.005 avg prob of [ Christianity] 0.11092858016490936
loss 1.222 = 1.207 + 0.01 + 0.005 avg prob of [ Christianity] 0.3172369599342346
loss 0.432 = 0.419 + 0.009 + 0.005 avg prob of [ Christianity] 0.6641654968261719
loss 0.107 = 0.092 + 0.01 + 0.005 avg prob of [ Christianity] 0.9124822616577148
loss 0.034 = 0.018 + 0.012 + 0.005 avg prob of [ Christianity] 0.9826445579528809
Init norm 80.6688003540039 | Delta norm 60.5015983581543 | Target norm 98.1474380493164
Computing right vector (v)
Lookup index found: 1 | Sentence: North Holland is named after | Token:  Holland
Rewrite layer is 8
Tying optimization objective to 27
Recording initial value of v*
loss 14.84 = 14.84 + 0.0 + 0.0 avg prob of [ Belfast] 1.0363936553403619e-06
loss 10.368 = 10.337 + 0.029 + 0.002 avg prob of [ Belfast] 3.5407581890467554e-05
loss 8.23 = 8.202 + 0.025 + 0.004 avg prob of [ Belfast] 0.0003896983980666846
loss 5.367 = 5.335 + 0.027 + 0.005 avg prob of [ Belfast] 0.006792829837650061
loss 3.075 = 3.037 + 0.033 + 0.005 avg prob of [ Belfast] 0.06300066411495209
loss 1.139 = 1.073 + 0.061 + 0.005 avg prob of [ Belfast] 0.3746304512023926
loss 0.241 = 0.177 + 0.059 + 0.005 avg prob of [ Belfast] 0.8431533575057983
loss 0.083 = 0.041 + 0.038 + 0.005 avg prob of [ Belfast] 0.9607163667678833
loss 0.061 = 0.019 + 0.037 + 0.005 avg prob of [ Belfast] 0.9808623194694519
loss 0.052 = 0.014 + 0.034 + 0.005 avg prob of [ Belfast] 0.9863602519035339
loss 0.044 = 0.011 + 0.029 + 0.005 avg prob of [ Belfast] 0.9891709089279175
Init norm 82.18830108642578 | Delta norm 61.64122772216797 | Target norm 98.60001373291016
Computing right vector (v)
Lookup index found: 5 | Sentence: Manos Hatzidakis, playing the | Token: akis
Rewrite layer is 8
Tying optimization objective to 27
Recording initial value of v*
loss 6.041 = 6.041 + 0.0 + 0.0 avg prob of [ trumpet] 0.0028883134946227074
loss 4.711 = 4.704 + 0.003 + 0.005 avg prob of [ trumpet] 0.010738762095570564
loss 2.941 = 2.925 + 0.009 + 0.006 avg prob of [ trumpet] 0.05711033195257187
loss 1.173 = 1.154 + 0.014 + 0.006 avg prob of [ trumpet] 0.32645535469055176
loss 0.226 = 0.201 + 0.019 + 0.006 avg prob of [ trumpet] 0.8206421136856079
loss 0.049 = 0.026 + 0.017 + 0.006 avg prob of [ trumpet] 0.9740392565727234
Init norm 59.51974868774414 | Delta norm 44.63981246948242 | Target norm 74.47306060791016
Computing right vector (v)
Lookup index found: 5 | Sentence: The native language of Alex Ferguson is | Token:  Ferguson
Rewrite layer is 8
Tying optimization objective to 27
Recording initial value of v*
loss 5.653 = 5.653 + 0.0 + 0.0 avg prob of [ Swedish] 0.003817474003881216
loss 1.978 = 1.971 + 0.005 + 0.002 avg prob of [ Swedish] 0.1793755739927292
loss 0.551 = 0.536 + 0.012 + 0.003 avg prob of [ Swedish] 0.5992388725280762
loss 0.221 = 0.199 + 0.019 + 0.004 avg prob of [ Swedish] 0.8237489461898804
loss 0.103 = 0.079 + 0.02 + 0.004 avg prob of [ Swedish] 0.9245880842208862
loss 0.063 = 0.04 + 0.019 + 0.004 avg prob of [ Swedish] 0.9610437154769897
loss 0.045 = 0.024 + 0.017 + 0.004 avg prob of [ Swedish] 0.9764938354492188
Init norm 93.2397689819336 | Delta norm 69.92982482910156 | Target norm 116.5110092163086
Computing right vector (v)
Lookup index found: 3 | Sentence: Edmond Michelet is a native speaker of | Token: let
Rewrite layer is 8
Tying optimization objective to 27
Recording initial value of v*
loss 2.012 = 2.012 + 0.0 + 0.0 avg prob of [ English] 0.1428440809249878
loss 1.244 = 1.235 + 0.006 + 0.003 avg prob of [ English] 0.3099585175514221
loss 1.007 = 0.988 + 0.015 + 0.005 avg prob of [ English] 0.3906664252281189
loss 0.651 = 0.637 + 0.009 + 0.005 avg prob of [ English] 0.5436729192733765
loss 0.378 = 0.366 + 0.007 + 0.005 avg prob of [ English] 0.6999939680099487
loss 0.188 = 0.178 + 0.005 + 0.005 avg prob of [ English] 0.8395032286643982
loss 0.031 = 0.021 + 0.005 + 0.005 avg prob of [ English] 0.979170024394989
Init norm 76.08788299560547 | Delta norm 57.06591033935547 | Target norm 94.6495590209961
Computing right vector (v)
Lookup index found: 5 | Sentence: Janet Street-Porter writes in | Token: orter
Rewrite layer is 8
Tying optimization objective to 27
Recording initial value of v*
loss 11.236 = 11.236 + 0.0 + 0.0 avg prob of [ French] 1.5099775737326127e-05
loss 5.166 = 5.147 + 0.015 + 0.004 avg prob of [ French] 0.006720192730426788
loss 2.588 = 2.565 + 0.017 + 0.006 avg prob of [ French] 0.0908869206905365
loss 0.908 = 0.879 + 0.023 + 0.006 avg prob of [ French] 0.4482290744781494
loss 0.268 = 0.227 + 0.035 + 0.006 avg prob of [ French] 0.8043407797813416
loss 0.16 = 0.11 + 0.044 + 0.006 avg prob of [ French] 0.896927535533905
loss 0.11 = 0.068 + 0.036 + 0.006 avg prob of [ French] 0.934410572052002
loss 0.077 = 0.046 + 0.025 + 0.006 avg prob of [ French] 0.9555624723434448
loss 0.059 = 0.033 + 0.02 + 0.006 avg prob of [ French] 0.9678581953048706
loss 0.047 = 0.025 + 0.017 + 0.006 avg prob of [ French] 0.9753926992416382
Init norm 64.6133041381836 | Delta norm 48.45998001098633 | Target norm 79.84217834472656
Computing right vector (v)
Lookup index found: 5 | Sentence: Matthieu Chedid performs on the | Token: id
Rewrite layer is 8
Tying optimization objective to 27
Recording initial value of v*
loss 3.963 = 3.963 + 0.0 + 0.0 avg prob of [ piano] 0.0278046615421772
loss 0.754 = 0.726 + 0.025 + 0.003 avg prob of [ piano] 0.49736079573631287
loss 0.079 = 0.036 + 0.037 + 0.006 avg prob of [ piano] 0.9645754098892212
loss 0.043 = 0.015 + 0.022 + 0.006 avg prob of [ piano] 0.9855051040649414
Init norm 68.15573120117188 | Delta norm 51.116798400878906 | Target norm 84.83147430419922
Computing right vector (v)
Lookup index found: 2 | Sentence: Battle of Waterloo is located in | Token:  Waterloo
Rewrite layer is 8
Tying optimization objective to 27
Recording initial value of v*
loss 9.219 = 9.219 + 0.0 + 0.0 avg prob of [ Melbourne] 0.00023235320986714214
loss 4.426 = 4.414 + 0.01 + 0.002 avg prob of [ Melbourne] 0.012233465909957886
loss 2.026 = 2.005 + 0.018 + 0.003 avg prob of [ Melbourne] 0.1358914077281952
loss 0.789 = 0.767 + 0.018 + 0.004 avg prob of [ Melbourne] 0.4662590026855469
loss 0.365 = 0.346 + 0.015 + 0.004 avg prob of [ Melbourne] 0.7082668542861938
loss 0.178 = 0.162 + 0.012 + 0.004 avg prob of [ Melbourne] 0.8506004810333252
loss 0.098 = 0.083 + 0.01 + 0.004 avg prob of [ Melbourne] 0.920280933380127
loss 0.06 = 0.047 + 0.009 + 0.004 avg prob of [ Melbourne] 0.9541739821434021
loss 0.041 = 0.029 + 0.008 + 0.004 avg prob of [ Melbourne] 0.9715756773948669
Init norm 88.39665222167969 | Delta norm 66.2974853515625 | Target norm 108.749755859375
Computing right vector (v)
Lookup index found: 4 | Sentence: Esther Ralston's profession is a | Token: ston
Rewrite layer is 8
Tying optimization objective to 27
Recording initial value of v*
loss 7.351 = 7.351 + 0.0 + 0.0 avg prob of [ novelist] 0.0007295304676517844
loss 3.292 = 3.273 + 0.016 + 0.004 avg prob of [ novelist] 0.04218445345759392
loss 0.442 = 0.348 + 0.089 + 0.005 avg prob of [ novelist] 0.7119829654693604
loss 0.148 = 0.063 + 0.079 + 0.006 avg prob of [ novelist] 0.9388815760612488
loss 0.066 = 0.02 + 0.041 + 0.006 avg prob of [ novelist] 0.9801117181777954
loss 0.032 = 0.009 + 0.018 + 0.006 avg prob of [ novelist] 0.9910773038864136
Init norm 67.21272277832031 | Delta norm 50.409542083740234 | Target norm 83.80883026123047
Computing right vector (v)
Lookup index found: 3 | Sentence: Wizard Sleeve was created in | Token: leeve
Rewrite layer is 8
Tying optimization objective to 27
Recording initial value of v*
loss 10.201 = 10.201 + 0.0 + 0.0 avg prob of [ Springfield] 3.828321132459678e-05
loss 7.698 = 7.681 + 0.014 + 0.002 avg prob of [ Springfield] 0.0005407838616520166
loss 3.795 = 3.712 + 0.079 + 0.004 avg prob of [ Springfield] 0.025195859372615814
loss 0.222 = 0.125 + 0.092 + 0.005 avg prob of [ Springfield] 0.8844131231307983
loss 0.122 = 0.011 + 0.106 + 0.005 avg prob of [ Springfield] 0.9891912341117859
loss 0.084 = 0.003 + 0.076 + 0.005 avg prob of [ Springfield] 0.9967252612113953
loss 0.063 = 0.002 + 0.056 + 0.005 avg prob of [ Springfield] 0.9979966878890991
loss 0.049 = 0.002 + 0.042 + 0.005 avg prob of [ Springfield] 0.9982544779777527
Init norm 80.50630187988281 | Delta norm 60.37972640991211 | Target norm 99.01262664794922
Computing right vector (v)
Lookup index found: 2 | Sentence: Charles Henry Ross was originally from | Token:  Ross
Rewrite layer is 8
Tying optimization objective to 27
Recording initial value of v*
loss 4.699 = 4.699 + 0.0 + 0.0 avg prob of [ Philadelphia] 0.00934597384184599
loss 2.759 = 2.723 + 0.033 + 0.003 avg prob of [ Philadelphia] 0.06726863980293274
loss 0.397 = 0.332 + 0.06 + 0.005 avg prob of [ Philadelphia] 0.7195937037467957
loss 0.086 = 0.03 + 0.051 + 0.005 avg prob of [ Philadelphia] 0.9708279967308044
loss 0.047 = 0.006 + 0.036 + 0.005 avg prob of [ Philadelphia] 0.9945042133331299
Init norm 71.03070831298828 | Delta norm 53.27303695678711 | Target norm 88.57512664794922
Computing right vector (v)
Lookup index found: 2 | Sentence: Peter Bromley, of | Token: ley
Rewrite layer is 8
Tying optimization objective to 27
Recording initial value of v*
loss 10.238 = 10.238 + 0.0 + 0.0 avg prob of [ ESPN] 4.973205432179384e-05
loss 7.178 = 7.158 + 0.017 + 0.003 avg prob of [ ESPN] 0.0017024630215018988
loss 1.25 = 1.169 + 0.077 + 0.005 avg prob of [ ESPN] 0.32435327768325806
loss 0.141 = 0.027 + 0.109 + 0.005 avg prob of [ ESPN] 0.9731480479240417
loss 0.11 = 0.005 + 0.1 + 0.005 avg prob of [ ESPN] 0.9952096939086914
loss 0.081 = 0.002 + 0.073 + 0.005 avg prob of [ ESPN] 0.9975935816764832
loss 0.056 = 0.002 + 0.048 + 0.005 avg prob of [ ESPN] 0.9980839490890503
loss 0.037 = 0.002 + 0.029 + 0.005 avg prob of [ ESPN] 0.9981540441513062
Init norm 69.10345458984375 | Delta norm 51.82759094238281 | Target norm 84.82487487792969
Computing right vector (v)
Lookup index found: 3 | Sentence: In Sevastopol, they understand | Token: opol
Rewrite layer is 8
Tying optimization objective to 27
Recording initial value of v*
loss 9.369 = 9.369 + 0.0 + 0.0 avg prob of [ Italian] 0.00011956268281210214
loss 3.966 = 3.95 + 0.014 + 0.002 avg prob of [ Italian] 0.02449774369597435
loss 1.836 = 1.811 + 0.021 + 0.004 avg prob of [ Italian] 0.16813138127326965
loss 0.623 = 0.59 + 0.028 + 0.004 avg prob of [ Italian] 0.5610442161560059
loss 0.255 = 0.219 + 0.032 + 0.004 avg prob of [ Italian] 0.8058152198791504
loss 0.109 = 0.069 + 0.035 + 0.004 avg prob of [ Italian] 0.9332422614097595
loss 0.062 = 0.02 + 0.037 + 0.004 avg prob of [ Italian] 0.9798621535301208
loss 0.047 = 0.007 + 0.035 + 0.004 avg prob of [ Italian] 0.9930132627487183
Init norm 84.35882568359375 | Delta norm 63.26911926269531 | Target norm 103.85269927978516
Computing right vector (v)
Lookup index found: 4 | Sentence: Where is South by Southwest? It is located in | Token:  Southwest
Rewrite layer is 8
Tying optimization objective to 27
Recording initial value of v*
loss 11.461 = 11.461 + 0.0 + 0.0 avg prob of [ Athens] 1.1974116205237806e-05
loss 3.548 = 3.513 + 0.034 + 0.002 avg prob of [ Athens] 0.03382571041584015
loss 0.48 = 0.449 + 0.028 + 0.002 avg prob of [ Athens] 0.6424609422683716
loss 0.15 = 0.117 + 0.03 + 0.003 avg prob of [ Athens] 0.8902946710586548
loss 0.079 = 0.044 + 0.032 + 0.004 avg prob of [ Athens] 0.9573799967765808
loss 0.056 = 0.022 + 0.03 + 0.004 avg prob of [ Athens] 0.9784787893295288
loss 0.045 = 0.013 + 0.029 + 0.004 avg prob of [ Athens] 0.9874931573867798
Init norm 100.79252624511719 | Delta norm 75.59439086914062 | Target norm 127.52863311767578
Computing right vector (v)
Lookup index found: 3 | Sentence: province of Milan's capital is | Token:  Milan
Rewrite layer is 8
Tying optimization objective to 27
Recording initial value of v*
loss 13.695 = 13.695 + 0.0 + 0.0 avg prob of [ Baghdad] 2.4636174202896655e-06
loss 7.623 = 7.61 + 0.01 + 0.002 avg prob of [ Baghdad] 0.0018605630612000823
loss 4.775 = 4.764 + 0.008 + 0.004 avg prob of [ Baghdad] 0.050448618829250336
loss 2.126 = 2.115 + 0.007 + 0.005 avg prob of [ Baghdad] 0.22522160410881042
loss 0.627 = 0.614 + 0.008 + 0.005 avg prob of [ Baghdad] 0.5720611810684204
loss 0.156 = 0.141 + 0.01 + 0.005 avg prob of [ Baghdad] 0.8700278997421265
loss 0.068 = 0.052 + 0.012 + 0.005 avg prob of [ Baghdad] 0.9493688344955444
loss 0.045 = 0.027 + 0.013 + 0.005 avg prob of [ Baghdad] 0.9730269908905029
Init norm 83.1032485961914 | Delta norm 62.32743835449219 | Target norm 100.4676742553711
Computing right vector (v)
Lookup index found: 6 | Sentence: Bundesautobahn 62, by | Token:  62
Rewrite layer is 8
Tying optimization objective to 27
Recording initial value of v*
loss 13.848 = 13.848 + 0.0 + 0.0 avg prob of [ Winnipeg] 1.3556349358623265e-06
loss 10.869 = 10.856 + 0.011 + 0.003 avg prob of [ Winnipeg] 2.273855898238253e-05
loss 4.553 = 4.41 + 0.139 + 0.004 avg prob of [ Winnipeg] 0.020489338785409927
loss 0.234 = 0.216 + 0.013 + 0.005 avg prob of [ Winnipeg] 0.8206286430358887
loss 0.021 = 0.01 + 0.006 + 0.005 avg prob of [ Winnipeg] 0.989905834197998
Init norm 79.01103973388672 | Delta norm 59.25828170776367 | Target norm 96.48684692382812
Computing right vector (v)
Lookup index found: 3 | Sentence: Chevrolet Astro is developed by | Token:  Astro
Rewrite layer is 8
Tying optimization objective to 27
Recording initial value of v*
loss 6.973 = 6.973 + 0.0 + 0.0 avg prob of [ Fiat] 0.0010521187214180827
loss 4.189 = 4.166 + 0.021 + 0.002 avg prob of [ Fiat] 0.01824631541967392
loss 1.31 = 1.28 + 0.026 + 0.003 avg prob of [ Fiat] 0.2804674208164215
loss 0.104 = 0.067 + 0.032 + 0.004 avg prob of [ Fiat] 0.9350528120994568
loss 0.049 = 0.018 + 0.026 + 0.004 avg prob of [ Fiat] 0.981796145439148
Init norm 87.67900848388672 | Delta norm 65.7592544555664 | Target norm 107.2593765258789
Computing right vector (v)
Lookup index found: 5 | Sentence: Susquehanna Radio Corporation's headquarters are in | Token:  Corporation
Rewrite layer is 8
Tying optimization objective to 27
Recording initial value of v*
loss 13.878 = 13.878 + 0.0 + 0.0 avg prob of [ Kyoto] 1.821428440962336e-06
loss 4.924 = 4.891 + 0.032 + 0.002 avg prob of [ Kyoto] 0.008276471868157387
loss 2.258 = 2.2 + 0.055 + 0.003 avg prob of [ Kyoto] 0.11530773341655731
loss 0.148 = 0.042 + 0.102 + 0.004 avg prob of [ Kyoto] 0.9593216776847839
loss 0.048 = 0.011 + 0.033 + 0.004 avg prob of [ Kyoto] 0.9893431067466736
Init norm 84.94723510742188 | Delta norm 63.71042251586914 | Target norm 104.91670989990234
Computing right vector (v)
Lookup index found: 5 | Sentence: Ernst Jaakson, who works as | Token: son
Rewrite layer is 8
Tying optimization objective to 27
Recording initial value of v*
loss 11.416 = 11.416 + 0.0 + 0.0 avg prob of [ poet] 1.4031098544364795e-05
loss 8.319 = 8.31 + 0.005 + 0.004 avg prob of [ poet] 0.0003202215302735567
loss 4.698 = 4.683 + 0.009 + 0.006 avg prob of [ poet] 0.009567972272634506
loss 2.711 = 2.697 + 0.008 + 0.006 avg prob of [ poet] 0.06990741193294525
loss 0.535 = 0.49 + 0.038 + 0.006 avg prob of [ poet] 0.6206554770469666
loss 0.213 = 0.017 + 0.189 + 0.006 avg prob of [ poet] 0.9829412698745728
loss 0.047 = 0.027 + 0.014 + 0.006 avg prob of [ poet] 0.9733230471611023
Init norm 63.25697708129883 | Delta norm 47.44273376464844 | Target norm 76.07366943359375
Computing right vector (v)
Lookup index found: 4 | Sentence: How I Met Your Mother premieres on | Token:  Mother
Rewrite layer is 8
Tying optimization objective to 27
Recording initial value of v*
loss 6.669 = 6.669 + 0.0 + 0.0 avg prob of [ NBC] 0.0017921095713973045
loss 0.104 = 0.094 + 0.008 + 0.002 avg prob of [ NBC] 0.910603940486908
loss 0.066 = 0.049 + 0.015 + 0.003 avg prob of [ NBC] 0.952617347240448
loss 0.054 = 0.031 + 0.02 + 0.003 avg prob of [ NBC] 0.9699088931083679
loss 0.042 = 0.018 + 0.02 + 0.004 avg prob of [ NBC] 0.9822311401367188
Init norm 100.92002868652344 | Delta norm 75.69001770019531 | Target norm 125.26893615722656
Computing right vector (v)
Lookup index found: 5 | Sentence: Doychin Vasilev, a citizen of | Token: v
Rewrite layer is 8
Tying optimization objective to 27
Recording initial value of v*
loss 8.428 = 8.428 + 0.0 + 0.0 avg prob of [ India] 0.0002896111982408911
loss 5.986 = 5.958 + 0.025 + 0.003 avg prob of [ India] 0.003079392947256565
loss 2.183 = 2.149 + 0.029 + 0.005 avg prob of [ India] 0.13856536149978638
loss 1.054 = 1.032 + 0.016 + 0.006 avg prob of [ India] 0.3813121020793915
loss 0.467 = 0.449 + 0.013 + 0.006 avg prob of [ India] 0.6492204666137695
loss 0.178 = 0.163 + 0.01 + 0.006 avg prob of [ India] 0.8519763350486755
loss 0.075 = 0.061 + 0.008 + 0.006 avg prob of [ India] 0.9409698247909546
loss 0.04 = 0.028 + 0.007 + 0.006 avg prob of [ India] 0.9728816747665405
Init norm 67.78596496582031 | Delta norm 50.83946990966797 | Target norm 84.38770294189453
Computing right vector (v)
Lookup index found: 8 | Sentence: The language used by Natalia Pushkina is | Token: ina
Rewrite layer is 8
Tying optimization objective to 27
Recording initial value of v*
loss 10.212 = 10.212 + 0.0 + 0.0 avg prob of [ Spanish] 4.425668157637119e-05
loss 5.934 = 5.916 + 0.015 + 0.003 avg prob of [ Spanish] 0.0032060365192592144
loss 2.099 = 2.072 + 0.022 + 0.005 avg prob of [ Spanish] 0.13966825604438782
loss 0.581 = 0.555 + 0.021 + 0.005 avg prob of [ Spanish] 0.5842063426971436
loss 0.191 = 0.166 + 0.02 + 0.005 avg prob of [ Spanish] 0.8481559753417969
loss 0.066 = 0.044 + 0.017 + 0.005 avg prob of [ Spanish] 0.9568201899528503
loss 0.031 = 0.014 + 0.013 + 0.005 avg prob of [ Spanish] 0.9865070581436157
Init norm 73.09431457519531 | Delta norm 54.820735931396484 | Target norm 89.20649719238281
Computing right vector (v)
Lookup index found: 1 | Sentence: Mount Discovery is in | Token:  Discovery
Rewrite layer is 8
Tying optimization objective to 27
Recording initial value of v*
loss 8.881 = 8.881 + 0.0 + 0.0 avg prob of [ Asia] 0.00020987556490581483
loss 4.035 = 4.016 + 0.017 + 0.003 avg prob of [ Asia] 0.02261745184659958
loss 1.178 = 1.15 + 0.024 + 0.004 avg prob of [ Asia] 0.33481043577194214
loss 0.222 = 0.181 + 0.036 + 0.005 avg prob of [ Asia] 0.8364357948303223
loss 0.076 = 0.035 + 0.036 + 0.005 avg prob of [ Asia] 0.9656866788864136
loss 0.049 = 0.012 + 0.033 + 0.005 avg prob of [ Asia] 0.9882897734642029
Init norm 78.98851776123047 | Delta norm 59.24138259887695 | Target norm 99.28983306884766
Computing right vector (v)
Lookup index found: 4 | Sentence: The Betty Hutton Show premiered on | Token:  Show
Rewrite layer is 8
Tying optimization objective to 27
Recording initial value of v*
loss 2.069 = 2.069 + 0.0 + 0.0 avg prob of [ NBC] 0.134145587682724
loss 0.064 = 0.058 + 0.003 + 0.003 avg prob of [ NBC] 0.9434407949447632
loss 0.008 = 0.0 + 0.004 + 0.005 avg prob of [ NBC] 0.9999228715896606
Init norm 75.58574676513672 | Delta norm 53.23038864135742 | Target norm 92.34154510498047
Computing right vector (v)
Lookup index found: 2 | Sentence: Louis Gallet spoke the language | Token: let
Rewrite layer is 8
Tying optimization objective to 27
Recording initial value of v*
loss 10.632 = 10.632 + 0.0 + 0.0 avg prob of [ Russian] 3.9891241613077e-05
loss 8.333 = 8.306 + 0.024 + 0.003 avg prob of [ Russian] 0.0002955905511043966
loss 3.825 = 3.786 + 0.033 + 0.005 avg prob of [ Russian] 0.02652135118842125
loss 0.912 = 0.841 + 0.065 + 0.005 avg prob of [ Russian] 0.4484144151210785
loss 0.151 = 0.055 + 0.09 + 0.005 avg prob of [ Russian] 0.9468660354614258
loss 0.055 = 0.01 + 0.04 + 0.005 avg prob of [ Russian] 0.9903641939163208
loss 0.047 = 0.004 + 0.037 + 0.005 avg prob of [ Russian] 0.996163547039032
Init norm 68.7675552368164 | Delta norm 51.57566452026367 | Target norm 83.59869384765625
Computing right vector (v)
Lookup index found: 1 | Sentence: Ray Lewis plays in the position of | Token:  Lewis
Rewrite layer is 8
Tying optimization objective to 27
Recording initial value of v*
loss 10.496 = 10.496 + 0.0 + 0.0 avg prob of [ midfielder] 2.857561776181683e-05
loss 5.752 = 5.741 + 0.009 + 0.002 avg prob of [ midfielder] 0.004971681162714958
loss 4.135 = 4.118 + 0.014 + 0.003 avg prob of [ midfielder] 0.022249778732657433
loss 2.799 = 2.776 + 0.019 + 0.004 avg prob of [ midfielder] 0.06992718577384949
loss 2.097 = 2.073 + 0.02 + 0.004 avg prob of [ midfielder] 0.13328461349010468
loss 1.27 = 1.242 + 0.023 + 0.004 avg prob of [ midfielder] 0.29754146933555603
loss 0.521 = 0.487 + 0.029 + 0.004 avg prob of [ midfielder] 0.6203703880310059
loss 0.2 = 0.159 + 0.037 + 0.004 avg prob of [ midfielder] 0.853988766670227
loss 0.115 = 0.07 + 0.041 + 0.004 avg prob of [ midfielder] 0.9328731894493103
loss 0.083 = 0.042 + 0.038 + 0.004 avg prob of [ midfielder] 0.959434986114502
loss 0.061 = 0.029 + 0.028 + 0.004 avg prob of [ midfielder] 0.9718741178512573
loss 0.044 = 0.021 + 0.019 + 0.004 avg prob of [ midfielder] 0.9795193076133728
Init norm 86.46292114257812 | Delta norm 64.8471908569336 | Target norm 105.6795425415039
Computing right vector (v)
Lookup index found: 4 | Sentence: Henry Schradieck performs on the | Token: ck
Rewrite layer is 8
Tying optimization objective to 27
Recording initial value of v*
loss 7.227 = 7.227 + 0.0 + 0.0 avg prob of [ trumpet] 0.001440844964236021
loss 4.496 = 4.492 + 0.001 + 0.003 avg prob of [ trumpet] 0.014793593436479568
loss 0.473 = 0.446 + 0.022 + 0.005 avg prob of [ trumpet] 0.6518202424049377
loss 0.055 = 0.005 + 0.045 + 0.005 avg prob of [ trumpet] 0.9953858852386475
loss 0.02 = 0.002 + 0.013 + 0.005 avg prob of [ trumpet] 0.9982680082321167
Init norm 71.04412078857422 | Delta norm 53.283084869384766 | Target norm 87.43466186523438
Computing right vector (v)
Lookup index found: 1 | Sentence: iCloud is created by | Token: Cloud
Rewrite layer is 8
Tying optimization objective to 27
Recording initial value of v*
loss 11.185 = 11.185 + 0.0 + 0.0 avg prob of [ Nintendo] 3.0854964279569685e-05
loss 6.542 = 6.528 + 0.011 + 0.002 avg prob of [ Nintendo] 0.0018041784642264247
loss 2.852 = 2.798 + 0.052 + 0.003 avg prob of [ Nintendo] 0.0759805291891098
loss 1.11 = 1.04 + 0.067 + 0.004 avg prob of [ Nintendo] 0.3768865466117859
loss 0.393 = 0.323 + 0.066 + 0.004 avg prob of [ Nintendo] 0.7389315366744995
loss 0.17 = 0.105 + 0.062 + 0.004 avg prob of [ Nintendo] 0.9043846130371094
loss 0.101 = 0.039 + 0.058 + 0.004 avg prob of [ Nintendo] 0.9623748660087585
loss 0.076 = 0.018 + 0.055 + 0.004 avg prob of [ Nintendo] 0.9827264547348022
loss 0.065 = 0.009 + 0.052 + 0.004 avg prob of [ Nintendo] 0.9906747341156006
loss 0.06 = 0.006 + 0.05 + 0.004 avg prob of [ Nintendo] 0.99420166015625
loss 0.056 = 0.004 + 0.048 + 0.004 avg prob of [ Nintendo] 0.9959599375724792
loss 0.054 = 0.003 + 0.047 + 0.004 avg prob of [ Nintendo] 0.9969279170036316
loss 0.052 = 0.002 + 0.045 + 0.004 avg prob of [ Nintendo] 0.9975069761276245
loss 0.05 = 0.002 + 0.044 + 0.004 avg prob of [ Nintendo] 0.9978782534599304
Init norm 94.2619857788086 | Delta norm 70.69649505615234 | Target norm 116.80846405029297
Computing right vector (v)
Lookup index found: 4 | Sentence: Zarqa Governorate is within | Token: ate
Rewrite layer is 8
Tying optimization objective to 27
Recording initial value of v*
loss 13.616 = 13.616 + 0.0 + 0.0 avg prob of [ Oregon] 1.665782065174426e-06
loss 8.83 = 8.82 + 0.008 + 0.002 avg prob of [ Oregon] 0.00023688968212809414
loss 2.704 = 2.655 + 0.045 + 0.004 avg prob of [ Oregon] 0.08333899825811386
loss 0.274 = 0.172 + 0.098 + 0.005 avg prob of [ Oregon] 0.8432261347770691
loss 0.057 = 0.022 + 0.03 + 0.005 avg prob of [ Oregon] 0.9780868291854858
loss 0.019 = 0.007 + 0.007 + 0.005 avg prob of [ Oregon] 0.9929509162902832
Init norm 82.92327880859375 | Delta norm 62.19245529174805 | Target norm 101.67498016357422
Computing right vector (v)
Lookup index found: 7 | Sentence: Ludwig Anzengruber lost their life at | Token: ber
Rewrite layer is 8
Tying optimization objective to 27
Recording initial value of v*
loss 9.293 = 9.293 + 0.0 + 0.0 avg prob of [ Rome] 0.00011197930143680423
loss 3.772 = 3.764 + 0.005 + 0.003 avg prob of [ Rome] 0.03995852917432785
loss 1.568 = 1.485 + 0.078 + 0.005 avg prob of [ Rome] 0.24342016875743866
loss 0.283 = 0.259 + 0.019 + 0.005 avg prob of [ Rome] 0.7773455381393433
loss 0.059 = 0.046 + 0.008 + 0.005 avg prob of [ Rome] 0.9555508494377136
loss 0.03 = 0.015 + 0.01 + 0.005 avg prob of [ Rome] 0.9847036600112915
Init norm 68.37429809570312 | Delta norm 51.28072738647461 | Target norm 84.5413589477539
Computing right vector (v)
Lookup index found: 2 | Sentence: Nescio writes in | Token: io
Rewrite layer is 8
Tying optimization objective to 27
Recording initial value of v*
loss 9.289 = 9.289 + 0.0 + 0.0 avg prob of [ Swedish] 0.00013621286780107766
loss 3.6 = 3.521 + 0.076 + 0.003 avg prob of [ Swedish] 0.04207241162657738
loss 0.61 = 0.519 + 0.087 + 0.004 avg prob of [ Swedish] 0.6116423010826111
loss 0.218 = 0.113 + 0.1 + 0.005 avg prob of [ Swedish] 0.8942141532897949
loss 0.155 = 0.051 + 0.099 + 0.005 avg prob of [ Swedish] 0.9508283138275146
loss 0.125 = 0.03 + 0.09 + 0.005 avg prob of [ Swedish] 0.9705572128295898
loss 0.108 = 0.021 + 0.083 + 0.005 avg prob of [ Swedish] 0.9794973134994507
loss 0.1 = 0.016 + 0.079 + 0.005 avg prob of [ Swedish] 0.9844051599502563
loss 0.094 = 0.013 + 0.076 + 0.005 avg prob of [ Swedish] 0.9875265955924988
loss 0.088 = 0.01 + 0.073 + 0.005 avg prob of [ Swedish] 0.9897114038467407
loss 0.083 = 0.009 + 0.069 + 0.005 avg prob of [ Swedish] 0.9913184642791748
loss 0.079 = 0.008 + 0.066 + 0.005 avg prob of [ Swedish] 0.99253249168396
loss 0.076 = 0.007 + 0.064 + 0.005 avg prob of [ Swedish] 0.9934679269790649
loss 0.074 = 0.006 + 0.063 + 0.005 avg prob of [ Swedish] 0.9942032694816589
loss 0.072 = 0.005 + 0.062 + 0.005 avg prob of [ Swedish] 0.9947919249534607
loss 0.07 = 0.005 + 0.06 + 0.005 avg prob of [ Swedish] 0.9952707290649414
loss 0.068 = 0.004 + 0.059 + 0.005 avg prob of [ Swedish] 0.9956662058830261
loss 0.067 = 0.004 + 0.058 + 0.005 avg prob of [ Swedish] 0.9959988594055176
loss 0.066 = 0.004 + 0.057 + 0.005 avg prob of [ Swedish] 0.9962844848632812
loss 0.064 = 0.003 + 0.056 + 0.005 avg prob of [ Swedish] 0.9965356588363647
loss 0.063 = 0.003 + 0.055 + 0.005 avg prob of [ Swedish] 0.9967619180679321
loss 0.062 = 0.003 + 0.054 + 0.005 avg prob of [ Swedish] 0.9969696998596191
loss 0.06 = 0.003 + 0.052 + 0.005 avg prob of [ Swedish] 0.9971632957458496
loss 0.058 = 0.003 + 0.051 + 0.005 avg prob of [ Swedish] 0.9973451495170593
loss 0.056 = 0.002 + 0.049 + 0.005 avg prob of [ Swedish] 0.9975163340568542
Init norm 76.42062377929688 | Delta norm 57.31546401977539 | Target norm 96.83267974853516
Computing right vector (v)
Lookup index found: 2 | Sentence: Something Wilder debuted on | Token: er
Rewrite layer is 8
Tying optimization objective to 27
Recording initial value of v*
loss 7.142 = 7.142 + 0.0 + 0.0 avg prob of [ ESPN] 0.0008355315658263862
loss 3.189 = 3.178 + 0.008 + 0.003 avg prob of [ ESPN] 0.04706132411956787
loss 0.324 = 0.285 + 0.035 + 0.005 avg prob of [ ESPN] 0.7624618411064148
loss 0.063 = 0.027 + 0.03 + 0.005 avg prob of [ ESPN] 0.9733375310897827
loss 0.043 = 0.005 + 0.032 + 0.005 avg prob of [ ESPN] 0.9950640201568604
Init norm 68.92278289794922 | Delta norm 51.69208526611328 | Target norm 84.90713500976562
Computing right vector (v)
Lookup index found: 5 | Sentence: Ouachita National Forest can be found in | Token:  Forest
Rewrite layer is 8
Tying optimization objective to 27
Recording initial value of v*
loss 12.15 = 12.15 + 0.0 + 0.0 avg prob of [ Victoria] 8.480966243951116e-06
loss 9.294 = 9.224 + 0.067 + 0.002 avg prob of [ Victoria] 0.00012688312563113868
loss 7.562 = 7.546 + 0.013 + 0.003 avg prob of [ Victoria] 0.0005962880095466971
loss 3.851 = 3.838 + 0.009 + 0.004 avg prob of [ Victoria] 0.023330070078372955
loss 0.358 = 0.344 + 0.009 + 0.004 avg prob of [ Victoria] 0.7101361751556396
loss 0.025 = 0.012 + 0.008 + 0.004 avg prob of [ Victoria] 0.9878694415092468
Init norm 87.5610580444336 | Delta norm 65.67079162597656 | Target norm 108.00350952148438
Computing right vector (v)
Lookup index found: 7 | Sentence: The language used by Jiang Qinqin is | Token: in
Rewrite layer is 8
Tying optimization objective to 27
Recording initial value of v*
loss 10.83 = 10.83 + 0.0 + 0.0 avg prob of [ French] 2.6904592232313007e-05
loss 6.864 = 6.847 + 0.015 + 0.002 avg prob of [ French] 0.0013752620434388518
loss 2.856 = 2.817 + 0.036 + 0.003 avg prob of [ French] 0.07393074780702591
loss 0.347 = 0.284 + 0.058 + 0.004 avg prob of [ French] 0.7607462406158447
loss 0.07 = 0.041 + 0.025 + 0.004 avg prob of [ French] 0.9605822563171387
loss 0.03 = 0.008 + 0.017 + 0.004 avg prob of [ French] 0.9918641448020935
Init norm 85.39140319824219 | Delta norm 64.04354858398438 | Target norm 105.6567153930664
Computing right vector (v)
Lookup index found: 1 | Sentence: The Who, that was formed in | Token:  Who
Rewrite layer is 8
Tying optimization objective to 27
Recording initial value of v*
loss 8.353 = 8.353 + 0.0 + 0.0 avg prob of [ Detroit] 0.0005896587390452623
loss 6.465 = 6.428 + 0.036 + 0.002 avg prob of [ Detroit] 0.0039027053862810135
loss 3.638 = 3.6 + 0.036 + 0.003 avg prob of [ Detroit] 0.1371365189552307
loss 1.087 = 1.047 + 0.037 + 0.004 avg prob of [ Detroit] 0.42180773615837097
loss 0.305 = 0.263 + 0.037 + 0.004 avg prob of [ Detroit] 0.7732803225517273
loss 0.143 = 0.103 + 0.036 + 0.004 avg prob of [ Detroit] 0.903310239315033
loss 0.082 = 0.042 + 0.035 + 0.004 avg prob of [ Detroit] 0.9587650299072266
loss 0.057 = 0.019 + 0.034 + 0.004 avg prob of [ Detroit] 0.9807909727096558
loss 0.047 = 0.01 + 0.032 + 0.004 avg prob of [ Detroit] 0.9899856448173523
Init norm 92.9455795288086 | Delta norm 69.70918273925781 | Target norm 118.67247009277344
Computing right vector (v)
Lookup index found: 8 | Sentence: The official religion of Bilal ibn Ribah is | Token: ah
Rewrite layer is 8
Tying optimization objective to 27
Recording initial value of v*
loss 5.076 = 5.076 + 0.0 + 0.0 avg prob of [ Judaism] 0.006814717780798674
loss 1.089 = 1.082 + 0.005 + 0.003 avg prob of [ Judaism] 0.3493303954601288
loss 0.113 = 0.099 + 0.01 + 0.004 avg prob of [ Judaism] 0.9058932065963745
loss 0.015 = 0.006 + 0.005 + 0.005 avg prob of [ Judaism] 0.9942511320114136
Init norm 76.74473571777344 | Delta norm 57.55855178833008 | Target norm 95.77965545654297
Computing right vector (v)
Lookup index found: 3 | Sentence: Hrant Dink succumbed at | Token: ink
Rewrite layer is 8
Tying optimization objective to 27
Recording initial value of v*
loss 8.655 = 8.655 + 0.0 + 0.0 avg prob of [ Paris] 0.00025671249022707343
loss 1.854 = 1.779 + 0.073 + 0.003 avg prob of [ Paris] 0.22026854753494263
loss 0.073 = 0.05 + 0.019 + 0.004 avg prob of [ Paris] 0.9519357085227966
loss 0.04 = 0.01 + 0.025 + 0.005 avg prob of [ Paris] 0.989815890789032
Init norm 78.73126220703125 | Delta norm 59.04844665527344 | Target norm 98.34479522705078
Computing right vector (v)
Lookup index found: 4 | Sentence: Cipriani Potter performs on the | Token:  Potter
Rewrite layer is 8
Tying optimization objective to 27
Recording initial value of v*
loss 7.966 = 7.966 + 0.0 + 0.0 avg prob of [ trumpet] 0.0005409260047599673
loss 6.646 = 6.588 + 0.055 + 0.003 avg prob of [ trumpet] 0.0025594960898160934
loss 4.293 = 4.214 + 0.073 + 0.005 avg prob of [ trumpet] 0.01907537877559662
loss 1.817 = 1.696 + 0.116 + 0.005 avg prob of [ trumpet] 0.19259580969810486
loss 0.329 = 0.161 + 0.162 + 0.005 avg prob of [ trumpet] 0.8528133630752563
loss 0.117 = 0.009 + 0.102 + 0.005 avg prob of [ trumpet] 0.9908797144889832
loss 0.095 = 0.003 + 0.086 + 0.005 avg prob of [ trumpet] 0.9966666102409363
loss 0.103 = 0.002 + 0.095 + 0.005 avg prob of [ trumpet] 0.9978299140930176
loss 0.1 = 0.002 + 0.093 + 0.005 avg prob of [ trumpet] 0.9980406165122986
loss 0.098 = 0.002 + 0.09 + 0.005 avg prob of [ trumpet] 0.9978055953979492
loss 0.092 = 0.002 + 0.084 + 0.005 avg prob of [ trumpet] 0.997910737991333
loss 0.089 = 0.002 + 0.081 + 0.005 avg prob of [ trumpet] 0.9981977343559265
loss 0.081 = 0.002 + 0.074 + 0.005 avg prob of [ trumpet] 0.9984745979309082
loss 0.077 = 0.001 + 0.07 + 0.005 avg prob of [ trumpet] 0.9987392425537109
loss 0.074 = 0.001 + 0.067 + 0.005 avg prob of [ trumpet] 0.9989879131317139
loss 0.067 = 0.001 + 0.06 + 0.005 avg prob of [ trumpet] 0.9991812705993652
loss 0.071 = 0.001 + 0.065 + 0.005 avg prob of [ trumpet] 0.9992890357971191
loss 0.066 = 0.001 + 0.06 + 0.005 avg prob of [ trumpet] 0.9994179606437683
loss 0.067 = 0.001 + 0.061 + 0.005 avg prob of [ trumpet] 0.9994303584098816
loss 0.066 = 0.001 + 0.06 + 0.005 avg prob of [ trumpet] 0.999366283416748
loss 0.064 = 0.001 + 0.058 + 0.005 avg prob of [ trumpet] 0.9992495775222778
loss 0.063 = 0.001 + 0.056 + 0.005 avg prob of [ trumpet] 0.999104380607605
loss 0.061 = 0.001 + 0.055 + 0.005 avg prob of [ trumpet] 0.998950183391571
loss 0.06 = 0.001 + 0.053 + 0.005 avg prob of [ trumpet] 0.998802125453949
loss 0.057 = 0.001 + 0.05 + 0.005 avg prob of [ trumpet] 0.9986702799797058
Init norm 68.18975067138672 | Delta norm 51.142311096191406 | Target norm 83.34624481201172
Computing right vector (v)
Lookup index found: 1 | Sentence: Comoros belongs to the continent of | Token: oros
Rewrite layer is 8
Tying optimization objective to 27
Recording initial value of v*
loss 7.935 = 7.935 + 0.0 + 0.0 avg prob of [ Antarctica] 0.0006837365217506886
loss 2.57 = 2.55 + 0.019 + 0.002 avg prob of [ Antarctica] 0.10072983801364899
loss 0.38 = 0.343 + 0.035 + 0.003 avg prob of [ Antarctica] 0.7246853709220886
loss 0.186 = 0.141 + 0.042 + 0.004 avg prob of [ Antarctica] 0.8709980249404907
loss 0.154 = 0.106 + 0.044 + 0.004 avg prob of [ Antarctica] 0.9004673361778259
loss 0.122 = 0.074 + 0.044 + 0.004 avg prob of [ Antarctica] 0.9289277791976929
loss 0.096 = 0.048 + 0.043 + 0.004 avg prob of [ Antarctica] 0.9530429840087891
loss 0.076 = 0.031 + 0.042 + 0.004 avg prob of [ Antarctica] 0.9696835279464722
loss 0.064 = 0.02 + 0.04 + 0.004 avg prob of [ Antarctica] 0.9800531268119812
loss 0.055 = 0.014 + 0.038 + 0.004 avg prob of [ Antarctica] 0.9863521456718445
loss 0.05 = 0.01 + 0.036 + 0.004 avg prob of [ Antarctica] 0.9902406930923462
Init norm 95.31990051269531 | Delta norm 71.48992919921875 | Target norm 117.90550231933594
Computing right vector (v)
Lookup index found: 5 | Sentence: Which position does Nolan Schaefer play? They play as | Token: efer
Rewrite layer is 8
Tying optimization objective to 27
Recording initial value of v*
loss 8.013 = 8.013 + 0.0 + 0.0 avg prob of [ midfielder] 0.0005129887140356004
loss 4.496 = 4.491 + 0.003 + 0.002 avg prob of [ midfielder] 0.018382759764790535
loss 2.416 = 2.387 + 0.026 + 0.004 avg prob of [ midfielder] 0.09426529705524445
loss 1.095 = 1.053 + 0.037 + 0.005 avg prob of [ midfielder] 0.3537253737449646
loss 0.262 = 0.233 + 0.024 + 0.005 avg prob of [ midfielder] 0.7929601669311523
loss 0.047 = 0.012 + 0.031 + 0.005 avg prob of [ midfielder] 0.9885580539703369
Init norm 80.73887634277344 | Delta norm 60.554161071777344 | Target norm 98.8632583618164
Computing right vector (v)
Lookup index found: 2 | Sentence: Henri Berger expired at | Token:  Berger
Rewrite layer is 8
Tying optimization objective to 27
Recording initial value of v*
loss 9.457 = 9.457 + 0.0 + 0.0 avg prob of [ Venice] 0.00011519294639583677
loss 5.594 = 5.568 + 0.023 + 0.003 avg prob of [ Venice] 0.006608824245631695
loss 2.045 = 2.009 + 0.03 + 0.005 avg prob of [ Venice] 0.14398843050003052
loss 0.267 = 0.224 + 0.038 + 0.005 avg prob of [ Venice] 0.8030489683151245
loss 0.049 = 0.01 + 0.034 + 0.005 avg prob of [ Venice] 0.9905645847320557
Init norm 68.5586166381836 | Delta norm 51.4189567565918 | Target norm 83.95846557617188
Computing right vector (v)
Lookup index found: 3 | Sentence: Kraftwerk was developed in | Token: erk
Rewrite layer is 8
Tying optimization objective to 27
Recording initial value of v*
loss 8.408 = 8.408 + 0.0 + 0.0 avg prob of [ Canada] 0.0005388730205595493
loss 5.554 = 5.548 + 0.004 + 0.002 avg prob of [ Canada] 0.004369861911982298
loss 3.811 = 3.798 + 0.01 + 0.003 avg prob of [ Canada] 0.02392580918967724
loss 2.399 = 2.375 + 0.02 + 0.004 avg prob of [ Canada] 0.09454240649938583
loss 1.636 = 1.612 + 0.019 + 0.004 avg prob of [ Canada] 0.20214176177978516
loss 0.875 = 0.853 + 0.017 + 0.004 avg prob of [ Canada] 0.43038687109947205
loss 0.437 = 0.414 + 0.019 + 0.004 avg prob of [ Canada] 0.6646336913108826
loss 0.236 = 0.21 + 0.022 + 0.004 avg prob of [ Canada] 0.8116922378540039
loss 0.144 = 0.116 + 0.024 + 0.004 avg prob of [ Canada] 0.8908244967460632
loss 0.099 = 0.07 + 0.025 + 0.004 avg prob of [ Canada] 0.9322776794433594
loss 0.075 = 0.046 + 0.025 + 0.004 avg prob of [ Canada] 0.9546753168106079
loss 0.061 = 0.033 + 0.024 + 0.004 avg prob of [ Canada] 0.9674803614616394
loss 0.051 = 0.025 + 0.022 + 0.004 avg prob of [ Canada] 0.975277304649353
loss 0.044 = 0.02 + 0.02 + 0.004 avg prob of [ Canada] 0.980320394039154
Init norm 86.72576141357422 | Delta norm 65.04431915283203 | Target norm 105.92770385742188
Computing right vector (v)
Lookup index found: 7 | Sentence: The location of Berlin Papyrus 6619 is | Token: 19
Rewrite layer is 8
Tying optimization objective to 27
Recording initial value of v*
loss 11.515 = 11.515 + 0.0 + 0.0 avg prob of [ Florence] 1.4438034668273758e-05
loss 7.603 = 7.594 + 0.007 + 0.003 avg prob of [ Florence] 0.000642088009044528
loss 2.37 = 2.356 + 0.011 + 0.004 avg prob of [ Florence] 0.1469879299402237
loss 0.021 = 0.004 + 0.013 + 0.005 avg prob of [ Florence] 0.9964970350265503
Init norm 79.90635681152344 | Delta norm 59.92976379394531 | Target norm 98.932861328125
Computing right vector (v)
Lookup index found: 3 | Sentence: Jacobus Revius, a native | Token: ius
Rewrite layer is 8
Tying optimization objective to 27
Recording initial value of v*
loss 8.005 = 8.005 + 0.0 + 0.0 avg prob of [ French] 0.00037394504761323333
loss 5.175 = 5.158 + 0.015 + 0.003 avg prob of [ French] 0.00686982087790966
loss 2.454 = 2.405 + 0.044 + 0.005 avg prob of [ French] 0.10834896564483643
loss 0.464 = 0.375 + 0.083 + 0.005 avg prob of [ French] 0.6897262930870056
loss 0.219 = 0.137 + 0.077 + 0.005 avg prob of [ French] 0.8726998567581177
loss 0.113 = 0.07 + 0.038 + 0.005 avg prob of [ French] 0.932593047618866
loss 0.06 = 0.044 + 0.011 + 0.005 avg prob of [ French] 0.9568150043487549
loss 0.043 = 0.031 + 0.006 + 0.005 avg prob of [ French] 0.9690529704093933
Init norm 71.48960876464844 | Delta norm 53.61720657348633 | Target norm 87.87698364257812
Computing right vector (v)
Lookup index found: 2 | Sentence: Philadelphia International Airport is named for | Token:  Airport
Rewrite layer is 8
Tying optimization objective to 27
Recording initial value of v*
loss 14.641 = 14.641 + 0.0 + 0.0 avg prob of [ Neptune] 1.0334456419514026e-06
loss 9.867 = 9.861 + 0.003 + 0.002 avg prob of [ Neptune] 7.456257299054414e-05
loss 2.975 = 2.96 + 0.011 + 0.003 avg prob of [ Neptune] 0.10250896215438843
loss 0.252 = 0.219 + 0.029 + 0.004 avg prob of [ Neptune] 0.8092532157897949
loss 0.044 = 0.006 + 0.034 + 0.004 avg prob of [ Neptune] 0.9939863681793213
Init norm 89.83697509765625 | Delta norm 67.37773132324219 | Target norm 109.29782104492188
Computing right vector (v)
Lookup index found: 9 | Sentence: The domain of work of John Polkinghorne is | Token: orne
Rewrite layer is 8
Tying optimization objective to 27
Recording initial value of v*
loss 13.981 = 13.981 + 0.0 + 0.0 avg prob of [ LGBT] 1.1601968026297982e-06
loss 6.241 = 6.232 + 0.007 + 0.002 avg prob of [ LGBT] 0.0030553953256458044
loss 3.438 = 3.421 + 0.014 + 0.004 avg prob of [ LGBT] 0.05543315038084984
loss 1.722 = 1.7 + 0.018 + 0.004 avg prob of [ LGBT] 0.2580014765262604
loss 0.6 = 0.576 + 0.02 + 0.004 avg prob of [ LGBT] 0.6054344177246094
loss 0.144 = 0.118 + 0.021 + 0.004 avg prob of [ LGBT] 0.8889168500900269
loss 0.065 = 0.037 + 0.023 + 0.004 avg prob of [ LGBT] 0.963432788848877
loss 0.05 = 0.016 + 0.029 + 0.004 avg prob of [ LGBT] 0.9840817451477051
Init norm 83.566650390625 | Delta norm 62.674983978271484 | Target norm 103.21162414550781
Computing right vector (v)
Lookup index found: 9 | Sentence: Khwaja Kamal-ud-Din follows the religion of | Token: in
Rewrite layer is 8
Tying optimization objective to 27
Recording initial value of v*
loss 7.729 = 7.729 + 0.0 + 0.0 avg prob of [ Judaism] 0.0007406463264487684
loss 6.286 = 6.263 + 0.02 + 0.003 avg prob of [ Judaism] 0.002438915427774191
loss 4.441 = 4.389 + 0.047 + 0.005 avg prob of [ Judaism] 0.013777892105281353
loss 2.099 = 2.035 + 0.059 + 0.005 avg prob of [ Judaism] 0.13362854719161987
loss 0.498 = 0.383 + 0.11 + 0.005 avg prob of [ Judaism] 0.683128297328949
loss 0.242 = 0.133 + 0.103 + 0.005 avg prob of [ Judaism] 0.8758577108383179
loss 0.142 = 0.05 + 0.087 + 0.005 avg prob of [ Judaism] 0.9515690207481384
loss 0.116 = 0.02 + 0.09 + 0.005 avg prob of [ Judaism] 0.9798206686973572
loss 0.099 = 0.01 + 0.083 + 0.005 avg prob of [ Judaism] 0.9900171160697937
loss 0.095 = 0.006 + 0.084 + 0.005 avg prob of [ Judaism] 0.9942352175712585
loss 0.088 = 0.004 + 0.079 + 0.005 avg prob of [ Judaism] 0.9960932731628418
loss 0.084 = 0.003 + 0.075 + 0.005 avg prob of [ Judaism] 0.9969820380210876
loss 0.08 = 0.003 + 0.073 + 0.005 avg prob of [ Judaism] 0.9974286556243896
loss 0.075 = 0.002 + 0.068 + 0.005 avg prob of [ Judaism] 0.9976013898849487
loss 0.071 = 0.002 + 0.064 + 0.005 avg prob of [ Judaism] 0.9975637197494507
loss 0.068 = 0.003 + 0.06 + 0.005 avg prob of [ Judaism] 0.9973446726799011
loss 0.063 = 0.003 + 0.054 + 0.005 avg prob of [ Judaism] 0.9970865249633789
loss 0.058 = 0.003 + 0.05 + 0.005 avg prob of [ Judaism] 0.9970641136169434
loss 0.055 = 0.003 + 0.047 + 0.005 avg prob of [ Judaism] 0.9974205493927002
loss 0.052 = 0.002 + 0.044 + 0.005 avg prob of [ Judaism] 0.9980137348175049
loss 0.049 = 0.001 + 0.042 + 0.005 avg prob of [ Judaism] 0.9986041784286499
Init norm 71.53717041015625 | Delta norm 53.65287780761719 | Target norm 86.63719177246094
Computing right vector (v)
Lookup index found: 3 | Sentence: What does Grimus play? They play | Token: us
Rewrite layer is 8
Tying optimization objective to 27
Recording initial value of v*
loss 7.448 = 7.448 + 0.0 + 0.0 avg prob of [ jazz] 0.0009626496466808021
loss 2.921 = 2.868 + 0.051 + 0.003 avg prob of [ jazz] 0.05989813804626465
loss 0.944 = 0.9 + 0.039 + 0.004 avg prob of [ jazz] 0.406919002532959
loss 0.291 = 0.243 + 0.043 + 0.005 avg prob of [ jazz] 0.7868212461471558
loss 0.127 = 0.082 + 0.04 + 0.005 avg prob of [ jazz] 0.9215428233146667
loss 0.067 = 0.028 + 0.034 + 0.005 avg prob of [ jazz] 0.9722403287887573
loss 0.046 = 0.012 + 0.029 + 0.005 avg prob of [ jazz] 0.9882950782775879
Init norm 78.9872817993164 | Delta norm 59.2404670715332 | Target norm 97.564208984375
Computing right vector (v)
Lookup index found: 1 | Sentence: Williams Hills is a part of the continent of | Token:  Hills
Rewrite layer is 8
Tying optimization objective to 27
Recording initial value of v*
loss 3.856 = 3.856 + 0.0 + 0.0 avg prob of [ Asia] 0.023786788806319237
loss 1.118 = 1.057 + 0.058 + 0.002 avg prob of [ Asia] 0.42007753252983093
loss 0.263 = 0.196 + 0.063 + 0.003 avg prob of [ Asia] 0.8273462653160095
loss 0.131 = 0.072 + 0.055 + 0.004 avg prob of [ Asia] 0.9319877624511719
loss 0.075 = 0.036 + 0.035 + 0.004 avg prob of [ Asia] 0.9651467204093933
loss 0.049 = 0.021 + 0.023 + 0.004 avg prob of [ Asia] 0.97919100522995
Init norm 85.47728729248047 | Delta norm 64.10796356201172 | Target norm 106.60279083251953
Computing right vector (v)
Lookup index found: 1 | Sentence: FIFA, created in | Token: IFA
Rewrite layer is 8
Tying optimization objective to 27
Recording initial value of v*
loss 12.737 = 12.737 + 0.0 + 0.0 avg prob of [ Atlanta] 7.049190571706276e-06
loss 7.643 = 7.599 + 0.042 + 0.002 avg prob of [ Atlanta] 0.0006796109955757856
loss 5.646 = 5.581 + 0.062 + 0.003 avg prob of [ Atlanta] 0.006702158134430647
loss 2.796 = 2.713 + 0.079 + 0.004 avg prob of [ Atlanta] 0.11793109774589539
loss 0.755 = 0.662 + 0.088 + 0.004 avg prob of [ Atlanta] 0.5702642202377319
loss 0.184 = 0.078 + 0.101 + 0.004 avg prob of [ Atlanta] 0.9269022345542908
loss 0.131 = 0.019 + 0.108 + 0.004 avg prob of [ Atlanta] 0.981505811214447
loss 0.119 = 0.009 + 0.106 + 0.004 avg prob of [ Atlanta] 0.9914649724960327
loss 0.107 = 0.005 + 0.098 + 0.004 avg prob of [ Atlanta] 0.9949283599853516
loss 0.093 = 0.003 + 0.086 + 0.004 avg prob of [ Atlanta] 0.996586799621582
loss 0.079 = 0.003 + 0.072 + 0.004 avg prob of [ Atlanta] 0.9975025653839111
loss 0.065 = 0.002 + 0.059 + 0.004 avg prob of [ Atlanta] 0.9980456829071045
loss 0.053 = 0.002 + 0.047 + 0.004 avg prob of [ Atlanta] 0.9983824491500854
loss 0.044 = 0.001 + 0.038 + 0.004 avg prob of [ Atlanta] 0.9986011981964111
Init norm 88.65184020996094 | Delta norm 66.48887634277344 | Target norm 108.06348419189453
Computing right vector (v)
Lookup index found: 3 | Sentence: Double Helix Games is based in | Token:  Games
Rewrite layer is 8
Tying optimization objective to 27
Recording initial value of v*
loss 6.339 = 6.339 + 0.0 + 0.0 avg prob of [ Atlanta] 0.0018071801168844104
loss 4.137 = 4.124 + 0.011 + 0.003 avg prob of [ Atlanta] 0.016748972237110138
loss 1.732 = 1.712 + 0.016 + 0.004 avg prob of [ Atlanta] 0.18577861785888672
loss 0.23 = 0.21 + 0.016 + 0.005 avg prob of [ Atlanta] 0.8145458102226257
loss 0.076 = 0.055 + 0.016 + 0.005 avg prob of [ Atlanta] 0.9466935992240906
loss 0.042 = 0.021 + 0.016 + 0.005 avg prob of [ Atlanta] 0.9791215658187866
Init norm 76.81904602050781 | Delta norm 57.614280700683594 | Target norm 94.50104522705078
Computing right vector (v)
Lookup index found: 5 | Sentence: The language of Jack Holborn was | Token: born
Rewrite layer is 8
Tying optimization objective to 27
Recording initial value of v*
loss 12.331 = 12.331 + 0.0 + 0.0 avg prob of [ Tamil] 5.635029083350673e-06
loss 9.635 = 9.628 + 0.003 + 0.003 avg prob of [ Tamil] 0.0002243660856038332
loss 4.352 = 4.329 + 0.017 + 0.005 avg prob of [ Tamil] 0.04828817769885063
loss 0.503 = 0.473 + 0.025 + 0.005 avg prob of [ Tamil] 0.7053360939025879
loss 0.053 = 0.018 + 0.029 + 0.005 avg prob of [ Tamil] 0.9819962382316589
loss 0.031 = 0.007 + 0.019 + 0.005 avg prob of [ Tamil] 0.9933770895004272
Init norm 68.43018341064453 | Delta norm 51.3226432800293 | Target norm 83.7888412475586
Computing right vector (v)
Lookup index found: 3 | Sentence: LaSalle Bank, whose headquarters are in | Token:  Bank
Rewrite layer is 8
Tying optimization objective to 27
Recording initial value of v*
loss 13.864 = 13.864 + 0.0 + 0.0 avg prob of [ Nancy] 1.2587280480147456e-06
loss 9.318 = 9.304 + 0.011 + 0.003 avg prob of [ Nancy] 0.00011523235298227519
loss 1.265 = 1.206 + 0.055 + 0.004 avg prob of [ Nancy] 0.37433886528015137
loss 0.093 = 0.0 + 0.088 + 0.005 avg prob of [ Nancy] 0.9995449781417847
loss 0.089 = 0.0 + 0.084 + 0.005 avg prob of [ Nancy] 0.9999394416809082
loss 0.073 = 0.0 + 0.068 + 0.005 avg prob of [ Nancy] 0.9999527335166931
loss 0.062 = 0.0 + 0.057 + 0.005 avg prob of [ Nancy] 0.9999313354492188
loss 0.055 = 0.0 + 0.05 + 0.005 avg prob of [ Nancy] 0.9998814463615417
loss 0.051 = 0.0 + 0.046 + 0.005 avg prob of [ Nancy] 0.9997939467430115
loss 0.048 = 0.0 + 0.043 + 0.005 avg prob of [ Nancy] 0.999661922454834
Init norm 78.36775207519531 | Delta norm 58.77581787109375 | Target norm 97.16670989990234
Computing right vector (v)
Lookup index found: 4 | Sentence: Toyota Verossa, produced by | Token: a
Rewrite layer is 8
Tying optimization objective to 27
Recording initial value of v*
loss 12.524 = 12.524 + 0.0 + 0.0 avg prob of [ Triumph] 4.9986792873824015e-06
loss 7.253 = 7.238 + 0.011 + 0.004 avg prob of [ Triumph] 0.0008684167987667024
loss 3.751 = 3.697 + 0.048 + 0.006 avg prob of [ Triumph] 0.028990060091018677
loss 1.058 = 0.966 + 0.086 + 0.006 avg prob of [ Triumph] 0.40576761960983276
loss 0.225 = 0.138 + 0.082 + 0.006 avg prob of [ Triumph] 0.8734996318817139
loss 0.092 = 0.026 + 0.061 + 0.006 avg prob of [ Triumph] 0.9746500849723816
loss 0.052 = 0.009 + 0.037 + 0.006 avg prob of [ Triumph] 0.9906363487243652
loss 0.033 = 0.005 + 0.022 + 0.006 avg prob of [ Triumph] 0.9946682453155518
Init norm 67.12433624267578 | Delta norm 50.34325408935547 | Target norm 83.38526916503906
Computing right vector (v)
Lookup index found: 4 | Sentence: Carlos Fuentes speaks the language | Token: es
Rewrite layer is 8
Tying optimization objective to 27
Recording initial value of v*
loss 12.054 = 12.054 + 0.0 + 0.0 avg prob of [ Italian] 1.1502706911414862e-05
loss 9.24 = 9.231 + 0.006 + 0.003 avg prob of [ Italian] 0.000123248144518584
loss 6.089 = 6.061 + 0.023 + 0.005 avg prob of [ Italian] 0.0029940081294625998
loss 3.032 = 2.987 + 0.04 + 0.005 avg prob of [ Italian] 0.05816362425684929
loss 1.105 = 1.026 + 0.075 + 0.005 avg prob of [ Italian] 0.3802682161331177
loss 0.354 = 0.252 + 0.097 + 0.005 avg prob of [ Italian] 0.7817408442497253
loss 0.117 = 0.074 + 0.038 + 0.005 avg prob of [ Italian] 0.9293472170829773
loss 0.058 = 0.034 + 0.019 + 0.005 avg prob of [ Italian] 0.9668678641319275
loss 0.042 = 0.02 + 0.017 + 0.005 avg prob of [ Italian] 0.9805096387863159
Init norm 72.42243957519531 | Delta norm 54.31683349609375 | Target norm 87.11376953125
Computing right vector (v)
Lookup index found: 3 | Sentence: Paolo Bertoli died at | Token: oli
Rewrite layer is 8
Tying optimization objective to 27
Recording initial value of v*
loss 8.104 = 8.104 + 0.0 + 0.0 avg prob of [ Paris] 0.0006074686534702778
loss 5.883 = 5.876 + 0.003 + 0.003 avg prob of [ Paris] 0.011065015569329262
loss 2.51 = 2.496 + 0.01 + 0.005 avg prob of [ Paris] 0.14582215249538422
loss 0.53 = 0.508 + 0.016 + 0.005 avg prob of [ Paris] 0.6141549348831177
loss 0.046 = 0.02 + 0.021 + 0.005 avg prob of [ Paris] 0.9798819422721863
Init norm 72.4146957397461 | Delta norm 54.31101989746094 | Target norm 88.93982696533203
Computing right vector (v)
Lookup index found: 4 | Sentence: Stanislaus Hosius's position is | Token: ius
Rewrite layer is 8
Tying optimization objective to 27
Recording initial value of v*
loss 12.819 = 12.819 + 0.0 + 0.0 avg prob of [ pope] 2.998233412654372e-06
loss 9.205 = 9.18 + 0.021 + 0.003 avg prob of [ pope] 0.00020429742289707065
loss 4.911 = 4.823 + 0.084 + 0.005 avg prob of [ pope] 0.009813094511628151
loss 1.548 = 1.285 + 0.258 + 0.005 avg prob of [ pope] 0.3023838996887207
loss 0.34 = 0.113 + 0.222 + 0.005 avg prob of [ pope] 0.8968561887741089
loss 0.176 = 0.018 + 0.153 + 0.005 avg prob of [ pope] 0.9821552038192749
loss 0.155 = 0.01 + 0.14 + 0.005 avg prob of [ pope] 0.9902071952819824
loss 0.146 = 0.007 + 0.134 + 0.005 avg prob of [ pope] 0.9925737380981445
loss 0.143 = 0.007 + 0.131 + 0.005 avg prob of [ pope] 0.9926714897155762
loss 0.137 = 0.005 + 0.127 + 0.005 avg prob of [ pope] 0.9948953986167908
loss 0.13 = 0.003 + 0.122 + 0.005 avg prob of [ pope] 0.9973558187484741
loss 0.122 = 0.002 + 0.115 + 0.005 avg prob of [ pope] 0.998342752456665
loss 0.11 = 0.001 + 0.104 + 0.005 avg prob of [ pope] 0.998630702495575
loss 0.106 = 0.001 + 0.1 + 0.005 avg prob of [ pope] 0.9987114667892456
loss 0.103 = 0.001 + 0.097 + 0.005 avg prob of [ pope] 0.9987982511520386
loss 0.094 = 0.001 + 0.088 + 0.005 avg prob of [ pope] 0.9989153742790222
loss 0.08 = 0.001 + 0.073 + 0.005 avg prob of [ pope] 0.9990279078483582
loss 0.056 = 0.001 + 0.05 + 0.005 avg prob of [ pope] 0.9990900754928589
loss 0.026 = 0.001 + 0.02 + 0.005 avg prob of [ pope] 0.999053955078125
Init norm 72.76142883300781 | Delta norm 54.57107162475586 | Target norm 90.32643127441406
Computing right vector (v)
Lookup index found: 2 | Sentence: Roxy Music was created in | Token:  Music
Rewrite layer is 8
Tying optimization objective to 27
Recording initial value of v*
loss 8.264 = 8.264 + 0.0 + 0.0 avg prob of [ Munich] 0.00029374053701758385
loss 2.142 = 2.127 + 0.013 + 0.002 avg prob of [ Munich] 0.12762349843978882
loss 0.363 = 0.338 + 0.022 + 0.003 avg prob of [ Munich] 0.7248473167419434
loss 0.062 = 0.03 + 0.029 + 0.004 avg prob of [ Munich] 0.9710254073143005
loss 0.037 = 0.008 + 0.025 + 0.004 avg prob of [ Munich] 0.9919780492782593
Init norm 90.91641235351562 | Delta norm 68.18731689453125 | Target norm 114.5483627319336
Computing right vector (v)
Lookup index found: 6 | Sentence: The profession of Arun Nehru is | Token: ru
Rewrite layer is 8
Tying optimization objective to 27
Recording initial value of v*
loss 8.883 = 8.883 + 0.0 + 0.0 avg prob of [ actor] 0.0002058932150248438
loss 3.183 = 3.162 + 0.018 + 0.003 avg prob of [ actor] 0.04920489341020584
loss 1.585 = 1.546 + 0.036 + 0.004 avg prob of [ actor] 0.21832525730133057
loss 0.624 = 0.585 + 0.035 + 0.005 avg prob of [ actor] 0.5615228414535522
loss 0.219 = 0.181 + 0.033 + 0.005 avg prob of [ actor] 0.8353222608566284
loss 0.09 = 0.042 + 0.043 + 0.005 avg prob of [ actor] 0.9585415124893188
loss 0.058 = 0.013 + 0.04 + 0.005 avg prob of [ actor] 0.9869081377983093
loss 0.042 = 0.006 + 0.031 + 0.005 avg prob of [ actor] 0.9940473437309265
Init norm 79.07756805419922 | Delta norm 59.308170318603516 | Target norm 95.85934448242188
Computing right vector (v)
Lookup index found: 2 | Sentence: Texas Medical Center can be found in | Token:  Center
Rewrite layer is 8
Tying optimization objective to 27
Recording initial value of v*
loss 8.965 = 8.965 + 0.0 + 0.0 avg prob of [ Victoria] 0.00015684665413573384
loss 7.275 = 7.263 + 0.009 + 0.003 avg prob of [ Victoria] 0.0009020214201882482
loss 2.928 = 2.904 + 0.02 + 0.004 avg prob of [ Victoria] 0.079360231757164
loss 0.267 = 0.233 + 0.03 + 0.005 avg prob of [ Victoria] 0.802776038646698
loss 0.046 = 0.006 + 0.035 + 0.005 avg prob of [ Victoria] 0.9938240051269531
Init norm 75.93942260742188 | Delta norm 56.954566955566406 | Target norm 95.67351531982422
Computing right vector (v)
Lookup index found: 5 | Sentence: Anne Danican Philidor is originally from | Token: or
Rewrite layer is 8
Tying optimization objective to 27
Recording initial value of v*
loss 6.962 = 6.962 + 0.0 + 0.0 avg prob of [ Miami] 0.001021163654513657
loss 4.222 = 4.206 + 0.014 + 0.003 avg prob of [ Miami] 0.018181294202804565
loss 0.941 = 0.92 + 0.017 + 0.004 avg prob of [ Miami] 0.4108535051345825
loss 0.232 = 0.196 + 0.031 + 0.005 avg prob of [ Miami] 0.8243457078933716
loss 0.082 = 0.053 + 0.024 + 0.005 avg prob of [ Miami] 0.9491051435470581
loss 0.04 = 0.016 + 0.019 + 0.005 avg prob of [ Miami] 0.9837359189987183
Init norm 76.6057357788086 | Delta norm 57.45429992675781 | Target norm 95.14689636230469
Computing right vector (v)
Lookup index found: 7 | Sentence: Which position does Curtis McElhinney play? They play as | Token: ney
Rewrite layer is 8
Tying optimization objective to 27
Recording initial value of v*
loss 8.86 = 8.86 + 0.0 + 0.0 avg prob of [ linebacker] 0.00017723164637573063
loss 6.811 = 6.802 + 0.007 + 0.003 avg prob of [ linebacker] 0.0011674105189740658
loss 5.468 = 5.454 + 0.01 + 0.005 avg prob of [ linebacker] 0.0043639326468110085
loss 4.643 = 4.628 + 0.01 + 0.005 avg prob of [ linebacker] 0.010041693225502968
loss 4.037 = 4.022 + 0.01 + 0.005 avg prob of [ linebacker] 0.018408430740237236
loss 3.236 = 3.221 + 0.011 + 0.005 avg prob of [ linebacker] 0.04079952836036682
loss 2.234 = 2.216 + 0.013 + 0.005 avg prob of [ linebacker] 0.11038623750209808
loss 1.237 = 1.217 + 0.015 + 0.005 avg prob of [ linebacker] 0.29806196689605713
loss 0.489 = 0.469 + 0.015 + 0.005 avg prob of [ linebacker] 0.6274736523628235
loss 0.166 = 0.146 + 0.015 + 0.005 avg prob of [ linebacker] 0.8649944067001343
loss 0.068 = 0.049 + 0.014 + 0.005 avg prob of [ linebacker] 0.952652633190155
loss 0.038 = 0.021 + 0.012 + 0.005 avg prob of [ linebacker] 0.9794987440109253
Init norm 75.07134246826172 | Delta norm 56.303504943847656 | Target norm 90.59329223632812
Computing right vector (v)
Lookup index found: 3 | Sentence: Miguel Jones, the | Token:  Jones
Rewrite layer is 8
Tying optimization objective to 27
Recording initial value of v*
loss 7.974 = 7.974 + 0.0 + 0.0 avg prob of [ quarterback] 0.001014917390421033
loss 3.837 = 3.786 + 0.048 + 0.004 avg prob of [ quarterback] 0.024146821349859238
loss 1.12 = 1.049 + 0.065 + 0.006 avg prob of [ quarterback] 0.3668604791164398
loss 0.312 = 0.242 + 0.063 + 0.006 avg prob of [ quarterback] 0.7871412038803101
loss 0.136 = 0.074 + 0.057 + 0.006 avg prob of [ quarterback] 0.9292911291122437
loss 0.089 = 0.036 + 0.047 + 0.006 avg prob of [ quarterback] 0.9642530679702759
loss 0.067 = 0.023 + 0.037 + 0.006 avg prob of [ quarterback] 0.9769392013549805
loss 0.055 = 0.017 + 0.032 + 0.006 avg prob of [ quarterback] 0.9831411838531494
loss 0.05 = 0.013 + 0.031 + 0.006 avg prob of [ quarterback] 0.9868776798248291
loss 0.047 = 0.011 + 0.031 + 0.006 avg prob of [ quarterback] 0.989480197429657
Init norm 65.15435028076172 | Delta norm 48.865760803222656 | Target norm 80.8715591430664
Computing right vector (v)
Lookup index found: 8 | Sentence: Where is Arvfurstens palats? It is located in | Token: ats
Rewrite layer is 8
Tying optimization objective to 27
Recording initial value of v*
loss 6.764 = 6.764 + 0.0 + 0.0 avg prob of [ Helsinki] 0.0012195676099509
loss 0.592 = 0.563 + 0.027 + 0.002 avg prob of [ Helsinki] 0.5761024951934814
loss 0.084 = 0.036 + 0.044 + 0.004 avg prob of [ Helsinki] 0.9643725752830505
loss 0.046 = 0.012 + 0.029 + 0.005 avg prob of [ Helsinki] 0.9879133105278015
Init norm 80.9413833618164 | Delta norm 60.70603561401367 | Target norm 102.37100982666016
Computing right vector (v)
Lookup index found: 3 | Sentence: Serge Nigg died in | Token: igg
Rewrite layer is 8
Tying optimization objective to 27
Recording initial value of v*
loss 7.733 = 7.733 + 0.0 + 0.0 avg prob of [ Hamburg] 0.000508167955558747
loss 6.498 = 6.417 + 0.078 + 0.003 avg prob of [ Hamburg] 0.0017069082241505384
loss 1.876 = 1.792 + 0.078 + 0.005 avg prob of [ Hamburg] 0.17418193817138672
loss 0.118 = 0.026 + 0.087 + 0.005 avg prob of [ Hamburg] 0.9745692014694214
loss 0.093 = 0.002 + 0.086 + 0.005 avg prob of [ Hamburg] 0.9977338314056396
loss 0.089 = 0.001 + 0.083 + 0.005 avg prob of [ Hamburg] 0.9993867874145508
loss 0.085 = 0.0 + 0.079 + 0.005 avg prob of [ Hamburg] 0.9996330738067627
loss 0.081 = 0.0 + 0.076 + 0.005 avg prob of [ Hamburg] 0.9996355772018433
loss 0.079 = 0.0 + 0.073 + 0.005 avg prob of [ Hamburg] 0.9995220899581909
loss 0.078 = 0.001 + 0.072 + 0.005 avg prob of [ Hamburg] 0.9992928504943848
loss 0.077 = 0.001 + 0.071 + 0.005 avg prob of [ Hamburg] 0.9989449977874756
loss 0.077 = 0.001 + 0.07 + 0.005 avg prob of [ Hamburg] 0.9985363483428955
loss 0.075 = 0.002 + 0.068 + 0.005 avg prob of [ Hamburg] 0.9982081651687622
loss 0.074 = 0.002 + 0.066 + 0.005 avg prob of [ Hamburg] 0.9981036186218262
loss 0.072 = 0.002 + 0.065 + 0.005 avg prob of [ Hamburg] 0.9982470870018005
loss 0.071 = 0.001 + 0.064 + 0.005 avg prob of [ Hamburg] 0.998537540435791
loss 0.069 = 0.001 + 0.062 + 0.005 avg prob of [ Hamburg] 0.9988559484481812
loss 0.066 = 0.001 + 0.06 + 0.005 avg prob of [ Hamburg] 0.9991330504417419
loss 0.058 = 0.001 + 0.052 + 0.005 avg prob of [ Hamburg] 0.9993492960929871
loss 0.036 = 0.0 + 0.031 + 0.005 avg prob of [ Hamburg] 0.9995055198669434
Init norm 70.97132873535156 | Delta norm 53.22849655151367 | Target norm 90.90589904785156
Computing right vector (v)
Lookup index found: 7 | Sentence: The occupation of Cristina Peri Rossi is | Token:  Rossi
Rewrite layer is 8
Tying optimization objective to 27
Recording initial value of v*
loss 12.077 = 12.077 + 0.0 + 0.0 avg prob of [ composer] 1.3358867363422178e-05
loss 7.194 = 7.185 + 0.005 + 0.003 avg prob of [ composer] 0.0012253456516191363
loss 2.199 = 2.17 + 0.024 + 0.005 avg prob of [ composer] 0.12560322880744934
loss 0.856 = 0.832 + 0.019 + 0.005 avg prob of [ composer] 0.4912889897823334
loss 0.163 = 0.132 + 0.026 + 0.005 avg prob of [ composer] 0.8902004957199097
loss 0.056 = 0.023 + 0.028 + 0.005 avg prob of [ composer] 0.9772137999534607
loss 0.047 = 0.014 + 0.028 + 0.005 avg prob of [ composer] 0.9859575033187866
Init norm 71.12969207763672 | Delta norm 53.347267150878906 | Target norm 87.00567626953125
Computing right vector (v)
Lookup index found: 2 | Sentence: Erbil SC is located in the country of | Token:  SC
Rewrite layer is 8
Tying optimization objective to 27
Recording initial value of v*
loss 12.003 = 12.003 + 0.0 + 0.0 avg prob of [ Latvia] 1.8021457435679622e-05
loss 6.238 = 6.206 + 0.029 + 0.004 avg prob of [ Latvia] 0.0025149285793304443
loss 3.19 = 3.082 + 0.103 + 0.006 avg prob of [ Latvia] 0.04896872863173485
loss 1.036 = 0.966 + 0.064 + 0.006 avg prob of [ Latvia] 0.38916048407554626
loss 0.135 = 0.067 + 0.062 + 0.006 avg prob of [ Latvia] 0.9353086352348328
loss 0.075 = 0.012 + 0.057 + 0.006 avg prob of [ Latvia] 0.9876684546470642
loss 0.069 = 0.007 + 0.056 + 0.006 avg prob of [ Latvia] 0.9930181503295898
loss 0.065 = 0.006 + 0.053 + 0.006 avg prob of [ Latvia] 0.9940738677978516
loss 0.061 = 0.005 + 0.05 + 0.006 avg prob of [ Latvia] 0.9951936602592468
loss 0.058 = 0.004 + 0.049 + 0.006 avg prob of [ Latvia] 0.9963425397872925
loss 0.054 = 0.003 + 0.046 + 0.006 avg prob of [ Latvia] 0.997280478477478
loss 0.05 = 0.002 + 0.043 + 0.006 avg prob of [ Latvia] 0.9979683756828308
loss 0.046 = 0.002 + 0.039 + 0.006 avg prob of [ Latvia] 0.998431921005249
Init norm 66.17642211914062 | Delta norm 49.632320404052734 | Target norm 80.97892761230469
Computing right vector (v)
Lookup index found: 2 | Sentence: Fiat 126, produced by | Token:  126
Rewrite layer is 8
Tying optimization objective to 27
Recording initial value of v*
loss 11.398 = 11.398 + 0.0 + 0.0 avg prob of [ Apple] 1.3372412468015682e-05
loss 7.395 = 7.353 + 0.038 + 0.003 avg prob of [ Apple] 0.0012312446488067508
loss 2.239 = 2.169 + 0.065 + 0.005 avg prob of [ Apple] 0.1442236751317978
loss 0.451 = 0.345 + 0.1 + 0.005 avg prob of [ Apple] 0.7219592928886414
loss 0.184 = 0.11 + 0.069 + 0.005 avg prob of [ Apple] 0.8995248675346375
loss 0.092 = 0.041 + 0.046 + 0.005 avg prob of [ Apple] 0.9607400298118591
loss 0.063 = 0.015 + 0.042 + 0.005 avg prob of [ Apple] 0.9848612546920776
loss 0.055 = 0.006 + 0.044 + 0.005 avg prob of [ Apple] 0.9937536716461182
loss 0.053 = 0.003 + 0.045 + 0.005 avg prob of [ Apple] 0.9970836043357849
loss 0.051 = 0.002 + 0.045 + 0.005 avg prob of [ Apple] 0.9984517097473145
loss 0.049 = 0.001 + 0.043 + 0.005 avg prob of [ Apple] 0.9990879893302917
Init norm 71.78255462646484 | Delta norm 53.8369140625 | Target norm 89.27970886230469
Computing right vector (v)
Lookup index found: 5 | Sentence: The law in Swiss Federal Constitution declares the language | Token:  Constitution
Rewrite layer is 8
Tying optimization objective to 27
Recording initial value of v*
loss 7.477 = 7.477 + 0.0 + 0.0 avg prob of [ French] 0.000663818558678031
loss 3.804 = 3.794 + 0.008 + 0.002 avg prob of [ French] 0.02411097101867199
loss 0.72 = 0.695 + 0.02 + 0.004 avg prob of [ French] 0.5096420049667358
loss 0.053 = 0.009 + 0.038 + 0.005 avg prob of [ French] 0.9905953407287598
loss 0.063 = 0.006 + 0.052 + 0.005 avg prob of [ French] 0.993834376335144
loss 0.081 = 0.005 + 0.072 + 0.005 avg prob of [ French] 0.9954954981803894
loss 0.081 = 0.004 + 0.073 + 0.005 avg prob of [ French] 0.9963819980621338
loss 0.079 = 0.003 + 0.072 + 0.005 avg prob of [ French] 0.9969162344932556
loss 0.074 = 0.003 + 0.066 + 0.005 avg prob of [ French] 0.997266411781311
loss 0.058 = 0.003 + 0.051 + 0.005 avg prob of [ French] 0.9974946975708008
loss 0.071 = 0.002 + 0.064 + 0.005 avg prob of [ French] 0.9976661205291748
loss 0.053 = 0.002 + 0.046 + 0.005 avg prob of [ French] 0.9978541135787964
loss 0.053 = 0.002 + 0.046 + 0.005 avg prob of [ French] 0.9979891777038574
loss 0.046 = 0.002 + 0.04 + 0.005 avg prob of [ French] 0.9980880618095398
Init norm 81.23393249511719 | Delta norm 60.925453186035156 | Target norm 97.24427795410156
Computing right vector (v)
Lookup index found: 7 | Sentence: Sir William Pearce, 1st Baronet found employment in | Token: et
Rewrite layer is 8
Tying optimization objective to 27
Recording initial value of v*
loss 7.564 = 7.564 + 0.0 + 0.0 avg prob of [ Boston] 0.0006125207291916013
loss 3.989 = 3.973 + 0.013 + 0.003 avg prob of [ Boston] 0.020530492067337036
loss 1.749 = 1.665 + 0.079 + 0.005 avg prob of [ Boston] 0.19482681155204773
loss 0.253 = 0.237 + 0.011 + 0.005 avg prob of [ Boston] 0.7914619445800781
loss 0.082 = 0.072 + 0.005 + 0.005 avg prob of [ Boston] 0.9304907321929932
loss 0.039 = 0.03 + 0.004 + 0.005 avg prob of [ Boston] 0.9706494212150574
Init norm 71.63497161865234 | Delta norm 53.72623062133789 | Target norm 89.50639343261719
Computing right vector (v)
Lookup index found: 1 | Sentence: Hitachi is located in | Token: achi
Rewrite layer is 8
Tying optimization objective to 27
Recording initial value of v*
loss 8.741 = 8.741 + 0.0 + 0.0 avg prob of [ Houston] 0.0002558615815360099
loss 4.193 = 4.163 + 0.028 + 0.002 avg prob of [ Houston] 0.022572137415409088
loss 1.589 = 1.54 + 0.047 + 0.003 avg prob of [ Houston] 0.30444496870040894
loss 0.548 = 0.485 + 0.059 + 0.004 avg prob of [ Houston] 0.6483954787254333
loss 0.253 = 0.187 + 0.062 + 0.004 avg prob of [ Houston] 0.8363515734672546
loss 0.142 = 0.078 + 0.06 + 0.004 avg prob of [ Houston] 0.9263277053833008
loss 0.097 = 0.035 + 0.059 + 0.004 avg prob of [ Houston] 0.9662623405456543
loss 0.078 = 0.017 + 0.057 + 0.004 avg prob of [ Houston] 0.9831308126449585
loss 0.069 = 0.009 + 0.055 + 0.004 avg prob of [ Houston] 0.9905872344970703
loss 0.063 = 0.006 + 0.053 + 0.004 avg prob of [ Houston] 0.994168758392334
loss 0.059 = 0.004 + 0.051 + 0.004 avg prob of [ Houston] 0.9960470199584961
loss 0.055 = 0.003 + 0.049 + 0.004 avg prob of [ Houston] 0.997113823890686
loss 0.053 = 0.002 + 0.047 + 0.004 avg prob of [ Houston] 0.9977619051933289
loss 0.051 = 0.002 + 0.045 + 0.004 avg prob of [ Houston] 0.9981781840324402
loss 0.049 = 0.002 + 0.044 + 0.004 avg prob of [ Houston] 0.9984574317932129
Init norm 95.32875061035156 | Delta norm 71.49656677246094 | Target norm 119.97298431396484
Computing right vector (v)
Lookup index found: 2 | Sentence: Seacouver, which was called after | Token: ouver
Rewrite layer is 8
Tying optimization objective to 27
Recording initial value of v*
loss 13.061 = 13.061 + 0.0 + 0.0 avg prob of [ Birmingham] 2.2951323899178533e-06
loss 9.055 = 9.02 + 0.032 + 0.003 avg prob of [ Birmingham] 0.00023098327801562846
loss 3.604 = 3.556 + 0.043 + 0.004 avg prob of [ Birmingham] 0.04430856555700302
loss 0.96 = 0.928 + 0.027 + 0.005 avg prob of [ Birmingham] 0.42640718817710876
loss 0.2 = 0.169 + 0.026 + 0.005 avg prob of [ Birmingham] 0.8467604517936707
loss 0.071 = 0.039 + 0.027 + 0.005 avg prob of [ Birmingham] 0.9620503783226013
loss 0.045 = 0.013 + 0.027 + 0.005 avg prob of [ Birmingham] 0.9873290061950684
Init norm 74.3236083984375 | Delta norm 55.742706298828125 | Target norm 93.05226135253906
Computing right vector (v)
Lookup index found: 4 | Sentence: Montgomery Bus Boycott is in | Token: cott
Rewrite layer is 8
Tying optimization objective to 27
Recording initial value of v*
loss 13.03 = 13.03 + 0.0 + 0.0 avg prob of [ Lisbon] 3.210627255612053e-06
loss 9.239 = 9.232 + 0.005 + 0.003 avg prob of [ Lisbon] 0.000128763189422898
loss 3.411 = 3.393 + 0.015 + 0.004 avg prob of [ Lisbon] 0.04030124098062515
loss 0.451 = 0.398 + 0.049 + 0.005 avg prob of [ Lisbon] 0.6774918437004089
loss 0.108 = 0.04 + 0.063 + 0.005 avg prob of [ Lisbon] 0.9606031775474548
loss 0.057 = 0.009 + 0.043 + 0.005 avg prob of [ Lisbon] 0.9909375905990601
loss 0.031 = 0.004 + 0.023 + 0.005 avg prob of [ Lisbon] 0.9962378740310669
Init norm 78.9375228881836 | Delta norm 59.20314025878906 | Target norm 96.87983703613281
Computing right vector (v)
Lookup index found: 4 | Sentence: Carlos Botelho died at | Token: ho
Rewrite layer is 8
Tying optimization objective to 27
Recording initial value of v*
loss 11.292 = 11.292 + 0.0 + 0.0 avg prob of [ Brisbane] 1.747637361404486e-05
loss 8.085 = 8.054 + 0.027 + 0.004 avg prob of [ Brisbane] 0.000574681325815618
loss 4.729 = 4.621 + 0.102 + 0.006 avg prob of [ Brisbane] 0.015887059271335602
loss 1.825 = 1.722 + 0.097 + 0.006 avg prob of [ Brisbane] 0.24891921877861023
loss 0.194 = 0.118 + 0.07 + 0.006 avg prob of [ Brisbane] 0.892509937286377
loss 0.063 = 0.015 + 0.043 + 0.006 avg prob of [ Brisbane] 0.985569953918457
loss 0.045 = 0.006 + 0.034 + 0.006 avg prob of [ Brisbane] 0.9944767951965332
Init norm 65.97222137451172 | Delta norm 49.479164123535156 | Target norm 82.23013305664062
Computing right vector (v)
Lookup index found: 2 | Sentence: Airplane! plays | Token: !
Rewrite layer is 8
Tying optimization objective to 27
Recording initial value of v*
loss 12.617 = 12.617 + 0.0 + 0.0 avg prob of [ opera] 3.3835353860922623e-06
loss 9.39 = 9.368 + 0.019 + 0.003 avg prob of [ opera] 9.4068338512443e-05
loss 5.323 = 5.25 + 0.068 + 0.005 avg prob of [ opera] 0.005704372189939022
loss 2.064 = 1.98 + 0.079 + 0.005 avg prob of [ opera] 0.14168184995651245
loss 0.259 = 0.133 + 0.121 + 0.005 avg prob of [ opera] 0.8796617388725281
loss 0.071 = 0.018 + 0.047 + 0.005 avg prob of [ opera] 0.9821624755859375
loss 0.047 = 0.006 + 0.035 + 0.005 avg prob of [ opera] 0.9935880899429321
Init norm 71.7098617553711 | Delta norm 53.78239440917969 | Target norm 89.2770767211914
Computing right vector (v)
Lookup index found: 1 | Sentence: App Store, created by | Token:  Store
Rewrite layer is 8
Tying optimization objective to 27
Recording initial value of v*
loss 7.563 = 7.563 + 0.0 + 0.0 avg prob of [ Intel] 0.0006955806165933609
loss 5.781 = 5.712 + 0.068 + 0.002 avg prob of [ Intel] 0.0059186723083257675
loss 2.391 = 2.381 + 0.007 + 0.003 avg prob of [ Intel] 0.1153031587600708
loss 0.024 = 0.009 + 0.011 + 0.004 avg prob of [ Intel] 0.9910484552383423
Init norm 88.99727630615234 | Delta norm 60.94247055053711 | Target norm 108.65444946289062
Computing right vector (v)
Lookup index found: 5 | Sentence: Lebedev Physical Institute's headquarters are in | Token:  Institute
Rewrite layer is 8
Tying optimization objective to 27
Recording initial value of v*
loss 11.578 = 11.578 + 0.0 + 0.0 avg prob of [ Albuquerque] 1.044360215018969e-05
loss 7.877 = 7.845 + 0.029 + 0.003 avg prob of [ Albuquerque] 0.0004773499385919422
loss 4.224 = 4.19 + 0.03 + 0.005 avg prob of [ Albuquerque] 0.015548638999462128
loss 1.32 = 1.287 + 0.027 + 0.005 avg prob of [ Albuquerque] 0.2925843894481659
loss 0.073 = 0.045 + 0.023 + 0.005 avg prob of [ Albuquerque] 0.95587557554245
loss 0.037 = 0.009 + 0.022 + 0.005 avg prob of [ Albuquerque] 0.9907393455505371
Init norm 73.39214324951172 | Delta norm 55.044105529785156 | Target norm 90.34127807617188
Computing right vector (v)
Lookup index found: 5 | Sentence: The headquarter of WaterAid is located in | Token: Aid
Rewrite layer is 8
Tying optimization objective to 27
Recording initial value of v*
loss 8.432 = 8.432 + 0.0 + 0.0 avg prob of [ Netherlands] 0.0002446025318931788
loss 2.739 = 2.735 + 0.003 + 0.002 avg prob of [ Netherlands] 0.07177528738975525
loss 0.352 = 0.339 + 0.01 + 0.003 avg prob of [ Netherlands] 0.7158136367797852
loss 0.057 = 0.033 + 0.02 + 0.004 avg prob of [ Netherlands] 0.968083381652832
loss 0.035 = 0.009 + 0.021 + 0.004 avg prob of [ Netherlands] 0.9908654093742371
Init norm 88.78907012939453 | Delta norm 66.59180450439453 | Target norm 109.98662567138672
Computing right vector (v)
Lookup index found: 3 | Sentence: Inva Mula plays | Token: ula
Rewrite layer is 8
Tying optimization objective to 27
Recording initial value of v*
loss 12.286 = 12.286 + 0.0 + 0.0 avg prob of [ thriller] 5.359780516300816e-06
loss 8.27 = 8.197 + 0.069 + 0.003 avg prob of [ thriller] 0.0003839226847048849
loss 5.162 = 5.056 + 0.101 + 0.005 avg prob of [ thriller] 0.006608718540519476
loss 2.281 = 2.191 + 0.085 + 0.005 avg prob of [ thriller] 0.11341022700071335
loss 0.21 = 0.078 + 0.127 + 0.005 avg prob of [ thriller] 0.926064133644104
loss 0.141 = 0.033 + 0.102 + 0.005 avg prob of [ thriller] 0.967641294002533
loss 0.099 = 0.02 + 0.074 + 0.005 avg prob of [ thriller] 0.9803261756896973
loss 0.079 = 0.004 + 0.07 + 0.005 avg prob of [ thriller] 0.9958462119102478
loss 0.072 = 0.002 + 0.065 + 0.005 avg prob of [ thriller] 0.9981869459152222
loss 0.066 = 0.001 + 0.059 + 0.005 avg prob of [ thriller] 0.998593807220459
loss 0.063 = 0.001 + 0.056 + 0.005 avg prob of [ thriller] 0.9986268281936646
loss 0.06 = 0.001 + 0.053 + 0.005 avg prob of [ thriller] 0.9985761642456055
loss 0.056 = 0.002 + 0.049 + 0.005 avg prob of [ thriller] 0.9984965324401855
loss 0.053 = 0.002 + 0.046 + 0.005 avg prob of [ thriller] 0.9984191656112671
loss 0.05 = 0.002 + 0.043 + 0.005 avg prob of [ thriller] 0.9983710050582886
Init norm 69.10910034179688 | Delta norm 51.83182144165039 | Target norm 83.57920837402344
Computing right vector (v)
Lookup index found: 5 | Sentence: In Haninge Municipality, they understand | Token: ality
Rewrite layer is 8
Tying optimization objective to 27
Recording initial value of v*
loss 11.135 = 11.135 + 0.0 + 0.0 avg prob of [ French] 1.8570357497083023e-05
loss 8.474 = 8.463 + 0.009 + 0.002 avg prob of [ French] 0.00032898702193051577
loss 2.776 = 2.754 + 0.018 + 0.004 avg prob of [ French] 0.0918894037604332
loss 0.155 = 0.036 + 0.114 + 0.005 avg prob of [ French] 0.9651336073875427
loss 0.041 = 0.021 + 0.016 + 0.005 avg prob of [ French] 0.9790534973144531
Init norm 82.57960510253906 | Delta norm 61.93470001220703 | Target norm 102.43960571289062
Computing right vector (v)
Lookup index found: 4 | Sentence: Pascal Quignard speaks the language | Token: ard
Rewrite layer is 8
Tying optimization objective to 27
Recording initial value of v*
loss 7.888 = 7.888 + 0.0 + 0.0 avg prob of [ English] 0.0006637234473600984
loss 4.612 = 4.593 + 0.016 + 0.003 avg prob of [ English] 0.014500243589282036
loss 0.907 = 0.835 + 0.066 + 0.005 avg prob of [ English] 0.4710991382598877
loss 0.098 = 0.034 + 0.059 + 0.005 avg prob of [ English] 0.9674063920974731
loss 0.042 = 0.005 + 0.032 + 0.005 avg prob of [ English] 0.9951993227005005
Init norm 69.61931610107422 | Delta norm 52.21448516845703 | Target norm 85.77069854736328
Computing right vector (v)
Lookup index found: 7 | Sentence: Knud, Hereditary Prince of Denmark died in | Token:  Denmark
Rewrite layer is 8
Tying optimization objective to 27
Recording initial value of v*
loss 10.313 = 10.313 + 0.0 + 0.0 avg prob of [ Montreal] 3.6134679248789325e-05
loss 7.951 = 7.947 + 0.001 + 0.003 avg prob of [ Montreal] 0.0003600258787628263
loss 5.639 = 5.633 + 0.002 + 0.004 avg prob of [ Montreal] 0.0038737114518880844
loss 2.846 = 2.839 + 0.002 + 0.005 avg prob of [ Montreal] 0.06089437007904053
loss 0.937 = 0.928 + 0.004 + 0.005 avg prob of [ Montreal] 0.3985331952571869
loss 0.197 = 0.184 + 0.008 + 0.005 avg prob of [ Montreal] 0.8321759700775146
loss 0.054 = 0.043 + 0.006 + 0.005 avg prob of [ Montreal] 0.9580817222595215
loss 0.026 = 0.015 + 0.006 + 0.005 avg prob of [ Montreal] 0.9847070574760437
Init norm 78.13433837890625 | Delta norm 58.60075378417969 | Target norm 94.4974365234375
Computing right vector (v)
Lookup index found: 1 | Sentence: Third Watch premieres on | Token:  Watch
Rewrite layer is 8
Tying optimization objective to 27
Recording initial value of v*
loss 6.399 = 6.399 + 0.0 + 0.0 avg prob of [ BBC] 0.0038157403469085693
loss 2.808 = 2.771 + 0.035 + 0.002 avg prob of [ BBC] 0.06579254567623138
loss 0.977 = 0.942 + 0.032 + 0.004 avg prob of [ BBC] 0.4036497473716736
loss 0.35 = 0.302 + 0.043 + 0.004 avg prob of [ BBC] 0.743404746055603
loss 0.172 = 0.122 + 0.045 + 0.004 avg prob of [ BBC] 0.8856645822525024
loss 0.101 = 0.054 + 0.043 + 0.004 avg prob of [ BBC] 0.948065996170044
loss 0.069 = 0.027 + 0.038 + 0.004 avg prob of [ BBC] 0.9734244346618652
loss 0.051 = 0.016 + 0.031 + 0.004 avg prob of [ BBC] 0.9844083189964294
loss 0.04 = 0.01 + 0.025 + 0.004 avg prob of [ BBC] 0.9897259473800659
Init norm 83.3770980834961 | Delta norm 62.53281784057617 | Target norm 103.5092544555664
Computing right vector (v)
Lookup index found: 4 | Sentence: Egon Brunswik's profession is a | Token: ik
Rewrite layer is 8
Tying optimization objective to 27
Recording initial value of v*
loss 7.408 = 7.408 + 0.0 + 0.0 avg prob of [ politician] 0.0007848520763218403
loss 5.792 = 5.778 + 0.011 + 0.003 avg prob of [ politician] 0.004126091953366995
loss 3.382 = 3.352 + 0.025 + 0.005 avg prob of [ politician] 0.042963117361068726
loss 1.753 = 1.729 + 0.018 + 0.005 avg prob of [ politician] 0.19783049821853638
loss 0.758 = 0.737 + 0.016 + 0.005 avg prob of [ politician] 0.49805837869644165
loss 0.27 = 0.247 + 0.018 + 0.005 avg prob of [ politician] 0.7859689593315125
loss 0.085 = 0.06 + 0.019 + 0.005 avg prob of [ politician] 0.9417481422424316
loss 0.044 = 0.017 + 0.021 + 0.005 avg prob of [ politician] 0.98285311460495
Init norm 71.07920837402344 | Delta norm 53.309410095214844 | Target norm 87.53164672851562
Computing right vector (v)
Lookup index found: 5 | Sentence: Emmanuel Hocquard, a native | Token: ard
Rewrite layer is 8
Tying optimization objective to 27
Recording initial value of v*
loss 8.169 = 8.169 + 0.0 + 0.0 avg prob of [ Russian] 0.000290819036308676
loss 5.542 = 5.537 + 0.002 + 0.003 avg prob of [ Russian] 0.004433223977684975
loss 2.402 = 2.389 + 0.008 + 0.005 avg prob of [ Russian] 0.09980665147304535
loss 0.994 = 0.982 + 0.007 + 0.005 avg prob of [ Russian] 0.38981112837791443
loss 0.32 = 0.302 + 0.012 + 0.005 avg prob of [ Russian] 0.7470056414604187
loss 0.13 = 0.101 + 0.023 + 0.005 avg prob of [ Russian] 0.9051011800765991
loss 0.072 = 0.043 + 0.024 + 0.005 avg prob of [ Russian] 0.9586433172225952
loss 0.042 = 0.023 + 0.014 + 0.005 avg prob of [ Russian] 0.9774901270866394
Init norm 69.42279815673828 | Delta norm 52.067100524902344 | Target norm 85.16950225830078
Computing right vector (v)
Lookup index found: 2 | Sentence: Laura Smet, speaker of | Token: et
Rewrite layer is 8
Tying optimization objective to 27
Recording initial value of v*
loss 8.729 = 8.729 + 0.0 + 0.0 avg prob of [ Russian] 0.0001705922040855512
loss 1.931 = 1.879 + 0.049 + 0.003 avg prob of [ Russian] 0.20973770320415497
loss 0.93 = 0.645 + 0.28 + 0.005 avg prob of [ Russian] 0.5377916097640991
loss 0.369 = 0.177 + 0.187 + 0.005 avg prob of [ Russian] 0.8412994742393494
loss 0.165 = 0.101 + 0.059 + 0.005 avg prob of [ Russian] 0.9054245948791504
loss 0.093 = 0.066 + 0.022 + 0.005 avg prob of [ Russian] 0.936529815196991
loss 0.077 = 0.047 + 0.025 + 0.005 avg prob of [ Russian] 0.9545986652374268
loss 0.07 = 0.034 + 0.03 + 0.005 avg prob of [ Russian] 0.9665242433547974
loss 0.061 = 0.026 + 0.03 + 0.005 avg prob of [ Russian] 0.9746561050415039
loss 0.051 = 0.02 + 0.026 + 0.005 avg prob of [ Russian] 0.9803271293640137
loss 0.035 = 0.016 + 0.014 + 0.005 avg prob of [ Russian] 0.984350860118866
Init norm 69.05816650390625 | Delta norm 51.79362487792969 | Target norm 88.04491424560547
Computing right vector (v)
Lookup index found: 2 | Sentence: AnnaGrace, that was created in | Token: ace
Rewrite layer is 8
Tying optimization objective to 27
Recording initial value of v*
loss 7.877 = 7.877 + 0.0 + 0.0 avg prob of [ Mexico] 0.00040046588401310146
loss 4.652 = 4.626 + 0.023 + 0.003 avg prob of [ Mexico] 0.013171671889722347
loss 1.009 = 0.944 + 0.06 + 0.004 avg prob of [ Mexico] 0.3960554003715515
loss 0.105 = 0.021 + 0.079 + 0.005 avg prob of [ Mexico] 0.978996992111206
loss 0.081 = 0.008 + 0.068 + 0.005 avg prob of [ Mexico] 0.9923805594444275
loss 0.071 = 0.005 + 0.061 + 0.005 avg prob of [ Mexico] 0.9950742721557617
loss 0.067 = 0.004 + 0.058 + 0.005 avg prob of [ Mexico] 0.9961816668510437
loss 0.065 = 0.003 + 0.057 + 0.005 avg prob of [ Mexico] 0.9968869090080261
loss 0.064 = 0.003 + 0.056 + 0.005 avg prob of [ Mexico] 0.9973694682121277
loss 0.062 = 0.002 + 0.055 + 0.005 avg prob of [ Mexico] 0.9976797103881836
loss 0.06 = 0.002 + 0.053 + 0.005 avg prob of [ Mexico] 0.9978841543197632
loss 0.058 = 0.002 + 0.051 + 0.005 avg prob of [ Mexico] 0.9980377554893494
loss 0.056 = 0.002 + 0.049 + 0.005 avg prob of [ Mexico] 0.9981703162193298
loss 0.054 = 0.002 + 0.047 + 0.005 avg prob of [ Mexico] 0.9982947707176208
loss 0.051 = 0.002 + 0.045 + 0.005 avg prob of [ Mexico] 0.9984154105186462
loss 0.049 = 0.001 + 0.043 + 0.005 avg prob of [ Mexico] 0.9985315203666687
Init norm 76.34574890136719 | Delta norm 57.25931167602539 | Target norm 94.59520721435547
Computing right vector (v)
Lookup index found: 4 | Sentence: Stanley Hauerwas follows the religion of | Token: was
Rewrite layer is 8
Tying optimization objective to 27
Recording initial value of v*
loss 7.717 = 7.717 + 0.0 + 0.0 avg prob of [ Islam] 0.0005297620082274079
loss 2.353 = 2.338 + 0.013 + 0.002 avg prob of [ Islam] 0.09866371005773544
loss 1.035 = 1.007 + 0.024 + 0.004 avg prob of [ Islam] 0.3743257522583008
loss 0.473 = 0.436 + 0.032 + 0.005 avg prob of [ Islam] 0.6523459553718567
loss 0.209 = 0.18 + 0.024 + 0.005 avg prob of [ Islam] 0.8374640941619873
loss 0.1 = 0.079 + 0.016 + 0.005 avg prob of [ Islam] 0.9244880676269531
loss 0.056 = 0.04 + 0.011 + 0.005 avg prob of [ Islam] 0.9607456922531128
loss 0.038 = 0.023 + 0.01 + 0.005 avg prob of [ Islam] 0.9770227670669556
Init norm 80.2701644897461 | Delta norm 60.2026252746582 | Target norm 99.72865295410156
Computing right vector (v)
Lookup index found: 4 | Sentence: The Gregory Hines Show debuted on | Token:  Show
Rewrite layer is 8
Tying optimization objective to 27
Recording initial value of v*
loss 2.624 = 2.624 + 0.0 + 0.0 avg prob of [ NBC] 0.07506518065929413
loss 0.927 = 0.911 + 0.013 + 0.004 avg prob of [ NBC] 0.42804834246635437
loss 0.058 = 0.037 + 0.015 + 0.006 avg prob of [ NBC] 0.9638761281967163
loss 0.023 = 0.004 + 0.014 + 0.006 avg prob of [ NBC] 0.9964761734008789
Init norm 67.14118957519531 | Delta norm 50.355892181396484 | Target norm 83.82398986816406
Computing right vector (v)
Lookup index found: 6 | Sentence: The Darrell Schweitzer Megapack is known for performing | Token: ack
Rewrite layer is 8
Tying optimization objective to 27
Recording initial value of v*
loss 10.722 = 10.722 + 0.0 + 0.0 avg prob of [ jazz] 3.012045635841787e-05
loss 4.329 = 4.283 + 0.043 + 0.002 avg prob of [ jazz] 0.015760181471705437
loss 2.271 = 2.084 + 0.184 + 0.003 avg prob of [ jazz] 0.12567314505577087
loss 0.701 = 0.652 + 0.045 + 0.004 avg prob of [ jazz] 0.5230425596237183
loss 0.213 = 0.172 + 0.036 + 0.004 avg prob of [ jazz] 0.8420159816741943
loss 0.093 = 0.05 + 0.039 + 0.004 avg prob of [ jazz] 0.9513975977897644
loss 0.065 = 0.019 + 0.042 + 0.004 avg prob of [ jazz] 0.9816820621490479
loss 0.056 = 0.009 + 0.043 + 0.004 avg prob of [ jazz] 0.9912287592887878
loss 0.052 = 0.005 + 0.043 + 0.004 avg prob of [ jazz] 0.9950391054153442
loss 0.05 = 0.003 + 0.042 + 0.004 avg prob of [ jazz] 0.9968341588973999
Init norm 85.28299713134766 | Delta norm 63.96225357055664 | Target norm 105.40091705322266
Computing right vector (v)
Lookup index found: 4 | Sentence: Dziga Vertov passed away in | Token: ov
Rewrite layer is 8
Tying optimization objective to 27
Recording initial value of v*
loss 10.56 = 10.56 + 0.0 + 0.0 avg prob of [ Rome] 3.74448936781846e-05
loss 2.241 = 2.219 + 0.02 + 0.002 avg prob of [ Rome] 0.13426217436790466
loss 0.175 = 0.15 + 0.022 + 0.004 avg prob of [ Rome] 0.8628591895103455
loss 0.079 = 0.044 + 0.03 + 0.004 avg prob of [ Rome] 0.9570345878601074
loss 0.048 = 0.018 + 0.025 + 0.004 avg prob of [ Rome] 0.9818363189697266
Init norm 83.9900131225586 | Delta norm 62.99250793457031 | Target norm 105.4666976928711
Computing right vector (v)
Lookup index found: 6 | Sentence: Ferdinando d'Adda holds the title of | Token: a
Rewrite layer is 8
Tying optimization objective to 27
Recording initial value of v*
loss 7.463 = 7.463 + 0.0 + 0.0 avg prob of [ bishop] 0.0011245209025219083
loss 2.326 = 2.311 + 0.012 + 0.004 avg prob of [ bishop] 0.10441634058952332
loss 0.406 = 0.379 + 0.021 + 0.006 avg prob of [ bishop] 0.6892089247703552
loss 0.128 = 0.113 + 0.009 + 0.006 avg prob of [ bishop] 0.8935200572013855
loss 0.049 = 0.038 + 0.005 + 0.006 avg prob of [ bishop] 0.9625167846679688
Init norm 66.28535461425781 | Delta norm 49.714012145996094 | Target norm 83.37141418457031
Computing right vector (v)
Lookup index found: 4 | Sentence: The language of Radio Times is | Token:  Times
Rewrite layer is 8
Tying optimization objective to 27
Recording initial value of v*
loss 12.052 = 12.052 + 0.0 + 0.0 avg prob of [ Tamil] 1.3256684724183287e-05
loss 8.775 = 8.732 + 0.04 + 0.002 avg prob of [ Tamil] 0.00028017113800160587
loss 5.022 = 4.903 + 0.115 + 0.003 avg prob of [ Tamil] 0.017626211047172546
loss 1.667 = 1.525 + 0.137 + 0.004 avg prob of [ Tamil] 0.2980426847934723
loss 0.17 = 0.021 + 0.145 + 0.004 avg prob of [ Tamil] 0.9796309471130371
loss 0.084 = 0.002 + 0.078 + 0.004 avg prob of [ Tamil] 0.998314619064331
loss 0.088 = 0.001 + 0.083 + 0.004 avg prob of [ Tamil] 0.9993342757225037
loss 0.088 = 0.0 + 0.083 + 0.004 avg prob of [ Tamil] 0.9995700120925903
loss 0.087 = 0.0 + 0.082 + 0.004 avg prob of [ Tamil] 0.9996559619903564
loss 0.085 = 0.0 + 0.081 + 0.004 avg prob of [ Tamil] 0.9996966123580933
loss 0.082 = 0.0 + 0.077 + 0.004 avg prob of [ Tamil] 0.9997191429138184
loss 0.078 = 0.0 + 0.073 + 0.004 avg prob of [ Tamil] 0.9997326731681824
loss 0.074 = 0.0 + 0.069 + 0.004 avg prob of [ Tamil] 0.9997415542602539
loss 0.067 = 0.0 + 0.063 + 0.004 avg prob of [ Tamil] 0.9997485876083374
loss 0.059 = 0.0 + 0.055 + 0.004 avg prob of [ Tamil] 0.9997551441192627
loss 0.059 = 0.0 + 0.054 + 0.004 avg prob of [ Tamil] 0.9997639060020447
loss 0.054 = 0.0 + 0.05 + 0.004 avg prob of [ Tamil] 0.99977707862854
loss 0.052 = 0.0 + 0.048 + 0.004 avg prob of [ Tamil] 0.9997864961624146
loss 0.051 = 0.0 + 0.047 + 0.004 avg prob of [ Tamil] 0.9997925758361816
loss 0.05 = 0.0 + 0.046 + 0.004 avg prob of [ Tamil] 0.9997974634170532
loss 0.048 = 0.0 + 0.043 + 0.004 avg prob of [ Tamil] 0.9998022317886353
Init norm 88.84839630126953 | Delta norm 66.63630676269531 | Target norm 107.3323745727539
Computing right vector (v)
Lookup index found: 5 | Sentence: The location of Dowsborough is | Token: borough
Rewrite layer is 8
Tying optimization objective to 27
Recording initial value of v*
loss 12.929 = 12.929 + 0.0 + 0.0 avg prob of [ Montreal] 4.923745564155979e-06
loss 9.338 = 9.302 + 0.033 + 0.003 avg prob of [ Montreal] 0.00016971107106655836
loss 6.186 = 6.062 + 0.119 + 0.005 avg prob of [ Montreal] 0.004669064190238714
loss 3.325 = 3.216 + 0.103 + 0.005 avg prob of [ Montreal] 0.08801516145467758
loss 0.761 = 0.677 + 0.079 + 0.005 avg prob of [ Montreal] 0.5593869090080261
loss 0.165 = 0.08 + 0.081 + 0.005 avg prob of [ Montreal] 0.9242798686027527
loss 0.134 = 0.04 + 0.089 + 0.005 avg prob of [ Montreal] 0.9604446291923523
loss 0.1 = 0.015 + 0.08 + 0.005 avg prob of [ Montreal] 0.9847041368484497
loss 0.08 = 0.005 + 0.07 + 0.005 avg prob of [ Montreal] 0.9946990013122559
loss 0.065 = 0.002 + 0.057 + 0.005 avg prob of [ Montreal] 0.9978673458099365
loss 0.053 = 0.001 + 0.047 + 0.005 avg prob of [ Montreal] 0.9989573359489441
loss 0.055 = 0.001 + 0.049 + 0.005 avg prob of [ Montreal] 0.9993835687637329
loss 0.054 = 0.0 + 0.048 + 0.005 avg prob of [ Montreal] 0.9995691776275635
loss 0.047 = 0.0 + 0.042 + 0.005 avg prob of [ Montreal] 0.9996554255485535
Init norm 72.71976470947266 | Delta norm 54.53982162475586 | Target norm 87.84273529052734
Computing right vector (v)
Lookup index found: 5 | Sentence: Gleb Kotelnikov, a native | Token: nikov
Rewrite layer is 8
Tying optimization objective to 27
Recording initial value of v*
loss 8.209 = 8.209 + 0.0 + 0.0 avg prob of [ French] 0.00030632823472842574
loss 5.811 = 5.778 + 0.03 + 0.004 avg prob of [ French] 0.0034918140154331923
loss 2.304 = 2.267 + 0.031 + 0.006 avg prob of [ French] 0.1094842478632927
loss 0.819 = 0.786 + 0.027 + 0.006 avg prob of [ French] 0.4613332152366638
loss 0.338 = 0.303 + 0.03 + 0.006 avg prob of [ French] 0.740206241607666
loss 0.159 = 0.129 + 0.024 + 0.006 avg prob of [ French] 0.87911057472229
loss 0.085 = 0.065 + 0.015 + 0.006 avg prob of [ French] 0.93760746717453
loss 0.048 = 0.035 + 0.007 + 0.006 avg prob of [ French] 0.9653811454772949
Init norm 66.68819427490234 | Delta norm 50.016143798828125 | Target norm 81.572509765625
Computing right vector (v)
Lookup index found: 1 | Sentence: Paul IV's position is | Token:  IV
Rewrite layer is 8
Tying optimization objective to 27
Recording initial value of v*
loss 13.322 = 13.322 + 0.0 + 0.0 avg prob of [ mayor] 3.797264753302443e-06
loss 11.576 = 11.526 + 0.047 + 0.002 avg prob of [ mayor] 1.4652277968707494e-05
loss 8.568 = 8.528 + 0.036 + 0.004 avg prob of [ mayor] 0.00029230580548755825
loss 3.762 = 3.725 + 0.032 + 0.005 avg prob of [ mayor] 0.05461420118808746
loss 1.408 = 1.372 + 0.031 + 0.005 avg prob of [ mayor] 0.29698389768600464
loss 0.324 = 0.249 + 0.07 + 0.005 avg prob of [ mayor] 0.7866644263267517
loss 0.133 = 0.053 + 0.075 + 0.005 avg prob of [ mayor] 0.9495295286178589
loss 0.083 = 0.019 + 0.06 + 0.005 avg prob of [ mayor] 0.9818668365478516
loss 0.068 = 0.008 + 0.055 + 0.005 avg prob of [ mayor] 0.9916993975639343
loss 0.042 = 0.004 + 0.033 + 0.005 avg prob of [ mayor] 0.9955539107322693
Init norm 80.901123046875 | Delta norm 60.67584991455078 | Target norm 96.41045379638672
Computing right vector (v)
Lookup index found: 1 | Sentence: Anggun speaks | Token: gun
Rewrite layer is 8
Tying optimization objective to 27
Recording initial value of v*
loss 6.72 = 6.72 + 0.0 + 0.0 avg prob of [ French] 0.002446201164275408
loss 2.608 = 2.55 + 0.055 + 0.003 avg prob of [ French] 0.08844093978404999
loss 1.336 = 1.259 + 0.073 + 0.004 avg prob of [ French] 0.2879006862640381
loss 0.679 = 0.588 + 0.086 + 0.005 avg prob of [ French] 0.5630273818969727
loss 0.361 = 0.261 + 0.096 + 0.005 avg prob of [ French] 0.7752758860588074
loss 0.221 = 0.123 + 0.092 + 0.005 avg prob of [ French] 0.8854629993438721
loss 0.155 = 0.068 + 0.082 + 0.005 avg prob of [ French] 0.9350872039794922
loss 0.121 = 0.041 + 0.075 + 0.005 avg prob of [ French] 0.9597968459129333
loss 0.103 = 0.027 + 0.071 + 0.005 avg prob of [ French] 0.9736350774765015
loss 0.093 = 0.018 + 0.07 + 0.005 avg prob of [ French] 0.9820346832275391
loss 0.087 = 0.013 + 0.069 + 0.005 avg prob of [ French] 0.9873833656311035
loss 0.083 = 0.009 + 0.069 + 0.005 avg prob of [ French] 0.9908770322799683
loss 0.079 = 0.007 + 0.067 + 0.005 avg prob of [ French] 0.9931886196136475
loss 0.076 = 0.005 + 0.066 + 0.005 avg prob of [ French] 0.994733989238739
loss 0.074 = 0.004 + 0.065 + 0.005 avg prob of [ French] 0.9957796931266785
loss 0.072 = 0.004 + 0.063 + 0.005 avg prob of [ French] 0.9964961409568787
loss 0.07 = 0.003 + 0.062 + 0.005 avg prob of [ French] 0.996989905834198
loss 0.068 = 0.003 + 0.061 + 0.005 avg prob of [ French] 0.9973249435424805
loss 0.066 = 0.002 + 0.059 + 0.005 avg prob of [ French] 0.9975370168685913
loss 0.063 = 0.002 + 0.056 + 0.005 avg prob of [ French] 0.9976412653923035
loss 0.061 = 0.002 + 0.054 + 0.005 avg prob of [ French] 0.9976398944854736
loss 0.059 = 0.002 + 0.051 + 0.005 avg prob of [ French] 0.997532308101654
loss 0.057 = 0.003 + 0.05 + 0.005 avg prob of [ French] 0.9973496794700623
loss 0.056 = 0.003 + 0.048 + 0.005 avg prob of [ French] 0.9971953630447388
loss 0.054 = 0.003 + 0.046 + 0.005 avg prob of [ French] 0.9971374273300171
Init norm 76.19770812988281 | Delta norm 57.148284912109375 | Target norm 94.94292449951172
Computing right vector (v)
Lookup index found: 3 | Sentence: A Charlie Brown Christmas premiered on | Token:  Christmas
Rewrite layer is 8
Tying optimization objective to 27
Recording initial value of v*
loss 3.653 = 3.653 + 0.0 + 0.0 avg prob of [ NBC] 0.027304774150252342
loss 0.493 = 0.479 + 0.012 + 0.003 avg prob of [ NBC] 0.6218149662017822
loss 0.029 = 0.001 + 0.023 + 0.004 avg prob of [ NBC] 0.9991097450256348
Init norm 78.1832275390625 | Delta norm 51.59370040893555 | Target norm 94.31724548339844
Computing right vector (v)
Lookup index found: 3 | Sentence: Peter Mark Roget was born in | Token: et
Rewrite layer is 8
Tying optimization objective to 27
Recording initial value of v*
loss 8.101 = 8.101 + 0.0 + 0.0 avg prob of [ Warsaw] 0.0005089777405373752
loss 3.578 = 3.569 + 0.006 + 0.002 avg prob of [ Warsaw] 0.02962958626449108
loss 2.086 = 2.07 + 0.013 + 0.004 avg prob of [ Warsaw] 0.13052919507026672
loss 0.944 = 0.922 + 0.018 + 0.005 avg prob of [ Warsaw] 0.4007275700569153
loss 0.39 = 0.367 + 0.018 + 0.005 avg prob of [ Warsaw] 0.6936072707176208
loss 0.157 = 0.136 + 0.016 + 0.005 avg prob of [ Warsaw] 0.8729721307754517
loss 0.075 = 0.055 + 0.015 + 0.005 avg prob of [ Warsaw] 0.9464203715324402
loss 0.044 = 0.026 + 0.013 + 0.005 avg prob of [ Warsaw] 0.9743881225585938
Init norm 81.04080963134766 | Delta norm 60.780609130859375 | Target norm 102.58887481689453
Computing right vector (v)
Lookup index found: 4 | Sentence: Pia Wunderlich, who plays the position | Token: lich
Rewrite layer is 8
Tying optimization objective to 27
Recording initial value of v*
loss 10.054 = 10.054 + 0.0 + 0.0 avg prob of [ linebacker] 5.3068652050569654e-05
loss 8.384 = 8.372 + 0.008 + 0.004 avg prob of [ linebacker] 0.00030046174651943147
loss 5.302 = 5.217 + 0.079 + 0.005 avg prob of [ linebacker] 0.006072092801332474
loss 2.987 = 2.903 + 0.078 + 0.006 avg prob of [ linebacker] 0.05833745002746582
loss 1.164 = 1.106 + 0.053 + 0.006 avg prob of [ linebacker] 0.35558927059173584
loss 0.147 = 0.115 + 0.026 + 0.006 avg prob of [ linebacker] 0.8950743079185486
loss 0.046 = 0.01 + 0.03 + 0.006 avg prob of [ linebacker] 0.9898786544799805
Init norm 67.01043701171875 | Delta norm 50.25782775878906 | Target norm 81.78677368164062
Computing right vector (v)
Lookup index found: 4 | Sentence: Westland Helicopters, by | Token: ters
Rewrite layer is 8
Tying optimization objective to 27
Recording initial value of v*
loss 12.116 = 12.116 + 0.0 + 0.0 avg prob of [ Louisiana] 8.144719686242752e-06
loss 9.601 = 9.558 + 0.041 + 0.002 avg prob of [ Louisiana] 7.339417061302811e-05
loss 5.867 = 5.796 + 0.067 + 0.004 avg prob of [ Louisiana] 0.0033739793580025434
loss 3.166 = 3.048 + 0.114 + 0.004 avg prob of [ Louisiana] 0.05397164076566696
loss 0.531 = 0.407 + 0.119 + 0.004 avg prob of [ Louisiana] 0.685351550579071
loss 0.142 = 0.001 + 0.136 + 0.004 avg prob of [ Louisiana] 0.9985665082931519
loss 0.125 = 0.0 + 0.12 + 0.004 avg prob of [ Louisiana] 0.999908447265625
loss 0.074 = 0.0 + 0.07 + 0.004 avg prob of [ Louisiana] 0.9999236464500427
loss 0.051 = 0.0 + 0.047 + 0.004 avg prob of [ Louisiana] 0.9998857378959656
loss 0.05 = 0.0 + 0.045 + 0.004 avg prob of [ Louisiana] 0.9998049736022949
Init norm 85.52257537841797 | Delta norm 64.14192962646484 | Target norm 104.9525146484375
Computing right vector (v)
Lookup index found: 7 | Sentence: The language used by Jean De Briac is | Token: ac
Rewrite layer is 8
Tying optimization objective to 27
Recording initial value of v*
loss 9.942 = 9.942 + 0.0 + 0.0 avg prob of [ Russian] 5.161772060091607e-05
loss 6.477 = 6.471 + 0.003 + 0.003 avg prob of [ Russian] 0.002533074002712965
loss 1.612 = 1.57 + 0.038 + 0.004 avg prob of [ Russian] 0.2373834103345871
loss 0.416 = 0.361 + 0.05 + 0.005 avg prob of [ Russian] 0.7010774612426758
loss 0.175 = 0.125 + 0.044 + 0.005 avg prob of [ Russian] 0.8825401067733765
loss 0.086 = 0.055 + 0.026 + 0.005 avg prob of [ Russian] 0.9469801783561707
loss 0.042 = 0.027 + 0.01 + 0.005 avg prob of [ Russian] 0.9730983972549438
Init norm 74.99644470214844 | Delta norm 56.24733352661133 | Target norm 93.17579650878906
Computing right vector (v)
Lookup index found: 3 | Sentence: Andrei Bely, who works as | Token: ly
Rewrite layer is 8
Tying optimization objective to 27
Recording initial value of v*
loss 10.411 = 10.411 + 0.0 + 0.0 avg prob of [ actor] 3.09323804685846e-05
loss 7.499 = 7.479 + 0.017 + 0.003 avg prob of [ actor] 0.0007170230383053422
loss 4.141 = 4.104 + 0.033 + 0.004 avg prob of [ actor] 0.0179671049118042
loss 1.862 = 1.821 + 0.036 + 0.005 avg prob of [ actor] 0.1649821400642395
loss 0.637 = 0.592 + 0.04 + 0.005 avg prob of [ actor] 0.5557802319526672
loss 0.189 = 0.145 + 0.039 + 0.005 avg prob of [ actor] 0.8656179308891296
loss 0.058 = 0.017 + 0.035 + 0.005 avg prob of [ actor] 0.9827904105186462
loss 0.044 = 0.006 + 0.033 + 0.005 avg prob of [ actor] 0.994128406047821
Init norm 76.44921112060547 | Delta norm 57.33690643310547 | Target norm 94.30611419677734
Computing right vector (v)
Lookup index found: 7 | Sentence: Ennu Ninte Moideen, that was from | Token: en
Rewrite layer is 8
Tying optimization objective to 27
Recording initial value of v*
loss 9.735 = 9.735 + 0.0 + 0.0 avg prob of [ Italy] 6.748524174327031e-05
loss 2.974 = 2.945 + 0.026 + 0.003 avg prob of [ Italy] 0.06436306238174438
loss 0.334 = 0.264 + 0.064 + 0.005 avg prob of [ Italy] 0.7741560935974121
loss 0.127 = 0.051 + 0.07 + 0.005 avg prob of [ Italy] 0.9501861333847046
loss 0.077 = 0.024 + 0.047 + 0.005 avg prob of [ Italy] 0.9761278033256531
loss 0.046 = 0.015 + 0.026 + 0.005 avg prob of [ Italy] 0.9855717420578003
Init norm 68.60078430175781 | Delta norm 51.45058822631836 | Target norm 84.89567565917969
Computing right vector (v)
Lookup index found: 7 | Sentence: The native language of Louis Dutens is | Token: ens
Rewrite layer is 8
Tying optimization objective to 27
Recording initial value of v*
loss 3.776 = 3.776 + 0.0 + 0.0 avg prob of [ English] 0.025490200147032738
loss 1.69 = 1.63 + 0.057 + 0.003 avg prob of [ English] 0.2124759554862976
loss 1.218 = 1.174 + 0.039 + 0.005 avg prob of [ English] 0.3232853412628174
loss 0.655 = 0.624 + 0.026 + 0.005 avg prob of [ English] 0.5470601320266724
loss 0.254 = 0.228 + 0.02 + 0.005 avg prob of [ English] 0.7974252700805664
loss 0.14 = 0.118 + 0.017 + 0.005 avg prob of [ English] 0.889096736907959
loss 0.093 = 0.074 + 0.014 + 0.005 avg prob of [ English] 0.9290059804916382
loss 0.064 = 0.047 + 0.011 + 0.005 avg prob of [ English] 0.9538817405700684
loss 0.046 = 0.03 + 0.01 + 0.005 avg prob of [ English] 0.9700325727462769
Init norm 71.59017181396484 | Delta norm 53.692626953125 | Target norm 88.17545318603516
Computing right vector (v)
Lookup index found: 7 | Sentence: The law in Quetzaltenango declares the language | Token: ango
Rewrite layer is 8
Tying optimization objective to 27
Recording initial value of v*
loss 11.469 = 11.469 + 0.0 + 0.0 avg prob of [ Dutch] 1.1927679224754684e-05
loss 4.988 = 4.965 + 0.02 + 0.002 avg prob of [ Dutch] 0.009244044311344624
loss 2.565 = 2.54 + 0.021 + 0.004 avg prob of [ Dutch] 0.10352924466133118
loss 0.771 = 0.729 + 0.037 + 0.005 avg prob of [ Dutch] 0.5234335660934448
loss 0.241 = 0.191 + 0.045 + 0.005 avg prob of [ Dutch] 0.8322410583496094
loss 0.087 = 0.027 + 0.056 + 0.005 avg prob of [ Dutch] 0.973778247833252
loss 0.048 = 0.013 + 0.03 + 0.005 avg prob of [ Dutch] 0.9874265193939209
Init norm 81.87217712402344 | Delta norm 61.404136657714844 | Target norm 100.46263885498047
Computing right vector (v)
Lookup index found: 7 | Sentence: The language used by Arturo Issel is | Token: sel
Rewrite layer is 8
Tying optimization objective to 27
Recording initial value of v*
loss 9.31 = 9.31 + 0.0 + 0.0 avg prob of [ Russian] 9.822774882195517e-05
loss 2.119 = 2.039 + 0.076 + 0.003 avg prob of [ Russian] 0.1503964364528656
loss 0.37 = 0.259 + 0.106 + 0.005 avg prob of [ Russian] 0.7731019258499146
loss 0.137 = 0.048 + 0.084 + 0.005 avg prob of [ Russian] 0.9533394575119019
loss 0.108 = 0.029 + 0.074 + 0.005 avg prob of [ Russian] 0.9717220664024353
loss 0.092 = 0.021 + 0.065 + 0.005 avg prob of [ Russian] 0.9788932204246521
loss 0.083 = 0.017 + 0.06 + 0.005 avg prob of [ Russian] 0.9829846620559692
loss 0.074 = 0.014 + 0.055 + 0.005 avg prob of [ Russian] 0.9859642386436462
loss 0.068 = 0.012 + 0.05 + 0.005 avg prob of [ Russian] 0.9881963729858398
loss 0.069 = 0.01 + 0.053 + 0.005 avg prob of [ Russian] 0.9897315502166748
loss 0.065 = 0.009 + 0.051 + 0.005 avg prob of [ Russian] 0.9909031391143799
loss 0.067 = 0.008 + 0.053 + 0.005 avg prob of [ Russian] 0.9919464588165283
loss 0.063 = 0.007 + 0.051 + 0.005 avg prob of [ Russian] 0.9928972125053406
loss 0.057 = 0.006 + 0.045 + 0.005 avg prob of [ Russian] 0.9937213659286499
loss 0.061 = 0.006 + 0.05 + 0.005 avg prob of [ Russian] 0.994382381439209
loss 0.055 = 0.005 + 0.045 + 0.005 avg prob of [ Russian] 0.9948214292526245
loss 0.056 = 0.005 + 0.046 + 0.005 avg prob of [ Russian] 0.9951951503753662
loss 0.055 = 0.004 + 0.045 + 0.005 avg prob of [ Russian] 0.9955390691757202
loss 0.054 = 0.004 + 0.045 + 0.005 avg prob of [ Russian] 0.9958615303039551
loss 0.053 = 0.004 + 0.044 + 0.005 avg prob of [ Russian] 0.9961642026901245
loss 0.051 = 0.004 + 0.043 + 0.005 avg prob of [ Russian] 0.9964457750320435
loss 0.049 = 0.003 + 0.041 + 0.005 avg prob of [ Russian] 0.9967044591903687
Init norm 70.51557159423828 | Delta norm 52.886680603027344 | Target norm 89.03282165527344
Computing right vector (v)
Lookup index found: 3 | Sentence: Nanni Moretti speaks the language | Token: tti
Rewrite layer is 8
Tying optimization objective to 27
Recording initial value of v*
loss 13.836 = 13.836 + 0.0 + 0.0 avg prob of [ Dutch] 3.115680556220468e-06
loss 10.532 = 10.523 + 0.007 + 0.002 avg prob of [ Dutch] 4.9234276957577094e-05
loss 6.43 = 6.41 + 0.017 + 0.003 avg prob of [ Dutch] 0.0026243410538882017
loss 2.181 = 2.132 + 0.044 + 0.004 avg prob of [ Dutch] 0.12874357402324677
loss 0.608 = 0.509 + 0.095 + 0.004 avg prob of [ Dutch] 0.6081222295761108
loss 0.178 = 0.045 + 0.129 + 0.004 avg prob of [ Dutch] 0.9564050436019897
loss 0.147 = 0.007 + 0.135 + 0.004 avg prob of [ Dutch] 0.9927722811698914
loss 0.123 = 0.003 + 0.115 + 0.004 avg prob of [ Dutch] 0.9967664480209351
loss 0.115 = 0.002 + 0.109 + 0.004 avg prob of [ Dutch] 0.9978288412094116
loss 0.07 = 0.002 + 0.063 + 0.004 avg prob of [ Dutch] 0.9980325698852539
loss 0.021 = 0.002 + 0.014 + 0.004 avg prob of [ Dutch] 0.9979450106620789
Init norm 85.76153564453125 | Delta norm 64.32115173339844 | Target norm 103.81790161132812
Computing right vector (v)
Lookup index found: 6 | Sentence: Alfred Gusenbauer, who has a citizenship from | Token: auer
Rewrite layer is 8
Tying optimization objective to 27
Recording initial value of v*
loss 5.835 = 5.835 + 0.0 + 0.0 avg prob of [ Slovenia] 0.0035901437513530254
loss 1.46 = 1.453 + 0.004 + 0.003 avg prob of [ Slovenia] 0.26880866289138794
loss 0.093 = 0.082 + 0.006 + 0.005 avg prob of [ Slovenia] 0.9219714999198914
loss 0.034 = 0.022 + 0.006 + 0.005 avg prob of [ Slovenia] 0.9779127836227417
Init norm 68.26329040527344 | Delta norm 51.197471618652344 | Target norm 84.54173278808594
Computing right vector (v)
Lookup index found: 12 | Sentence: The headquarter of Hibernian L.F.C. is located in | Token: .
Rewrite layer is 8
Tying optimization objective to 27
Recording initial value of v*
loss 3.45 = 3.45 + 0.0 + 0.0 avg prob of [ Glasgow] 0.03347991406917572
loss 2.119 = 2.109 + 0.007 + 0.003 avg prob of [ Glasgow] 0.12259527295827866
loss 0.443 = 0.427 + 0.011 + 0.005 avg prob of [ Glasgow] 0.6588801741600037
loss 0.141 = 0.11 + 0.026 + 0.005 avg prob of [ Glasgow] 0.8959606885910034
loss 0.029 = 0.018 + 0.005 + 0.005 avg prob of [ Glasgow] 0.981704831123352
Init norm 71.56237030029297 | Delta norm 53.67177200317383 | Target norm 88.65840148925781
Computing right vector (v)
Lookup index found: 3 | Sentence: Louis Plaidy plays | Token: y
Rewrite layer is 8
Tying optimization objective to 27
Recording initial value of v*
loss 5.313 = 5.313 + 0.0 + 0.0 avg prob of [ guitar] 0.007844667881727219
loss 4.013 = 3.991 + 0.018 + 0.004 avg prob of [ guitar] 0.025019098073244095
loss 2.62 = 2.585 + 0.029 + 0.006 avg prob of [ guitar] 0.08904316276311874
loss 1.285 = 1.239 + 0.041 + 0.006 avg prob of [ guitar] 0.2941274046897888
loss 0.496 = 0.313 + 0.178 + 0.006 avg prob of [ guitar] 0.7354720830917358
loss 0.07 = 0.029 + 0.035 + 0.006 avg prob of [ guitar] 0.9710161089897156
loss 0.023 = 0.005 + 0.012 + 0.006 avg prob of [ guitar] 0.9950340986251831
Init norm 65.79481506347656 | Delta norm 49.34611129760742 | Target norm 80.65216064453125
Computing right vector (v)
Lookup index found: 6 | Sentence: Zafar Karachiwala, who has a citizenship from | Token: ala
Rewrite layer is 8
Tying optimization objective to 27
Recording initial value of v*
loss 5.843 = 5.843 + 0.0 + 0.0 avg prob of [ Iran] 0.003198828548192978
loss 3.726 = 3.712 + 0.01 + 0.004 avg prob of [ Iran] 0.026005819439888
loss 1.577 = 1.564 + 0.006 + 0.006 avg prob of [ Iran] 0.21863850951194763
loss 0.803 = 0.791 + 0.006 + 0.006 avg prob of [ Iran] 0.4613550901412964
loss 0.311 = 0.297 + 0.007 + 0.006 avg prob of [ Iran] 0.7445589900016785
loss 0.125 = 0.108 + 0.011 + 0.006 avg prob of [ Iran] 0.8982949256896973
loss 0.067 = 0.049 + 0.011 + 0.006 avg prob of [ Iran] 0.9519999027252197
loss 0.043 = 0.028 + 0.01 + 0.006 avg prob of [ Iran] 0.9727820158004761
Init norm 62.84856414794922 | Delta norm 47.13642120361328 | Target norm 78.6224365234375
Computing right vector (v)
Lookup index found: 9 | Sentence: The domain of work of Nicolaus Copernicus is | Token: icus
Rewrite layer is 8
Tying optimization objective to 27
Recording initial value of v*
loss 8.676 = 8.676 + 0.0 + 0.0 avg prob of [ medicine] 0.0002467719605192542
loss 3.576 = 3.569 + 0.005 + 0.002 avg prob of [ medicine] 0.045286621898412704
loss 1.015 = 0.994 + 0.018 + 0.003 avg prob of [ medicine] 0.38158178329467773
loss 0.281 = 0.238 + 0.04 + 0.004 avg prob of [ medicine] 0.7893790602684021
loss 0.152 = 0.102 + 0.047 + 0.004 avg prob of [ medicine] 0.9035567045211792
loss 0.102 = 0.053 + 0.045 + 0.004 avg prob of [ medicine] 0.9481512904167175
loss 0.068 = 0.028 + 0.036 + 0.004 avg prob of [ medicine] 0.9723337888717651
loss 0.041 = 0.015 + 0.022 + 0.004 avg prob of [ medicine] 0.9853428602218628
Init norm 96.17382049560547 | Delta norm 72.13037109375 | Target norm 120.41736602783203
Computing right vector (v)
Lookup index found: 5 | Sentence: Fiat Cinquecento, developed by | Token: ento
Rewrite layer is 8
Tying optimization objective to 27
Recording initial value of v*
loss 11.014 = 11.014 + 0.0 + 0.0 avg prob of [ Nintendo] 3.219871723558754e-05
loss 7.751 = 7.744 + 0.004 + 0.002 avg prob of [ Nintendo] 0.0005093938671052456
loss 4.441 = 4.402 + 0.035 + 0.003 avg prob of [ Nintendo] 0.017875609919428825
loss 0.999 = 0.933 + 0.062 + 0.004 avg prob of [ Nintendo] 0.4263021945953369
loss 0.239 = 0.177 + 0.057 + 0.004 avg prob of [ Nintendo] 0.8405847549438477
loss 0.098 = 0.05 + 0.043 + 0.004 avg prob of [ Nintendo] 0.9515953063964844
loss 0.054 = 0.02 + 0.03 + 0.004 avg prob of [ Nintendo] 0.9805399775505066
loss 0.034 = 0.01 + 0.02 + 0.004 avg prob of [ Nintendo] 0.9902079105377197
Init norm 85.99011993408203 | Delta norm 64.49259185791016 | Target norm 105.70154571533203
Computing right vector (v)
Lookup index found: 4 | Sentence: Lancia Flavia, created by | Token: ia
Rewrite layer is 8
Tying optimization objective to 27
Recording initial value of v*
loss 6.756 = 6.756 + 0.0 + 0.0 avg prob of [ Toyota] 0.0013967854902148247
loss 1.956 = 1.943 + 0.011 + 0.002 avg prob of [ Toyota] 0.15675106644630432
loss 2.476 = 2.446 + 0.026 + 0.004 avg prob of [ Toyota] 0.08996999263763428
loss 0.034 = 0.002 + 0.028 + 0.004 avg prob of [ Toyota] 0.9979605078697205
Init norm 83.7964096069336 | Delta norm 61.606971740722656 | Target norm 101.84992980957031
Computing right vector (v)
Lookup index found: 2 | Sentence: Apple Store Online, from | Token:  Online
Rewrite layer is 8
Tying optimization objective to 27
Recording initial value of v*
loss 10.54 = 10.54 + 0.0 + 0.0 avg prob of [ Oakland] 2.9046290364931338e-05
loss 8.214 = 8.194 + 0.017 + 0.003 avg prob of [ Oakland] 0.0004443276848178357
loss 4.409 = 4.327 + 0.077 + 0.005 avg prob of [ Oakland] 0.02322024665772915
loss 0.687 = 0.516 + 0.166 + 0.005 avg prob of [ Oakland] 0.6634073257446289
loss 0.208 = 0.0 + 0.202 + 0.005 avg prob of [ Oakland] 0.9995684623718262
loss 0.085 = 0.0 + 0.079 + 0.005 avg prob of [ Oakland] 0.9997782707214355
loss 0.068 = 0.001 + 0.062 + 0.005 avg prob of [ Oakland] 0.9992610812187195
loss 0.062 = 0.002 + 0.054 + 0.005 avg prob of [ Oakland] 0.9976911544799805
loss 0.062 = 0.004 + 0.052 + 0.005 avg prob of [ Oakland] 0.9955315589904785
loss 0.058 = 0.005 + 0.048 + 0.005 avg prob of [ Oakland] 0.9949554204940796
loss 0.055 = 0.004 + 0.046 + 0.005 avg prob of [ Oakland] 0.9961926341056824
loss 0.051 = 0.002 + 0.043 + 0.005 avg prob of [ Oakland] 0.997593343257904
loss 0.048 = 0.001 + 0.041 + 0.005 avg prob of [ Oakland] 0.9985389113426208
Init norm 72.1042251586914 | Delta norm 54.07817077636719 | Target norm 87.78916931152344
Computing right vector (v)
Lookup index found: 6 | Sentence: Louis-Ernest Dubois has the position of | Token: ois
Rewrite layer is 8
Tying optimization objective to 27
Recording initial value of v*
loss 7.741 = 7.741 + 0.0 + 0.0 avg prob of [ bishop] 0.001079630572348833
loss 3.27 = 3.249 + 0.018 + 0.003 avg prob of [ bishop] 0.05982767790555954
loss 1.168 = 1.1 + 0.063 + 0.004 avg prob of [ bishop] 0.3425322473049164
loss 0.427 = 0.342 + 0.08 + 0.005 avg prob of [ bishop] 0.713577151298523
loss 0.196 = 0.113 + 0.077 + 0.005 avg prob of [ bishop] 0.8933076858520508
loss 0.11 = 0.042 + 0.063 + 0.005 avg prob of [ bishop] 0.9585325121879578
loss 0.062 = 0.02 + 0.037 + 0.005 avg prob of [ bishop] 0.9804505109786987
loss 0.033 = 0.011 + 0.016 + 0.005 avg prob of [ bishop] 0.9887649416923523
Init norm 74.89946746826172 | Delta norm 56.174598693847656 | Target norm 93.40390014648438
Computing right vector (v)
Lookup index found: 4 | Sentence: Where is Early modern Europe? It is located in | Token:  Europe
Rewrite layer is 8
Tying optimization objective to 27
Recording initial value of v*
loss 6.671 = 6.671 + 0.0 + 0.0 avg prob of [ London] 0.0017448806902393699
loss 4.937 = 4.914 + 0.021 + 0.003 avg prob of [ London] 0.011597925797104836
loss 2.726 = 2.702 + 0.019 + 0.004 avg prob of [ London] 0.07483997941017151
loss 1.365 = 1.342 + 0.018 + 0.005 avg prob of [ London] 0.26905375719070435
loss 0.598 = 0.573 + 0.02 + 0.005 avg prob of [ London] 0.5686621069908142
loss 0.194 = 0.167 + 0.023 + 0.005 avg prob of [ London] 0.8468986749649048
loss 0.071 = 0.044 + 0.022 + 0.005 avg prob of [ London] 0.9573476314544678
loss 0.039 = 0.014 + 0.02 + 0.005 avg prob of [ London] 0.9864396452903748
Init norm 79.8443374633789 | Delta norm 59.88325500488281 | Target norm 97.04083251953125
Computing right vector (v)
Lookup index found: 2 | Sentence: Aleko Rock is located in | Token:  Rock
Rewrite layer is 8
Tying optimization objective to 27
Recording initial value of v*
loss 7.778 = 7.778 + 0.0 + 0.0 avg prob of [ Africa] 0.0005242690676823258
loss 3.979 = 3.935 + 0.04 + 0.004 avg prob of [ Africa] 0.020842399448156357
loss 1.762 = 1.67 + 0.086 + 0.006 avg prob of [ Africa] 0.1919378936290741
loss 0.409 = 0.347 + 0.056 + 0.006 avg prob of [ Africa] 0.714331328868866
loss 0.126 = 0.092 + 0.028 + 0.006 avg prob of [ Africa] 0.9129032492637634
loss 0.066 = 0.026 + 0.034 + 0.006 avg prob of [ Africa] 0.974484920501709
loss 0.043 = 0.007 + 0.031 + 0.006 avg prob of [ Africa] 0.993243396282196
Init norm 66.3541030883789 | Delta norm 49.76557922363281 | Target norm 81.41326141357422
Computing right vector (v)
Lookup index found: 2 | Sentence: Big Timothy Mountain is located in | Token:  Mountain
Rewrite layer is 8
Tying optimization objective to 27
Recording initial value of v*
loss 11.523 = 11.523 + 0.0 + 0.0 avg prob of [ Portugal] 1.1093272405560128e-05
loss 8.907 = 8.851 + 0.054 + 0.003 avg prob of [ Portugal] 0.0001473181473556906
loss 7.16 = 7.114 + 0.041 + 0.005 avg prob of [ Portugal] 0.0008394691394641995
loss 4.712 = 4.665 + 0.043 + 0.005 avg prob of [ Portugal] 0.009790523909032345
loss 2.059 = 1.999 + 0.054 + 0.005 avg prob of [ Portugal] 0.13674840331077576
loss 0.895 = 0.826 + 0.064 + 0.005 avg prob of [ Portugal] 0.44024473428726196
loss 0.339 = 0.261 + 0.074 + 0.005 avg prob of [ Portugal] 0.7709593772888184
loss 0.153 = 0.072 + 0.076 + 0.005 avg prob of [ Portugal] 0.9304732084274292
loss 0.091 = 0.023 + 0.063 + 0.005 avg prob of [ Portugal] 0.9772261381149292
loss 0.062 = 0.009 + 0.048 + 0.005 avg prob of [ Portugal] 0.990903377532959
loss 0.046 = 0.005 + 0.036 + 0.005 avg prob of [ Portugal] 0.9953036308288574
Init norm 73.82023620605469 | Delta norm 55.36517333984375 | Target norm 88.58285522460938
Computing right vector (v)
Lookup index found: 4 | Sentence: Alva Myrdal took up work in | Token: al
Rewrite layer is 8
Tying optimization objective to 27
Recording initial value of v*
loss 7.155 = 7.155 + 0.0 + 0.0 avg prob of [ Berlin] 0.0008879920351319015
loss 4.558 = 4.538 + 0.017 + 0.003 avg prob of [ Berlin] 0.0134862270206213
loss 1.511 = 1.497 + 0.01 + 0.004 avg prob of [ Berlin] 0.2365405410528183
loss 0.298 = 0.277 + 0.016 + 0.005 avg prob of [ Berlin] 0.7619467973709106
loss 0.072 = 0.052 + 0.015 + 0.005 avg prob of [ Berlin] 0.9498364329338074
loss 0.034 = 0.016 + 0.013 + 0.005 avg prob of [ Berlin] 0.9845081567764282
Init norm 75.86217498779297 | Delta norm 56.896629333496094 | Target norm 94.83997344970703
Computing right vector (v)
Lookup index found: 6 | Sentence: In Campione d'Italia, the language spoken is | Token: alia
Rewrite layer is 8
Tying optimization objective to 27
Recording initial value of v*
loss 5.579 = 5.579 + 0.0 + 0.0 avg prob of [ French] 0.004311797674745321
loss 4.051 = 4.035 + 0.013 + 0.004 avg prob of [ French] 0.021816004067659378
loss 2.425 = 2.398 + 0.021 + 0.006 avg prob of [ French] 0.09939917176961899
loss 0.993 = 0.968 + 0.019 + 0.006 avg prob of [ French] 0.38453054428100586
loss 0.58 = 0.556 + 0.018 + 0.006 avg prob of [ French] 0.576115608215332
loss 0.349 = 0.326 + 0.017 + 0.006 avg prob of [ French] 0.7233113646507263
loss 0.227 = 0.205 + 0.016 + 0.006 avg prob of [ French] 0.8157321810722351
loss 0.152 = 0.131 + 0.015 + 0.006 avg prob of [ French] 0.8774831295013428
loss 0.107 = 0.087 + 0.014 + 0.006 avg prob of [ French] 0.9165884852409363
loss 0.08 = 0.061 + 0.013 + 0.006 avg prob of [ French] 0.9406325221061707
loss 0.062 = 0.045 + 0.011 + 0.006 avg prob of [ French] 0.9559050798416138
loss 0.05 = 0.034 + 0.01 + 0.006 avg prob of [ French] 0.9662188291549683
loss 0.042 = 0.027 + 0.009 + 0.006 avg prob of [ French] 0.9735943675041199
Init norm 65.5252914428711 | Delta norm 49.14396667480469 | Target norm 79.49314880371094
Computing right vector (v)
Lookup index found: 3 | Sentence: Nokia E72, developed by | Token: 72
Rewrite layer is 8
Tying optimization objective to 27
Recording initial value of v*
loss 13.508 = 13.508 + 0.0 + 0.0 avg prob of [ Chevrolet] 1.7424688394385157e-06
loss 9.079 = 9.022 + 0.054 + 0.003 avg prob of [ Chevrolet] 0.0001650836056796834
loss 4.283 = 4.073 + 0.206 + 0.004 avg prob of [ Chevrolet] 0.01746199280023575
loss 1.0 = 0.64 + 0.356 + 0.005 avg prob of [ Chevrolet] 0.5370267629623413
loss 0.099 = 0.006 + 0.088 + 0.005 avg prob of [ Chevrolet] 0.994369626045227
loss 0.044 = 0.002 + 0.037 + 0.005 avg prob of [ Chevrolet] 0.9979978799819946
Init norm 76.45232391357422 | Delta norm 57.33924102783203 | Target norm 94.58336639404297
Computing right vector (v)
Lookup index found: 5 | Sentence: Where is Seattle SuperSonics? It is located in | Token: ics
Rewrite layer is 8
Tying optimization objective to 27
Recording initial value of v*
loss 9.096 = 9.096 + 0.0 + 0.0 avg prob of [ Moscow] 0.0001259741111425683
loss 1.62 = 1.586 + 0.031 + 0.002 avg prob of [ Moscow] 0.21129119396209717
loss 0.305 = 0.243 + 0.059 + 0.003 avg prob of [ Moscow] 0.7852424383163452
loss 0.134 = 0.057 + 0.073 + 0.004 avg prob of [ Moscow] 0.9447896480560303
loss 0.1 = 0.027 + 0.069 + 0.004 avg prob of [ Moscow] 0.973608672618866
loss 0.082 = 0.015 + 0.063 + 0.004 avg prob of [ Moscow] 0.985367476940155
loss 0.07 = 0.009 + 0.057 + 0.004 avg prob of [ Moscow] 0.9910726547241211
loss 0.062 = 0.006 + 0.052 + 0.004 avg prob of [ Moscow] 0.9941293597221375
loss 0.055 = 0.004 + 0.047 + 0.004 avg prob of [ Moscow] 0.9958872199058533
loss 0.05 = 0.003 + 0.043 + 0.004 avg prob of [ Moscow] 0.9969560503959656
loss 0.046 = 0.002 + 0.039 + 0.004 avg prob of [ Moscow] 0.9976361989974976
Init norm 89.54873657226562 | Delta norm 67.16155242919922 | Target norm 112.2238998413086
Computing right vector (v)
Lookup index found: 1 | Sentence: Alexander Penn spoke the language | Token:  Penn
Rewrite layer is 8
Tying optimization objective to 27
Recording initial value of v*
loss 10.377 = 10.377 + 0.0 + 0.0 avg prob of [ French] 4.1332048567710444e-05
loss 5.898 = 5.863 + 0.032 + 0.002 avg prob of [ French] 0.0033637029118835926
loss 2.087 = 2.027 + 0.056 + 0.004 avg prob of [ French] 0.1477414071559906
loss 0.549 = 0.46 + 0.084 + 0.005 avg prob of [ French] 0.6409200429916382
loss 0.192 = 0.103 + 0.085 + 0.005 avg prob of [ French] 0.9031635522842407
loss 0.107 = 0.026 + 0.077 + 0.005 avg prob of [ French] 0.9748386144638062
loss 0.084 = 0.009 + 0.07 + 0.005 avg prob of [ French] 0.9910858869552612
loss 0.077 = 0.005 + 0.068 + 0.005 avg prob of [ French] 0.9953811168670654
loss 0.076 = 0.003 + 0.068 + 0.005 avg prob of [ French] 0.9968365430831909
loss 0.072 = 0.003 + 0.065 + 0.005 avg prob of [ French] 0.9974716901779175
loss 0.069 = 0.002 + 0.062 + 0.005 avg prob of [ French] 0.9978035688400269
loss 0.068 = 0.002 + 0.062 + 0.005 avg prob of [ French] 0.998015820980072
loss 0.067 = 0.002 + 0.06 + 0.005 avg prob of [ French] 0.9981653094291687
loss 0.064 = 0.002 + 0.058 + 0.005 avg prob of [ French] 0.9982778429985046
loss 0.062 = 0.002 + 0.056 + 0.005 avg prob of [ French] 0.9983668327331543
loss 0.06 = 0.002 + 0.054 + 0.005 avg prob of [ French] 0.9984382390975952
loss 0.058 = 0.002 + 0.052 + 0.005 avg prob of [ French] 0.9984928965568542
loss 0.057 = 0.001 + 0.051 + 0.005 avg prob of [ French] 0.9985315203666687
loss 0.056 = 0.001 + 0.05 + 0.005 avg prob of [ French] 0.9985566139221191
loss 0.054 = 0.001 + 0.048 + 0.005 avg prob of [ French] 0.9985741972923279
loss 0.053 = 0.001 + 0.047 + 0.005 avg prob of [ French] 0.9985904693603516
loss 0.051 = 0.001 + 0.045 + 0.005 avg prob of [ French] 0.9986108541488647
loss 0.049 = 0.001 + 0.043 + 0.005 avg prob of [ French] 0.9986376166343689
Init norm 81.67145538330078 | Delta norm 61.25358963012695 | Target norm 101.48822784423828
Computing right vector (v)
Lookup index found: 6 | Sentence: The original language of I Love Lucy was | Token:  Lucy
Rewrite layer is 8
Tying optimization objective to 27
Recording initial value of v*
loss 4.905 = 4.905 + 0.0 + 0.0 avg prob of [ French] 0.008043240755796432
loss 1.59 = 1.577 + 0.011 + 0.002 avg prob of [ French] 0.24035196006298065
loss 0.465 = 0.444 + 0.018 + 0.002 avg prob of [ French] 0.649489164352417
loss 0.109 = 0.078 + 0.027 + 0.003 avg prob of [ French] 0.9252060651779175
loss 0.068 = 0.029 + 0.035 + 0.004 avg prob of [ French] 0.9710593223571777
loss 0.052 = 0.02 + 0.028 + 0.004 avg prob of [ French] 0.9800409078598022
loss 0.046 = 0.016 + 0.027 + 0.004 avg prob of [ French] 0.9844063520431519
Init norm 102.9030990600586 | Delta norm 77.17732238769531 | Target norm 128.5121307373047
Computing right vector (v)
Lookup index found: 7 | Sentence: International Committee on Taxonomy of Viruses specializes in | Token: uses
Rewrite layer is 8
Tying optimization objective to 27
Recording initial value of v*
loss 10.847 = 10.847 + 0.0 + 0.0 avg prob of [ physiology] 3.092107726843096e-05
loss 7.333 = 7.313 + 0.017 + 0.003 avg prob of [ physiology] 0.0007582484977319837
loss 4.739 = 4.668 + 0.067 + 0.005 avg prob of [ physiology] 0.013813883066177368
loss 2.167 = 2.076 + 0.085 + 0.005 avg prob of [ physiology] 0.1479860097169876
loss 0.515 = 0.416 + 0.094 + 0.005 avg prob of [ physiology] 0.6651920080184937
loss 0.072 = 0.025 + 0.043 + 0.005 avg prob of [ physiology] 0.9757703542709351
loss 0.017 = 0.003 + 0.009 + 0.005 avg prob of [ physiology] 0.997349202632904
Init norm 72.84457397460938 | Delta norm 54.63343048095703 | Target norm 88.82901000976562
Computing right vector (v)
Lookup index found: 2 | Sentence: Quentin Bell is native to | Token:  Bell
Rewrite layer is 8
Tying optimization objective to 27
Recording initial value of v*
loss 7.192 = 7.192 + 0.0 + 0.0 avg prob of [ Brooklyn] 0.0015319327358156443
loss 6.06 = 6.051 + 0.006 + 0.003 avg prob of [ Brooklyn] 0.0031632878817617893
loss 4.711 = 4.693 + 0.013 + 0.005 avg prob of [ Brooklyn] 0.01319852750748396
loss 2.504 = 2.477 + 0.022 + 0.005 avg prob of [ Brooklyn] 0.10289908945560455
loss 1.32 = 1.293 + 0.022 + 0.005 avg prob of [ Brooklyn] 0.29389938712120056
loss 0.461 = 0.435 + 0.021 + 0.005 avg prob of [ Brooklyn] 0.6560573577880859
loss 0.108 = 0.084 + 0.019 + 0.005 avg prob of [ Brooklyn] 0.9201244115829468
loss 0.045 = 0.02 + 0.02 + 0.005 avg prob of [ Brooklyn] 0.9806482791900635
Init norm 69.8150863647461 | Delta norm 52.3613166809082 | Target norm 85.3498306274414
Computing right vector (v)
Lookup index found: 1 | Sentence: Silverchair, that was formulated in | Token: chair
Rewrite layer is 8
Tying optimization objective to 27
Recording initial value of v*
loss 7.91 = 7.91 + 0.0 + 0.0 avg prob of [ India] 0.00042654070421122015
loss 6.86 = 6.823 + 0.035 + 0.002 avg prob of [ India] 0.001193790347315371
loss 6.049 = 6.013 + 0.033 + 0.003 avg prob of [ India] 0.0025845083873718977
loss 4.653 = 4.617 + 0.032 + 0.004 avg prob of [ India] 0.011820289306342602
loss 3.504 = 3.467 + 0.032 + 0.004 avg prob of [ India] 0.03765286132693291
loss 2.755 = 2.716 + 0.034 + 0.004 avg prob of [ India] 0.06981255859136581
loss 2.209 = 2.168 + 0.036 + 0.004 avg prob of [ India] 0.11732106655836105
loss 1.696 = 1.656 + 0.036 + 0.004 avg prob of [ India] 0.19516925513744354
loss 1.216 = 1.176 + 0.035 + 0.004 avg prob of [ India] 0.3140241801738739
loss 0.787 = 0.747 + 0.036 + 0.004 avg prob of [ India] 0.478130042552948
loss 0.441 = 0.399 + 0.038 + 0.004 avg prob of [ India] 0.6730421781539917
loss 0.245 = 0.2 + 0.04 + 0.004 avg prob of [ India] 0.8195409178733826
loss 0.154 = 0.109 + 0.041 + 0.004 avg prob of [ India] 0.8972957134246826
loss 0.109 = 0.065 + 0.04 + 0.004 avg prob of [ India] 0.9373649954795837
loss 0.085 = 0.042 + 0.039 + 0.004 avg prob of [ India] 0.9592520594596863
loss 0.07 = 0.029 + 0.037 + 0.004 avg prob of [ India] 0.971882700920105
loss 0.06 = 0.021 + 0.035 + 0.004 avg prob of [ India] 0.9795488715171814
loss 0.054 = 0.016 + 0.034 + 0.004 avg prob of [ India] 0.9844522476196289
loss 0.049 = 0.012 + 0.032 + 0.004 avg prob of [ India] 0.9877656698226929
Init norm 87.70156860351562 | Delta norm 65.77617645263672 | Target norm 103.37918853759766
Computing right vector (v)
Lookup index found: 1 | Sentence: Alaska speaks the language | Token: aska
Rewrite layer is 8
Tying optimization objective to 27
Recording initial value of v*
loss 10.57 = 10.57 + 0.0 + 0.0 avg prob of [ Italian] 2.8352562367217615e-05
loss 6.338 = 6.325 + 0.011 + 0.002 avg prob of [ Italian] 0.0024356241337955
loss 3.004 = 2.977 + 0.023 + 0.004 avg prob of [ Italian] 0.05638796091079712
loss 0.482 = 0.434 + 0.043 + 0.004 avg prob of [ Italian] 0.6567677855491638
loss 0.165 = 0.111 + 0.049 + 0.004 avg prob of [ Italian] 0.8960992693901062
loss 0.089 = 0.034 + 0.051 + 0.004 avg prob of [ Italian] 0.9662936925888062
loss 0.066 = 0.014 + 0.048 + 0.004 avg prob of [ Italian] 0.9861334562301636
loss 0.054 = 0.007 + 0.042 + 0.004 avg prob of [ Italian] 0.9926189184188843
loss 0.045 = 0.005 + 0.036 + 0.004 avg prob of [ Italian] 0.9952170252799988
Init norm 83.3484115600586 | Delta norm 62.51130294799805 | Target norm 101.05518341064453
Computing right vector (v)
Lookup index found: 5 | Sentence: The location of Parsley Massacre is | Token:  Massacre
Rewrite layer is 8
Tying optimization objective to 27
Recording initial value of v*
loss 9.818 = 9.818 + 0.0 + 0.0 avg prob of [ Arizona] 6.208757258718833e-05
loss 5.391 = 5.383 + 0.005 + 0.002 avg prob of [ Arizona] 0.00505445059388876
loss 1.788 = 1.759 + 0.025 + 0.004 avg prob of [ Arizona] 0.18409955501556396
loss 0.178 = 0.092 + 0.082 + 0.004 avg prob of [ Arizona] 0.9125303626060486
loss 0.031 = 0.011 + 0.015 + 0.004 avg prob of [ Arizona] 0.9888657927513123
Init norm 83.66656494140625 | Delta norm 62.74992752075195 | Target norm 103.17108917236328
Computing right vector (v)
Lookup index found: 6 | Sentence: Godwin, Earl of Wessex has a citizenship from | Token: sex
Rewrite layer is 8
Tying optimization objective to 27
Recording initial value of v*
loss 8.399 = 8.399 + 0.0 + 0.0 avg prob of [ Argentina] 0.00023808742116671056
loss 5.824 = 5.804 + 0.017 + 0.003 avg prob of [ Argentina] 0.00393390329554677
loss 2.012 = 1.985 + 0.022 + 0.005 avg prob of [ Argentina] 0.14582639932632446
loss 0.456 = 0.435 + 0.016 + 0.005 avg prob of [ Argentina] 0.659967303276062
loss 0.089 = 0.072 + 0.011 + 0.005 avg prob of [ Argentina] 0.930957555770874
loss 0.035 = 0.022 + 0.008 + 0.005 avg prob of [ Argentina] 0.9785337448120117
Init norm 72.73176574707031 | Delta norm 54.548828125 | Target norm 89.39165496826172
Computing right vector (v)
Lookup index found: 5 | Sentence: Agostino Casaroli holds the position of | Token: oli
Rewrite layer is 8
Tying optimization objective to 27
Recording initial value of v*
loss 7.25 = 7.25 + 0.0 + 0.0 avg prob of [ pope] 0.0020157615654170513
loss 1.341 = 1.322 + 0.016 + 0.003 avg prob of [ pope] 0.2700682282447815
loss 0.246 = 0.231 + 0.011 + 0.005 avg prob of [ pope] 0.7951182126998901
loss 0.082 = 0.07 + 0.006 + 0.005 avg prob of [ pope] 0.932327151298523
loss 0.036 = 0.024 + 0.007 + 0.005 avg prob of [ pope] 0.9762853384017944
Init norm 70.85700988769531 | Delta norm 53.142757415771484 | Target norm 89.14651489257812
Computing right vector (v)
Lookup index found: 4 | Sentence: Ajinomoto Stadium, by | Token:  Stadium
Rewrite layer is 8
Tying optimization objective to 27
Recording initial value of v*
loss 12.86 = 12.86 + 0.0 + 0.0 avg prob of [ Germany] 6.638037120865192e-06
loss 10.193 = 10.167 + 0.024 + 0.003 avg prob of [ Germany] 5.4535019444301724e-05
loss 6.694 = 6.674 + 0.016 + 0.004 avg prob of [ Germany] 0.0014366006944328547
loss 3.88 = 3.853 + 0.022 + 0.005 avg prob of [ Germany] 0.025282468646764755
loss 1.291 = 1.269 + 0.018 + 0.005 avg prob of [ Germany] 0.3234401345252991
loss 0.16 = 0.135 + 0.02 + 0.005 avg prob of [ Germany] 0.8752126693725586
loss 0.055 = 0.029 + 0.02 + 0.005 avg prob of [ Germany] 0.9710907936096191
loss 0.03 = 0.008 + 0.017 + 0.005 avg prob of [ Germany] 0.9919736385345459
Init norm 78.54534149169922 | Delta norm 58.909000396728516 | Target norm 94.39181518554688
Computing right vector (v)
Lookup index found: 3 | Sentence: Yannick Carter, the | Token:  Carter
Rewrite layer is 8
Tying optimization objective to 27
Recording initial value of v*
loss 9.604 = 9.604 + 0.0 + 0.0 avg prob of [ goaltender] 0.00015504889597650617
loss 5.25 = 5.219 + 0.028 + 0.003 avg prob of [ goaltender] 0.005814811214804649
loss 2.014 = 1.968 + 0.04 + 0.005 avg prob of [ goaltender] 0.16474206745624542
loss 0.748 = 0.71 + 0.032 + 0.005 avg prob of [ goaltender] 0.5043110847473145
loss 0.274 = 0.243 + 0.025 + 0.005 avg prob of [ goaltender] 0.7864775657653809
loss 0.133 = 0.104 + 0.023 + 0.005 avg prob of [ goaltender] 0.901786744594574
loss 0.075 = 0.049 + 0.021 + 0.005 avg prob of [ goaltender] 0.9524621367454529
loss 0.047 = 0.025 + 0.017 + 0.005 avg prob of [ goaltender] 0.9754869937896729
Init norm 69.646240234375 | Delta norm 52.23468017578125 | Target norm 87.40997314453125
Computing right vector (v)
Lookup index found: 4 | Sentence: Watson Escarpment is in | Token: ment
Rewrite layer is 8
Tying optimization objective to 27
Recording initial value of v*
loss 8.376 = 8.376 + 0.0 + 0.0 avg prob of [ Europe] 0.00038274339749477804
loss 6.266 = 6.234 + 0.03 + 0.002 avg prob of [ Europe] 0.0021103823091834784
loss 3.437 = 3.392 + 0.041 + 0.004 avg prob of [ Europe] 0.03702360391616821
loss 1.373 = 1.332 + 0.036 + 0.005 avg prob of [ Europe] 0.2776145339012146
loss 0.557 = 0.526 + 0.026 + 0.005 avg prob of [ Europe] 0.5978990793228149
loss 0.223 = 0.194 + 0.024 + 0.005 avg prob of [ Europe] 0.8251224756240845
loss 0.116 = 0.089 + 0.022 + 0.005 avg prob of [ Europe] 0.9151331782341003
loss 0.076 = 0.051 + 0.02 + 0.005 avg prob of [ Europe] 0.950141429901123
loss 0.056 = 0.034 + 0.017 + 0.005 avg prob of [ Europe] 0.9666527509689331
loss 0.045 = 0.024 + 0.016 + 0.005 avg prob of [ Europe] 0.9762258529663086
Init norm 82.46989440917969 | Delta norm 61.852420806884766 | Target norm 101.9951171875
Computing right vector (v)
Lookup index found: 7 | Sentence: The original language of Commediasexi is | Token: xi
Rewrite layer is 8
Tying optimization objective to 27
Recording initial value of v*
loss 3.624 = 3.624 + 0.0 + 0.0 avg prob of [ English] 0.041281990706920624
loss 1.514 = 1.48 + 0.031 + 0.003 avg prob of [ English] 0.2561820447444916
loss 0.286 = 0.231 + 0.05 + 0.005 avg prob of [ English] 0.7956535220146179
loss 0.055 = 0.004 + 0.046 + 0.005 avg prob of [ English] 0.996449887752533
loss 0.064 = 0.002 + 0.056 + 0.005 avg prob of [ English] 0.9983381032943726
loss 0.079 = 0.001 + 0.072 + 0.005 avg prob of [ English] 0.9988197684288025
loss 0.082 = 0.001 + 0.076 + 0.005 avg prob of [ English] 0.999025821685791
loss 0.077 = 0.001 + 0.07 + 0.005 avg prob of [ English] 0.9991151094436646
loss 0.045 = 0.001 + 0.039 + 0.005 avg prob of [ English] 0.999161422252655
Init norm 69.50483703613281 | Delta norm 52.128631591796875 | Target norm 86.65252685546875
Computing right vector (v)
Lookup index found: 2 | Sentence: Apple Remote Desktop was a product of | Token:  Desktop
Rewrite layer is 8
Tying optimization objective to 27
Recording initial value of v*
loss 6.71 = 6.71 + 0.0 + 0.0 avg prob of [ IBM] 0.0013608820736408234
loss 2.127 = 2.09 + 0.035 + 0.002 avg prob of [ IBM] 0.13705283403396606
loss 0.146 = 0.093 + 0.049 + 0.004 avg prob of [ IBM] 0.9110742807388306
loss 0.071 = 0.025 + 0.041 + 0.005 avg prob of [ IBM] 0.975064754486084
loss 0.05 = 0.013 + 0.033 + 0.005 avg prob of [ IBM] 0.9875501990318298
loss 0.04 = 0.007 + 0.029 + 0.005 avg prob of [ IBM] 0.9930397272109985
Init norm 82.45470428466797 | Delta norm 61.84103012084961 | Target norm 101.72406005859375
Computing right vector (v)
Lookup index found: 5 | Sentence: Ivan & Alyosha, created in | Token: ha
Rewrite layer is 8
Tying optimization objective to 27
Recording initial value of v*
loss 7.245 = 7.245 + 0.0 + 0.0 avg prob of [ London] 0.0009504245826974511
loss 5.703 = 5.681 + 0.019 + 0.003 avg prob of [ London] 0.0039864638820290565
loss 4.068 = 4.038 + 0.025 + 0.005 avg prob of [ London] 0.01819835789501667
loss 2.085 = 2.05 + 0.029 + 0.005 avg prob of [ London] 0.1317882537841797
loss 0.89 = 0.843 + 0.042 + 0.005 avg prob of [ London] 0.44152283668518066
loss 0.295 = 0.214 + 0.076 + 0.005 avg prob of [ London] 0.8109647631645203
loss 0.161 = 0.036 + 0.119 + 0.005 avg prob of [ London] 0.964530348777771
loss 0.048 = 0.01 + 0.034 + 0.005 avg prob of [ London] 0.9904695749282837
Init norm 73.322509765625 | Delta norm 54.991886138916016 | Target norm 89.33549499511719
Computing right vector (v)
Lookup index found: 5 | Sentence: Slava Zaitsev, a native | Token: v
Rewrite layer is 8
Tying optimization objective to 27
Recording initial value of v*
loss 5.853 = 5.853 + 0.0 + 0.0 avg prob of [ English] 0.005130610894411802
loss 3.006 = 2.934 + 0.069 + 0.003 avg prob of [ English] 0.07519348710775375
loss 0.914 = 0.859 + 0.05 + 0.005 avg prob of [ English] 0.46093809604644775
loss 0.414 = 0.362 + 0.047 + 0.005 avg prob of [ English] 0.7120440006256104
loss 0.164 = 0.139 + 0.019 + 0.005 avg prob of [ English] 0.8738479614257812
loss 0.075 = 0.052 + 0.018 + 0.005 avg prob of [ English] 0.9500542879104614
loss 0.046 = 0.021 + 0.019 + 0.005 avg prob of [ English] 0.9793185591697693
Init norm 69.69517517089844 | Delta norm 52.27138137817383 | Target norm 87.18974304199219
Computing right vector (v)
Lookup index found: 4 | Sentence: The twin city of Miami is | Token:  Miami
Rewrite layer is 8
Tying optimization objective to 27
Recording initial value of v*
loss 14.816 = 14.816 + 0.0 + 0.0 avg prob of [ Nottingham] 7.831719699424866e-07
loss 9.392 = 9.379 + 0.011 + 0.002 avg prob of [ Nottingham] 9.57646916504018e-05
loss 7.921 = 7.89 + 0.028 + 0.004 avg prob of [ Nottingham] 0.00040812380029819906
loss 6.05 = 6.008 + 0.037 + 0.005 avg prob of [ Nottingham] 0.0029109176248311996
loss 2.962 = 2.92 + 0.038 + 0.005 avg prob of [ Nottingham] 0.06890968978404999
loss 0.072 = 0.028 + 0.04 + 0.005 avg prob of [ Nottingham] 0.9731719493865967
loss 0.047 = 0.0 + 0.042 + 0.005 avg prob of [ Nottingham] 0.9998483061790466
Init norm 82.54728698730469 | Delta norm 61.91046142578125 | Target norm 100.1995849609375
Computing right vector (v)
Lookup index found: 3 | Sentence: Ulrike Haage worked in | Token: age
Rewrite layer is 8
Tying optimization objective to 27
Recording initial value of v*
loss 6.545 = 6.545 + 0.0 + 0.0 avg prob of [ Cologne] 0.0015606697415933013
loss 2.872 = 2.856 + 0.013 + 0.003 avg prob of [ Cologne] 0.06522216647863388
loss 0.413 = 0.373 + 0.035 + 0.006 avg prob of [ Cologne] 0.7043267488479614
loss 0.04 = 0.021 + 0.013 + 0.006 avg prob of [ Cologne] 0.978827178478241
Init norm 68.10482788085938 | Delta norm 51.07862091064453 | Target norm 83.23587036132812
Computing right vector (v)
Lookup index found: 5 | Sentence: The profession of Edward Frankland is | Token: land
Rewrite layer is 8
Tying optimization objective to 27
Recording initial value of v*
loss 9.999 = 9.999 + 0.0 + 0.0 avg prob of [ actor] 5.8592639106791466e-05
loss 7.616 = 7.605 + 0.009 + 0.003 avg prob of [ actor] 0.000934777082875371
loss 4.798 = 4.775 + 0.019 + 0.004 avg prob of [ actor] 0.012283675372600555
loss 1.717 = 1.643 + 0.07 + 0.005 avg prob of [ actor] 0.2269345223903656
loss 0.285 = 0.253 + 0.028 + 0.005 avg prob of [ actor] 0.7817721366882324
loss 0.084 = 0.047 + 0.032 + 0.005 avg prob of [ actor] 0.9541674852371216
loss 0.055 = 0.019 + 0.031 + 0.005 avg prob of [ actor] 0.9809643030166626
loss 0.045 = 0.012 + 0.029 + 0.005 avg prob of [ actor] 0.9885616302490234
Init norm 77.79684448242188 | Delta norm 58.347633361816406 | Target norm 95.8146743774414
Computing right vector (v)
Lookup index found: 2 | Sentence: Sunday NFL Countdown premieres on | Token:  Countdown
Rewrite layer is 8
Tying optimization objective to 27
Recording initial value of v*
loss 3.495 = 3.495 + 0.0 + 0.0 avg prob of [ CBS] 0.032623257488012314
loss 0.465 = 0.444 + 0.018 + 0.003 avg prob of [ CBS] 0.6561681628227234
loss 0.036 = 0.013 + 0.02 + 0.004 avg prob of [ CBS] 0.9875394105911255
Init norm 79.45894622802734 | Delta norm 51.51203918457031 | Target norm 95.98133087158203
Computing right vector (v)
Lookup index found: 1 | Sentence: HHCL is headquartered in | Token: CL
Rewrite layer is 8
Tying optimization objective to 27
Recording initial value of v*
loss 6.228 = 6.228 + 0.0 + 0.0 avg prob of [ Indianapolis] 0.002017020247876644
loss 4.056 = 4.028 + 0.025 + 0.002 avg prob of [ Indianapolis] 0.02102656476199627
loss 0.338 = 0.195 + 0.139 + 0.004 avg prob of [ Indianapolis] 0.8270672559738159
loss 0.107 = 0.005 + 0.097 + 0.005 avg prob of [ Indianapolis] 0.9948557615280151
loss 0.092 = 0.001 + 0.086 + 0.005 avg prob of [ Indianapolis] 0.9987139105796814
loss 0.081 = 0.001 + 0.076 + 0.005 avg prob of [ Indianapolis] 0.9993479251861572
loss 0.072 = 0.0 + 0.067 + 0.005 avg prob of [ Indianapolis] 0.9995410442352295
loss 0.065 = 0.0 + 0.06 + 0.005 avg prob of [ Indianapolis] 0.9996222257614136
loss 0.059 = 0.0 + 0.054 + 0.005 avg prob of [ Indianapolis] 0.999660849571228
loss 0.053 = 0.0 + 0.048 + 0.005 avg prob of [ Indianapolis] 0.9996795654296875
loss 0.047 = 0.0 + 0.042 + 0.005 avg prob of [ Indianapolis] 0.999687671661377
Init norm 82.60185241699219 | Delta norm 61.95138168334961 | Target norm 104.25838470458984
Computing right vector (v)
Lookup index found: 3 | Sentence: Cairo American College, located in | Token:  College
Rewrite layer is 8
Tying optimization objective to 27
Recording initial value of v*
loss 12.296 = 12.296 + 0.0 + 0.0 avg prob of [ Belgium] 4.915365934721194e-06
loss 8.598 = 8.586 + 0.009 + 0.003 avg prob of [ Belgium] 0.00022374515538103878
loss 4.671 = 4.637 + 0.03 + 0.004 avg prob of [ Belgium] 0.011228504590690136
loss 1.333 = 1.268 + 0.06 + 0.005 avg prob of [ Belgium] 0.2991107404232025
loss 0.314 = 0.284 + 0.025 + 0.005 avg prob of [ Belgium] 0.7551309466362
loss 0.064 = 0.05 + 0.01 + 0.005 avg prob of [ Belgium] 0.951638400554657
loss 0.032 = 0.016 + 0.011 + 0.005 avg prob of [ Belgium] 0.9845194816589355
Init norm 79.92350769042969 | Delta norm 59.942630767822266 | Target norm 99.84113311767578
Computing right vector (v)
Lookup index found: 3 | Sentence: Hamid Karzai is follower of | Token: zai
Rewrite layer is 8
Tying optimization objective to 27
Recording initial value of v*
loss 6.781 = 6.781 + 0.0 + 0.0 avg prob of [ Buddhism] 0.0013451934792101383
loss 1.333 = 1.323 + 0.007 + 0.002 avg prob of [ Buddhism] 0.29092568159103394
loss 0.287 = 0.269 + 0.015 + 0.003 avg prob of [ Buddhism] 0.7650527954101562
loss 0.12 = 0.096 + 0.02 + 0.004 avg prob of [ Buddhism] 0.908786952495575
loss 0.066 = 0.045 + 0.017 + 0.004 avg prob of [ Buddhism] 0.9560407400131226
loss 0.042 = 0.025 + 0.013 + 0.004 avg prob of [ Buddhism] 0.9757668972015381
Init norm 86.95372009277344 | Delta norm 65.21528625488281 | Target norm 108.2278823852539
Computing right vector (v)
Lookup index found: 3 | Sentence: California State Route 9, in | Token:  9
Rewrite layer is 8
Tying optimization objective to 27
Recording initial value of v*
loss 11.418 = 11.418 + 0.0 + 0.0 avg prob of [ Wales] 1.3830961506755557e-05
loss 7.971 = 7.958 + 0.01 + 0.003 avg prob of [ Wales] 0.0003908635990228504
loss 1.821 = 1.754 + 0.063 + 0.004 avg prob of [ Wales] 0.19469057023525238
loss 0.485 = 0.388 + 0.092 + 0.005 avg prob of [ Wales] 0.6837158203125
loss 0.164 = 0.078 + 0.081 + 0.005 avg prob of [ Wales] 0.9254776835441589
loss 0.079 = 0.026 + 0.048 + 0.005 avg prob of [ Wales] 0.9745596647262573
loss 0.04 = 0.012 + 0.023 + 0.005 avg prob of [ Wales] 0.9881657361984253
Init norm 76.75267791748047 | Delta norm 57.56450653076172 | Target norm 92.8409652709961
Computing right vector (v)
Lookup index found: 3 | Sentence: Saiga-12, that was developed in | Token: 12
Rewrite layer is 8
Tying optimization objective to 27
Recording initial value of v*
loss 6.032 = 6.032 + 0.0 + 0.0 avg prob of [ France] 0.002797989174723625
loss 5.232 = 5.141 + 0.087 + 0.004 avg prob of [ France] 0.007263826206326485
loss 2.777 = 2.737 + 0.034 + 0.006 avg prob of [ France] 0.07051905989646912
loss 1.428 = 1.398 + 0.024 + 0.006 avg prob of [ France] 0.2523234784603119
loss 0.886 = 0.858 + 0.023 + 0.006 avg prob of [ France] 0.4305106997489929
loss 0.427 = 0.397 + 0.024 + 0.006 avg prob of [ France] 0.6757902503013611
loss 0.219 = 0.183 + 0.031 + 0.006 avg prob of [ France] 0.8340310454368591
loss 0.127 = 0.096 + 0.025 + 0.006 avg prob of [ France] 0.9092149138450623
loss 0.085 = 0.058 + 0.021 + 0.006 avg prob of [ France] 0.9435653686523438
loss 0.066 = 0.039 + 0.021 + 0.006 avg prob of [ France] 0.9616038203239441
loss 0.055 = 0.028 + 0.021 + 0.006 avg prob of [ France] 0.9722322225570679
loss 0.047 = 0.021 + 0.02 + 0.006 avg prob of [ France] 0.9790425300598145
Init norm 62.88496398925781 | Delta norm 47.16372299194336 | Target norm 76.64646911621094
Computing right vector (v)
Lookup index found: 8 | Sentence: The headquarter of The Imaginarium Studios is located in | Token:  Studios
Rewrite layer is 8
Tying optimization objective to 27
Recording initial value of v*
loss 7.485 = 7.485 + 0.0 + 0.0 avg prob of [ Mumbai] 0.000609199982136488
loss 3.097 = 3.068 + 0.027 + 0.003 avg prob of [ Mumbai] 0.04979889839887619
loss 2.281 = 2.224 + 0.053 + 0.004 avg prob of [ Mumbai] 0.110340915620327
loss 0.411 = 0.338 + 0.069 + 0.005 avg prob of [ Mumbai] 0.7158554792404175
loss 0.125 = 0.042 + 0.079 + 0.005 avg prob of [ Mumbai] 0.9593013525009155
loss 0.093 = 0.014 + 0.074 + 0.005 avg prob of [ Mumbai] 0.9856234788894653
loss 0.076 = 0.01 + 0.061 + 0.005 avg prob of [ Mumbai] 0.9904462695121765
loss 0.064 = 0.008 + 0.051 + 0.005 avg prob of [ Mumbai] 0.9918265342712402
loss 0.056 = 0.008 + 0.044 + 0.005 avg prob of [ Mumbai] 0.9922312498092651
loss 0.05 = 0.008 + 0.038 + 0.005 avg prob of [ Mumbai] 0.9925112724304199
loss 0.046 = 0.007 + 0.034 + 0.005 avg prob of [ Mumbai] 0.9931187629699707
Init norm 79.07432556152344 | Delta norm 59.30574035644531 | Target norm 98.32437133789062
Computing right vector (v)
Lookup index found: 4 | Sentence: Hantsavichy is located in the country of | Token: y
Rewrite layer is 8
Tying optimization objective to 27
Recording initial value of v*
loss 9.578 = 9.578 + 0.0 + 0.0 avg prob of [ Colombia] 0.00013179883535485715
loss 7.454 = 7.382 + 0.069 + 0.004 avg prob of [ Colombia] 0.0006817228859290481
loss 6.751 = 6.698 + 0.048 + 0.006 avg prob of [ Colombia] 0.0013389376690611243
loss 5.601 = 5.559 + 0.037 + 0.006 avg prob of [ Colombia] 0.00429648719727993
loss 3.639 = 3.597 + 0.036 + 0.006 avg prob of [ Colombia] 0.03162575140595436
loss 2.594 = 2.545 + 0.044 + 0.006 avg prob of [ Colombia] 0.0876896008849144
loss 1.644 = 1.597 + 0.041 + 0.006 avg prob of [ Colombia] 0.21240219473838806
loss 0.789 = 0.746 + 0.037 + 0.006 avg prob of [ Colombia] 0.4868355691432953
loss 0.35 = 0.31 + 0.035 + 0.006 avg prob of [ Colombia] 0.7408556938171387
loss 0.164 = 0.125 + 0.033 + 0.006 avg prob of [ Colombia] 0.8838735818862915
loss 0.095 = 0.058 + 0.031 + 0.006 avg prob of [ Colombia] 0.9439715147018433
loss 0.068 = 0.032 + 0.03 + 0.006 avg prob of [ Colombia] 0.9683041572570801
loss 0.055 = 0.021 + 0.028 + 0.006 avg prob of [ Colombia] 0.9795178771018982
loss 0.047 = 0.014 + 0.027 + 0.006 avg prob of [ Colombia] 0.9857205748558044
Init norm 67.21182250976562 | Delta norm 50.40886688232422 | Target norm 81.39051818847656
Computing right vector (v)
Lookup index found: 1 | Sentence: TISM, that was started in | Token: ISM
Rewrite layer is 8
Tying optimization objective to 27
Recording initial value of v*
loss 9.386 = 9.386 + 0.0 + 0.0 avg prob of [ Manchester] 9.227066766470671e-05
loss 2.55 = 2.505 + 0.042 + 0.003 avg prob of [ Manchester] 0.09105585515499115
loss 0.184 = 0.14 + 0.039 + 0.005 avg prob of [ Manchester] 0.8705581426620483
loss 0.058 = 0.013 + 0.04 + 0.005 avg prob of [ Manchester] 0.9868220686912537
loss 0.045 = 0.003 + 0.036 + 0.005 avg prob of [ Manchester] 0.9965276122093201
Init norm 73.50743865966797 | Delta norm 55.130577087402344 | Target norm 91.40519714355469
Computing right vector (v)
Lookup index found: 3 | Sentence: Toyota Coaster is a product of | Token: aster
Rewrite layer is 8
Tying optimization objective to 27
Recording initial value of v*
loss 9.783 = 9.783 + 0.0 + 0.0 avg prob of [ Microsoft] 6.632877921219915e-05
loss 7.426 = 7.375 + 0.048 + 0.003 avg prob of [ Microsoft] 0.0008211482199840248
loss 2.055 = 1.997 + 0.053 + 0.005 avg prob of [ Microsoft] 0.19648179411888123
loss 0.618 = 0.559 + 0.054 + 0.005 avg prob of [ Microsoft] 0.577744722366333
loss 0.228 = 0.178 + 0.044 + 0.005 avg prob of [ Microsoft] 0.8378043174743652
loss 0.093 = 0.06 + 0.028 + 0.005 avg prob of [ Microsoft] 0.9421565532684326
loss 0.047 = 0.025 + 0.017 + 0.005 avg prob of [ Microsoft] 0.9754832983016968
Init norm 72.33271789550781 | Delta norm 54.249534606933594 | Target norm 88.52354431152344
Computing right vector (v)
Lookup index found: 6 | Sentence: Gustaaf Schlegel, speaker of | Token: el
Rewrite layer is 8
Tying optimization objective to 27
Recording initial value of v*
loss 6.16 = 6.16 + 0.0 + 0.0 avg prob of [ German] 0.0026420250069350004
loss 2.592 = 2.578 + 0.011 + 0.004 avg prob of [ German] 0.10005901753902435
loss 0.588 = 0.567 + 0.016 + 0.006 avg prob of [ German] 0.5852188467979431
loss 0.265 = 0.245 + 0.014 + 0.006 avg prob of [ German] 0.7869343757629395
loss 0.135 = 0.118 + 0.012 + 0.006 avg prob of [ German] 0.8903452754020691
loss 0.077 = 0.061 + 0.01 + 0.006 avg prob of [ German] 0.9412118196487427
loss 0.049 = 0.034 + 0.009 + 0.006 avg prob of [ German] 0.9667277336120605
Init norm 66.73719024658203 | Delta norm 50.05289077758789 | Target norm 82.80491638183594
Computing right vector (v)
Lookup index found: 4 | Sentence: Violette Verdy, who is a citizen of | Token: dy
Rewrite layer is 8
Tying optimization objective to 27
Recording initial value of v*
loss 3.596 = 3.596 + 0.0 + 0.0 avg prob of [ Canada] 0.029587870463728905
loss 2.024 = 2.004 + 0.017 + 0.003 avg prob of [ Canada] 0.14686807990074158
loss 0.714 = 0.686 + 0.023 + 0.005 avg prob of [ Canada] 0.515716552734375
loss 0.313 = 0.288 + 0.02 + 0.005 avg prob of [ Canada] 0.754796028137207
loss 0.14 = 0.124 + 0.011 + 0.005 avg prob of [ Canada] 0.8851860761642456
loss 0.069 = 0.057 + 0.006 + 0.005 avg prob of [ Canada] 0.944757878780365
loss 0.041 = 0.028 + 0.007 + 0.005 avg prob of [ Canada] 0.9725949764251709
Init norm 70.5627212524414 | Delta norm 52.92204666137695 | Target norm 86.62836456298828
Computing right vector (v)
Lookup index found: 2 | Sentence: FiveThirtyEight owner | Token: Eight
Rewrite layer is 8
Tying optimization objective to 27
Recording initial value of v*
loss 12.292 = 12.292 + 0.0 + 0.0 avg prob of [ Sony] 1.0572078281256836e-05
loss 6.062 = 6.031 + 0.029 + 0.002 avg prob of [ Sony] 0.006869412958621979
loss 0.469 = 0.399 + 0.068 + 0.003 avg prob of [ Sony] 0.708685576915741
loss 0.102 = 0.015 + 0.083 + 0.004 avg prob of [ Sony] 0.9847551584243774
loss 0.084 = 0.003 + 0.076 + 0.004 avg prob of [ Sony] 0.9965987205505371
loss 0.069 = 0.002 + 0.064 + 0.004 avg prob of [ Sony] 0.9982864856719971
loss 0.06 = 0.001 + 0.055 + 0.004 avg prob of [ Sony] 0.9988512992858887
loss 0.053 = 0.001 + 0.048 + 0.004 avg prob of [ Sony] 0.9991044998168945
loss 0.048 = 0.001 + 0.043 + 0.004 avg prob of [ Sony] 0.9992398619651794
Init norm 92.35050964355469 | Delta norm 69.26287841796875 | Target norm 115.64805603027344
Computing right vector (v)
Lookup index found: 2 | Sentence: Palmer Land, in | Token:  Land
Rewrite layer is 8
Tying optimization objective to 27
Recording initial value of v*
loss 9.622 = 9.622 + 0.0 + 0.0 avg prob of [ Europe] 0.00019590751617215574
loss 7.768 = 7.725 + 0.039 + 0.004 avg prob of [ Europe] 0.0006209154380485415
loss 5.775 = 5.733 + 0.037 + 0.006 avg prob of [ Europe] 0.0036615587305277586
loss 3.86 = 3.795 + 0.06 + 0.006 avg prob of [ Europe] 0.023001693189144135
loss 2.449 = 2.366 + 0.076 + 0.006 avg prob of [ Europe] 0.09437926113605499
loss 1.182 = 1.094 + 0.083 + 0.006 avg prob of [ Europe] 0.3384455144405365
loss 0.499 = 0.399 + 0.095 + 0.006 avg prob of [ Europe] 0.6742359399795532
loss 0.293 = 0.182 + 0.105 + 0.006 avg prob of [ Europe] 0.8349223136901855
loss 0.198 = 0.095 + 0.098 + 0.006 avg prob of [ Europe] 0.9097846746444702
loss 0.143 = 0.052 + 0.086 + 0.006 avg prob of [ Europe] 0.9493595957756042
loss 0.108 = 0.029 + 0.073 + 0.006 avg prob of [ Europe] 0.9714117050170898
loss 0.091 = 0.016 + 0.069 + 0.006 avg prob of [ Europe] 0.9841206073760986
loss 0.076 = 0.01 + 0.06 + 0.006 avg prob of [ Europe] 0.9902171492576599
loss 0.067 = 0.007 + 0.055 + 0.006 avg prob of [ Europe] 0.9932419657707214
loss 0.057 = 0.005 + 0.046 + 0.006 avg prob of [ Europe] 0.9948975443840027
loss 0.046 = 0.004 + 0.037 + 0.006 avg prob of [ Europe] 0.9958523511886597
Init norm 66.5331802368164 | Delta norm 49.89988327026367 | Target norm 80.49325561523438
Computing right vector (v)
Lookup index found: 4 | Sentence: John McPherson, who is a citizen of | Token: son
Rewrite layer is 8
Tying optimization objective to 27
Recording initial value of v*
loss 7.311 = 7.311 + 0.0 + 0.0 avg prob of [ Norway] 0.0007728296332061291
loss 4.511 = 4.496 + 0.011 + 0.005 avg prob of [ Norway] 0.014322066679596901
loss 1.014 = 0.995 + 0.013 + 0.006 avg prob of [ Norway] 0.3781116008758545
loss 0.248 = 0.225 + 0.016 + 0.006 avg prob of [ Norway] 0.8004995584487915
loss 0.09 = 0.066 + 0.018 + 0.006 avg prob of [ Norway] 0.9366329908370972
loss 0.056 = 0.03 + 0.019 + 0.006 avg prob of [ Norway] 0.9701180458068848
loss 0.045 = 0.019 + 0.019 + 0.006 avg prob of [ Norway] 0.9808516502380371
Init norm 58.73903274536133 | Delta norm 44.05427551269531 | Target norm 72.92829895019531
Computing right vector (v)
Lookup index found: 6 | Sentence: Ernst Christian Friedrich Schering has a citizenship from | Token: ing
Rewrite layer is 8
Tying optimization objective to 27
Recording initial value of v*
loss 5.42 = 5.42 + 0.0 + 0.0 avg prob of [ Denmark] 0.004887741059064865
loss 2.342 = 2.338 + 0.001 + 0.003 avg prob of [ Denmark] 0.1369084268808365
loss 0.88 = 0.872 + 0.004 + 0.004 avg prob of [ Denmark] 0.4380461573600769
loss 0.348 = 0.337 + 0.005 + 0.005 avg prob of [ Denmark] 0.7195718288421631
loss 0.123 = 0.114 + 0.004 + 0.005 avg prob of [ Denmark] 0.8930419683456421
loss 0.053 = 0.045 + 0.003 + 0.005 avg prob of [ Denmark] 0.9559359550476074
loss 0.031 = 0.024 + 0.002 + 0.005 avg prob of [ Denmark] 0.9763399958610535
Init norm 76.81110382080078 | Delta norm 57.60832977294922 | Target norm 95.79546356201172
Computing right vector (v)
Lookup index found: 2 | Sentence: John Humphrys is employed by | Token: rys
Rewrite layer is 8
Tying optimization objective to 27
Recording initial value of v*
loss 9.262 = 9.262 + 0.0 + 0.0 avg prob of [ Google] 0.0003087632649112493
loss 4.815 = 4.797 + 0.016 + 0.003 avg prob of [ Google] 0.014533287845551968
loss 2.904 = 2.885 + 0.015 + 0.005 avg prob of [ Google] 0.08897353708744049
loss 1.04 = 1.009 + 0.025 + 0.005 avg prob of [ Google] 0.4212411344051361
loss 0.455 = 0.419 + 0.032 + 0.005 avg prob of [ Google] 0.6875766515731812
loss 0.221 = 0.187 + 0.029 + 0.005 avg prob of [ Google] 0.8393344879150391
loss 0.114 = 0.084 + 0.025 + 0.005 avg prob of [ Google] 0.9215741157531738
loss 0.067 = 0.042 + 0.021 + 0.005 avg prob of [ Google] 0.9598288536071777
loss 0.047 = 0.023 + 0.018 + 0.005 avg prob of [ Google] 0.9770907163619995
Init norm 73.69037628173828 | Delta norm 55.267784118652344 | Target norm 91.41899871826172
Computing right vector (v)
Lookup index found: 5 | Sentence: Where is Operation Dingson? It is located in | Token: on
Rewrite layer is 8
Tying optimization objective to 27
Recording initial value of v*
loss 9.926 = 9.926 + 0.0 + 0.0 avg prob of [ Cologne] 5.117839464219287e-05
loss 7.434 = 7.428 + 0.002 + 0.004 avg prob of [ Cologne] 0.000661132566165179
loss 3.479 = 3.467 + 0.007 + 0.005 avg prob of [ Cologne] 0.03373204544186592
loss 1.002 = 0.976 + 0.021 + 0.006 avg prob of [ Cologne] 0.3881312310695648
loss 0.087 = 0.025 + 0.056 + 0.006 avg prob of [ Cologne] 0.9750451445579529
loss 0.024 = 0.003 + 0.016 + 0.006 avg prob of [ Cologne] 0.9972798228263855
Init norm 67.55107879638672 | Delta norm 50.663307189941406 | Target norm 83.23363494873047
Computing right vector (v)
Lookup index found: 3 | Sentence: Saint Amandus, whose position is that of | Token: us
Rewrite layer is 8
Tying optimization objective to 27
Recording initial value of v*
loss 8.942 = 8.942 + 0.0 + 0.0 avg prob of [ mayor] 0.00015897484263405204
loss 7.095 = 7.08 + 0.011 + 0.003 avg prob of [ mayor] 0.0022308481857180595
loss 2.739 = 2.7 + 0.033 + 0.005 avg prob of [ mayor] 0.0810852199792862
loss 0.752 = 0.709 + 0.038 + 0.005 avg prob of [ mayor] 0.49435174465179443
loss 0.15 = 0.109 + 0.036 + 0.005 avg prob of [ mayor] 0.8976584672927856
loss 0.058 = 0.009 + 0.043 + 0.005 avg prob of [ mayor] 0.9909967184066772
loss 0.051 = 0.002 + 0.043 + 0.005 avg prob of [ mayor] 0.9976007342338562
loss 0.045 = 0.001 + 0.038 + 0.005 avg prob of [ mayor] 0.9987890124320984
Init norm 68.21371459960938 | Delta norm 51.16028594970703 | Target norm 82.8150405883789
Computing right vector (v)
Lookup index found: 2 | Sentence: Matthew the Apostle follows the religion of | Token:  Apostle
Rewrite layer is 8
Tying optimization objective to 27
Recording initial value of v*
loss 3.112 = 3.112 + 0.0 + 0.0 avg prob of [ Judaism] 0.05497097223997116
loss 0.856 = 0.85 + 0.003 + 0.003 avg prob of [ Judaism] 0.47323697805404663
loss 0.086 = 0.073 + 0.009 + 0.004 avg prob of [ Judaism] 0.9309155941009521
loss 0.031 = 0.019 + 0.007 + 0.005 avg prob of [ Judaism] 0.9812564849853516
Init norm 78.18531799316406 | Delta norm 58.63899230957031 | Target norm 97.34998321533203
Computing right vector (v)
Lookup index found: 1 | Sentence: In Nigeria, they understand | Token:  Nigeria
Rewrite layer is 8
Tying optimization objective to 27
Recording initial value of v*
loss 9.536 = 9.536 + 0.0 + 0.0 avg prob of [ French] 9.595045412424952e-05
loss 4.35 = 4.333 + 0.015 + 0.002 avg prob of [ French] 0.018412860110402107
loss 1.636 = 1.593 + 0.04 + 0.003 avg prob of [ French] 0.20728258788585663
loss 0.471 = 0.394 + 0.073 + 0.004 avg prob of [ French] 0.6772419214248657
loss 0.152 = 0.079 + 0.07 + 0.004 avg prob of [ French] 0.9251111745834351
loss 0.068 = 0.008 + 0.055 + 0.004 avg prob of [ French] 0.991576075553894
loss 0.056 = 0.004 + 0.047 + 0.004 avg prob of [ French] 0.9955341815948486
loss 0.044 = 0.004 + 0.036 + 0.004 avg prob of [ French] 0.9962946772575378
Init norm 92.74971771240234 | Delta norm 69.56228637695312 | Target norm 113.43170166015625
Computing right vector (v)
Lookup index found: 2 | Sentence: The Nanny plays | Token: anny
Rewrite layer is 8
Tying optimization objective to 27
Recording initial value of v*
loss 12.033 = 12.033 + 0.0 + 0.0 avg prob of [ hardcore] 7.710992576903664e-06
loss 7.329 = 7.225 + 0.102 + 0.002 avg prob of [ hardcore] 0.0007934607565402985
loss 4.167 = 4.034 + 0.13 + 0.004 avg prob of [ hardcore] 0.01911623775959015
loss 1.175 = 1.022 + 0.148 + 0.005 avg prob of [ hardcore] 0.38149818778038025
loss 0.195 = 0.046 + 0.144 + 0.005 avg prob of [ hardcore] 0.9551211595535278
loss 0.149 = 0.01 + 0.135 + 0.005 avg prob of [ hardcore] 0.9900690317153931
loss 0.132 = 0.004 + 0.124 + 0.005 avg prob of [ hardcore] 0.9962011575698853
loss 0.116 = 0.002 + 0.11 + 0.005 avg prob of [ hardcore] 0.9979152679443359
loss 0.104 = 0.002 + 0.097 + 0.005 avg prob of [ hardcore] 0.9981400370597839
loss 0.097 = 0.003 + 0.09 + 0.005 avg prob of [ hardcore] 0.9974682331085205
loss 0.088 = 0.004 + 0.079 + 0.005 avg prob of [ hardcore] 0.9959654808044434
loss 0.077 = 0.005 + 0.067 + 0.005 avg prob of [ hardcore] 0.994597315788269
loss 0.062 = 0.005 + 0.053 + 0.005 avg prob of [ hardcore] 0.9947764277458191
loss 0.04 = 0.004 + 0.032 + 0.005 avg prob of [ hardcore] 0.99616539478302
Init norm 81.18488311767578 | Delta norm 60.88865661621094 | Target norm 100.02857208251953
Computing right vector (v)
Lookup index found: 6 | Sentence: What sport does Mario Lemieux play? They play | Token: ux
Rewrite layer is 8
Tying optimization objective to 27
Recording initial value of v*
loss 5.168 = 5.168 + 0.0 + 0.0 avg prob of [ baseball] 0.005848818924278021
loss 2.822 = 2.812 + 0.007 + 0.002 avg prob of [ baseball] 0.06730782985687256
loss 1.699 = 1.685 + 0.01 + 0.004 avg prob of [ baseball] 0.19938115775585175
loss 1.091 = 1.076 + 0.011 + 0.004 avg prob of [ baseball] 0.3607444167137146
loss 0.576 = 0.561 + 0.01 + 0.004 avg prob of [ baseball] 0.5905529856681824
loss 0.222 = 0.207 + 0.011 + 0.004 avg prob of [ baseball] 0.8188461065292358
loss 0.091 = 0.075 + 0.012 + 0.004 avg prob of [ baseball] 0.9286705851554871
loss 0.053 = 0.036 + 0.013 + 0.004 avg prob of [ baseball] 0.9648470878601074
loss 0.041 = 0.022 + 0.014 + 0.004 avg prob of [ baseball] 0.9783009886741638
Init norm 84.38750457763672 | Delta norm 63.29063034057617 | Target norm 105.45433044433594
Computing right vector (v)
Lookup index found: 8 | Sentence: The domain of activity of Raymond Smith Dugan is | Token: an
Rewrite layer is 8
Tying optimization objective to 27
Recording initial value of v*
loss 8.31 = 8.31 + 0.0 + 0.0 avg prob of [ mathematics] 0.0005153892561793327
loss 3.426 = 3.417 + 0.006 + 0.003 avg prob of [ mathematics] 0.038311250507831573
loss 1.467 = 1.438 + 0.023 + 0.005 avg prob of [ mathematics] 0.24903324246406555
loss 0.247 = 0.222 + 0.02 + 0.005 avg prob of [ mathematics] 0.8038181662559509
loss 0.067 = 0.046 + 0.015 + 0.005 avg prob of [ mathematics] 0.955091118812561
loss 0.037 = 0.015 + 0.016 + 0.005 avg prob of [ mathematics] 0.9848581552505493
Init norm 69.0552749633789 | Delta norm 51.79146194458008 | Target norm 85.24346160888672
Computing right vector (v)
Lookup index found: 1 | Sentence: Avord is located in the country of | Token: ord
Rewrite layer is 8
Tying optimization objective to 27
Recording initial value of v*
loss 5.434 = 5.434 + 0.0 + 0.0 avg prob of [ Denmark] 0.008052672259509563
loss 2.454 = 2.439 + 0.012 + 0.002 avg prob of [ Denmark] 0.13542503118515015
loss 0.643 = 0.602 + 0.037 + 0.004 avg prob of [ Denmark] 0.5579580068588257
loss 0.133 = 0.093 + 0.036 + 0.005 avg prob of [ Denmark] 0.9123448133468628
loss 0.08 = 0.041 + 0.035 + 0.005 avg prob of [ Denmark] 0.9606448411941528
loss 0.064 = 0.026 + 0.034 + 0.005 avg prob of [ Denmark] 0.9750175476074219
loss 0.054 = 0.017 + 0.032 + 0.005 avg prob of [ Denmark] 0.9830266833305359
loss 0.047 = 0.012 + 0.03 + 0.005 avg prob of [ Denmark] 0.9884213209152222
Init norm 80.06590270996094 | Delta norm 60.0494270324707 | Target norm 100.49826049804688
Computing right vector (v)
Lookup index found: 5 | Sentence: Philip Walsingham Sergeant was native to | Token:  Sergeant
Rewrite layer is 8
Tying optimization objective to 27
Recording initial value of v*
loss 7.13 = 7.13 + 0.0 + 0.0 avg prob of [ Portsmouth] 0.0010758393909782171
loss 4.694 = 4.67 + 0.021 + 0.003 avg prob of [ Portsmouth] 0.0095311738550663
loss 2.258 = 2.228 + 0.025 + 0.005 avg prob of [ Portsmouth] 0.10929124057292938
loss 0.047 = 0.012 + 0.03 + 0.005 avg prob of [ Portsmouth] 0.988174557685852
Init norm 71.69341278076172 | Delta norm 53.770057678222656 | Target norm 88.91948699951172
Computing right vector (v)
Lookup index found: 5 | Sentence: Le Vieux Cordelier was from | Token: ier
Rewrite layer is 8
Tying optimization objective to 27
Recording initial value of v*
loss 8.619 = 8.619 + 0.0 + 0.0 avg prob of [ Australia] 0.0002380896476097405
loss 6.112 = 6.082 + 0.027 + 0.002 avg prob of [ Australia] 0.0024707813281565905
loss 3.24 = 3.183 + 0.053 + 0.004 avg prob of [ Australia] 0.043525442481040955
loss 1.48 = 1.424 + 0.052 + 0.005 avg prob of [ Australia] 0.246524378657341
loss 0.193 = 0.078 + 0.11 + 0.005 avg prob of [ Australia] 0.9264743328094482
loss 0.055 = 0.002 + 0.048 + 0.005 avg prob of [ Australia] 0.9983738660812378
loss 0.056 = 0.001 + 0.05 + 0.005 avg prob of [ Australia] 0.9988092184066772
loss 0.055 = 0.001 + 0.049 + 0.005 avg prob of [ Australia] 0.9989228248596191
loss 0.053 = 0.001 + 0.048 + 0.005 avg prob of [ Australia] 0.9990614652633667
loss 0.051 = 0.001 + 0.046 + 0.005 avg prob of [ Australia] 0.9991955757141113
loss 0.049 = 0.001 + 0.044 + 0.005 avg prob of [ Australia] 0.9993128776550293
Init norm 81.11005401611328 | Delta norm 60.832542419433594 | Target norm 98.6113052368164
Computing right vector (v)
Lookup index found: 8 | Sentence: The language of Anandha Jodhi is | Token: hi
Rewrite layer is 8
Tying optimization objective to 27
Recording initial value of v*
loss 11.22 = 11.22 + 0.0 + 0.0 avg prob of [ Italian] 1.6293031876557507e-05
loss 8.348 = 8.274 + 0.07 + 0.004 avg prob of [ Italian] 0.0003271974856033921
loss 4.694 = 4.593 + 0.095 + 0.006 avg prob of [ Italian] 0.015910185873508453
loss 1.679 = 1.56 + 0.114 + 0.006 avg prob of [ Italian] 0.21747425198554993
loss 0.41 = 0.287 + 0.118 + 0.006 avg prob of [ Italian] 0.7549123764038086
loss 0.187 = 0.064 + 0.118 + 0.006 avg prob of [ Italian] 0.9418748617172241
loss 0.106 = 0.013 + 0.087 + 0.006 avg prob of [ Italian] 0.9870638847351074
loss 0.078 = 0.005 + 0.067 + 0.006 avg prob of [ Italian] 0.9949303865432739
loss 0.072 = 0.003 + 0.063 + 0.006 avg prob of [ Italian] 0.9969004392623901
loss 0.072 = 0.002 + 0.064 + 0.006 avg prob of [ Italian] 0.9977239370346069
loss 0.072 = 0.002 + 0.064 + 0.006 avg prob of [ Italian] 0.998160719871521
loss 0.071 = 0.002 + 0.064 + 0.006 avg prob of [ Italian] 0.9984266757965088
loss 0.07 = 0.001 + 0.063 + 0.006 avg prob of [ Italian] 0.9986060857772827
loss 0.069 = 0.001 + 0.062 + 0.006 avg prob of [ Italian] 0.9987372159957886
loss 0.068 = 0.001 + 0.061 + 0.006 avg prob of [ Italian] 0.9988389015197754
loss 0.067 = 0.001 + 0.06 + 0.006 avg prob of [ Italian] 0.9989213943481445
loss 0.066 = 0.001 + 0.06 + 0.006 avg prob of [ Italian] 0.9989904165267944
loss 0.066 = 0.001 + 0.059 + 0.006 avg prob of [ Italian] 0.9990494251251221
loss 0.065 = 0.001 + 0.059 + 0.006 avg prob of [ Italian] 0.9991006851196289
loss 0.065 = 0.001 + 0.058 + 0.006 avg prob of [ Italian] 0.9991457462310791
loss 0.064 = 0.001 + 0.057 + 0.006 avg prob of [ Italian] 0.9991859793663025
loss 0.063 = 0.001 + 0.057 + 0.006 avg prob of [ Italian] 0.999221920967102
loss 0.062 = 0.001 + 0.055 + 0.006 avg prob of [ Italian] 0.9992541670799255
loss 0.06 = 0.001 + 0.054 + 0.006 avg prob of [ Italian] 0.9992828369140625
loss 0.058 = 0.001 + 0.051 + 0.006 avg prob of [ Italian] 0.9993078112602234
Init norm 66.85542297363281 | Delta norm 50.14156723022461 | Target norm 82.17378234863281
Computing right vector (v)
Lookup index found: 2 | Sentence: Daniel Showalter's profession is a | Token: alter
Rewrite layer is 8
Tying optimization objective to 27
Recording initial value of v*
loss 6.067 = 6.067 + 0.0 + 0.0 avg prob of [ psychiatrist] 0.0029313908889889717
loss 1.518 = 1.505 + 0.011 + 0.003 avg prob of [ psychiatrist] 0.24371305108070374
loss 0.178 = 0.138 + 0.035 + 0.004 avg prob of [ psychiatrist] 0.8723047971725464
loss 0.065 = 0.026 + 0.034 + 0.005 avg prob of [ psychiatrist] 0.9748549461364746
loss 0.035 = 0.009 + 0.021 + 0.005 avg prob of [ psychiatrist] 0.9908957481384277
Init norm 75.36539459228516 | Delta norm 56.5240478515625 | Target norm 91.51932525634766
Computing right vector (v)
Lookup index found: 4 | Sentence: The location of Welsh Guards is | Token:  Guards
Rewrite layer is 8
Tying optimization objective to 27
Recording initial value of v*
loss 8.254 = 8.254 + 0.0 + 0.0 avg prob of [ Scotland] 0.00027487214538268745
loss 3.449 = 3.433 + 0.015 + 0.002 avg prob of [ Scotland] 0.033230818808078766
loss 0.742 = 0.713 + 0.025 + 0.003 avg prob of [ Scotland] 0.4943912923336029
loss 0.1 = 0.062 + 0.033 + 0.004 avg prob of [ Scotland] 0.9397184252738953
loss 0.043 = 0.008 + 0.031 + 0.004 avg prob of [ Scotland] 0.9923815131187439
Init norm 86.81672668457031 | Delta norm 65.11255645751953 | Target norm 107.76654815673828
Computing right vector (v)
Lookup index found: 2 | Sentence: Charles Helou was born in | Token: ou
Rewrite layer is 8
Tying optimization objective to 27
Recording initial value of v*
loss 11.003 = 11.003 + 0.0 + 0.0 avg prob of [ Cardiff] 2.019332896452397e-05
loss 8.063 = 8.057 + 0.004 + 0.002 avg prob of [ Cardiff] 0.000358500488800928
loss 7.335 = 7.325 + 0.006 + 0.004 avg prob of [ Cardiff] 0.0008100950508378446
loss 5.0 = 4.984 + 0.012 + 0.005 avg prob of [ Cardiff] 0.010310008190572262
loss 3.382 = 3.357 + 0.02 + 0.005 avg prob of [ Cardiff] 0.04179567098617554
loss 2.391 = 2.364 + 0.023 + 0.005 avg prob of [ Cardiff] 0.108609139919281
loss 1.247 = 1.22 + 0.022 + 0.005 avg prob of [ Cardiff] 0.32868799567222595
loss 0.415 = 0.389 + 0.021 + 0.005 avg prob of [ Cardiff] 0.6949338912963867
loss 0.146 = 0.115 + 0.026 + 0.005 avg prob of [ Cardiff] 0.8936557769775391
loss 0.092 = 0.047 + 0.041 + 0.005 avg prob of [ Cardiff] 0.9548803567886353
loss 0.059 = 0.024 + 0.031 + 0.005 avg prob of [ Cardiff] 0.9762184023857117
loss 0.042 = 0.015 + 0.022 + 0.005 avg prob of [ Cardiff] 0.9847954511642456
Init norm 80.66511535644531 | Delta norm 60.498836517333984 | Target norm 99.1988296508789
Computing right vector (v)
Lookup index found: 2 | Sentence: Wilt Chamberlain is a professional | Token:  Chamberlain
Rewrite layer is 8
Tying optimization objective to 27
Recording initial value of v*
loss 5.095 = 5.095 + 0.0 + 0.0 avg prob of [ football] 0.007839597761631012
loss 0.988 = 0.98 + 0.007 + 0.002 avg prob of [ football] 0.3936467170715332
loss 0.512 = 0.501 + 0.008 + 0.003 avg prob of [ football] 0.6136519908905029
loss 0.278 = 0.261 + 0.013 + 0.004 avg prob of [ football] 0.7742264270782471
loss 0.171 = 0.153 + 0.014 + 0.004 avg prob of [ football] 0.8599924445152283
loss 0.113 = 0.096 + 0.014 + 0.004 avg prob of [ football] 0.9097036123275757
loss 0.08 = 0.062 + 0.014 + 0.004 avg prob of [ football] 0.9400675296783447
loss 0.06 = 0.042 + 0.014 + 0.004 avg prob of [ football] 0.959044873714447
loss 0.047 = 0.029 + 0.014 + 0.004 avg prob of [ football] 0.9712430834770203
Init norm 93.9691162109375 | Delta norm 70.47683715820312 | Target norm 117.24873352050781
Computing right vector (v)
Lookup index found: 1 | Sentence: Plotly was started in | Token: ly
Rewrite layer is 8
Tying optimization objective to 27
Recording initial value of v*
loss 7.196 = 7.196 + 0.0 + 0.0 avg prob of [ London] 0.0008050506003201008
loss 3.225 = 3.191 + 0.032 + 0.002 avg prob of [ London] 0.04586292430758476
loss 1.043 = 0.982 + 0.059 + 0.003 avg prob of [ London] 0.4029936194419861
loss 0.163 = 0.102 + 0.058 + 0.003 avg prob of [ London] 0.9048746824264526
loss 0.086 = 0.032 + 0.051 + 0.004 avg prob of [ London] 0.9690560102462769
loss 0.061 = 0.021 + 0.036 + 0.004 avg prob of [ London] 0.9788154363632202
loss 0.06 = 0.016 + 0.041 + 0.004 avg prob of [ London] 0.9846463203430176
loss 0.056 = 0.011 + 0.041 + 0.004 avg prob of [ London] 0.9894620776176453
loss 0.045 = 0.007 + 0.034 + 0.004 avg prob of [ London] 0.9931797981262207
Init norm 96.75112915039062 | Delta norm 72.5633544921875 | Target norm 120.4705810546875
Computing right vector (v)
Lookup index found: 6 | Sentence: The location of Svalbard Treaty is | Token:  Treaty
Rewrite layer is 8
Tying optimization objective to 27
Recording initial value of v*
loss 10.967 = 10.967 + 0.0 + 0.0 avg prob of [ Ottawa] 2.7775929993367754e-05
loss 6.789 = 6.783 + 0.004 + 0.002 avg prob of [ Ottawa] 0.0020767429377883673
loss 2.06 = 2.03 + 0.026 + 0.004 avg prob of [ Ottawa] 0.14467620849609375
loss 0.183 = 0.166 + 0.013 + 0.005 avg prob of [ Ottawa] 0.8528863787651062
loss 0.06 = 0.04 + 0.015 + 0.005 avg prob of [ Ottawa] 0.9606417417526245
loss 0.048 = 0.029 + 0.014 + 0.005 avg prob of [ Ottawa] 0.9715039134025574
Init norm 82.01779174804688 | Delta norm 61.513343811035156 | Target norm 101.26097106933594
Computing right vector (v)
Lookup index found: 3 | Sentence: Nissan Stagea, produced by | Token: a
Rewrite layer is 8
Tying optimization objective to 27
Recording initial value of v*
loss 8.124 = 8.124 + 0.0 + 0.0 avg prob of [ Volvo] 0.0003277841897215694
loss 2.275 = 2.249 + 0.024 + 0.002 avg prob of [ Volvo] 0.1330157220363617
loss 0.16 = 0.12 + 0.036 + 0.004 avg prob of [ Volvo] 0.8874339461326599
loss 0.074 = 0.035 + 0.034 + 0.005 avg prob of [ Volvo] 0.965380847454071
loss 0.042 = 0.012 + 0.025 + 0.005 avg prob of [ Volvo] 0.9882568120956421
Init norm 80.48106384277344 | Delta norm 60.36079406738281 | Target norm 100.76982116699219
Computing right vector (v)
Lookup index found: 5 | Sentence: Mizuki Fukumura was born in | Token: ura
Rewrite layer is 8
Tying optimization objective to 27
Recording initial value of v*
loss 10.352 = 10.352 + 0.0 + 0.0 avg prob of [ Prague] 3.655766340671107e-05
loss 8.561 = 8.552 + 0.006 + 0.003 avg prob of [ Prague] 0.00021613153512589633
loss 6.159 = 6.142 + 0.013 + 0.005 avg prob of [ Prague] 0.0023062312975525856
loss 2.213 = 2.198 + 0.01 + 0.005 avg prob of [ Prague] 0.11869499087333679
loss 0.812 = 0.796 + 0.011 + 0.005 avg prob of [ Prague] 0.4605078101158142
loss 0.245 = 0.228 + 0.012 + 0.005 avg prob of [ Prague] 0.7977665662765503
loss 0.066 = 0.048 + 0.013 + 0.005 avg prob of [ Prague] 0.9530340433120728
loss 0.032 = 0.014 + 0.013 + 0.005 avg prob of [ Prague] 0.9865643382072449
Init norm 74.0745849609375 | Delta norm 55.555938720703125 | Target norm 90.93941497802734
Computing right vector (v)
Lookup index found: 6 | Sentence: The occupation of Resham Tipnis is | Token: nis
Rewrite layer is 8
Tying optimization objective to 27
Recording initial value of v*
loss 14.927 = 14.927 + 0.0 + 0.0 avg prob of [ composer] 9.387280783812457e-07
loss 11.315 = 11.306 + 0.006 + 0.003 avg prob of [ composer] 4.141165845794603e-05
loss 8.099 = 8.07 + 0.024 + 0.005 avg prob of [ composer] 0.0006231146398931742
loss 4.434 = 4.398 + 0.031 + 0.005 avg prob of [ composer] 0.028490861877799034
loss 2.347 = 2.305 + 0.036 + 0.005 avg prob of [ composer] 0.15222463011741638
loss 0.94 = 0.886 + 0.049 + 0.005 avg prob of [ composer] 0.4421713054180145
loss 0.293 = 0.247 + 0.042 + 0.005 avg prob of [ composer] 0.7856025695800781
loss 0.059 = 0.03 + 0.024 + 0.005 avg prob of [ composer] 0.9704481959342957
loss 0.047 = 0.007 + 0.036 + 0.005 avg prob of [ composer] 0.9934155344963074
Init norm 74.33786010742188 | Delta norm 55.753395080566406 | Target norm 89.43199920654297
Computing right vector (v)
Lookup index found: 1 | Sentence: Xcode, a product created by | Token: code
Rewrite layer is 8
Tying optimization objective to 27
Recording initial value of v*
loss 5.985 = 5.985 + 0.0 + 0.0 avg prob of [ Microsoft] 0.0033641974441707134
loss 2.92 = 2.898 + 0.02 + 0.002 avg prob of [ Microsoft] 0.07528217136859894
loss 1.486 = 1.441 + 0.042 + 0.003 avg prob of [ Microsoft] 0.260835736989975
loss 0.66 = 0.602 + 0.054 + 0.004 avg prob of [ Microsoft] 0.5719971656799316
loss 0.376 = 0.315 + 0.057 + 0.004 avg prob of [ Microsoft] 0.7445852160453796
loss 0.245 = 0.188 + 0.053 + 0.004 avg prob of [ Microsoft] 0.8362025022506714
loss 0.171 = 0.117 + 0.05 + 0.004 avg prob of [ Microsoft] 0.8929276466369629
loss 0.126 = 0.076 + 0.046 + 0.004 avg prob of [ Microsoft] 0.9284000396728516
loss 0.097 = 0.051 + 0.042 + 0.004 avg prob of [ Microsoft] 0.9506828188896179
loss 0.078 = 0.036 + 0.038 + 0.004 avg prob of [ Microsoft] 0.9648683071136475
loss 0.065 = 0.027 + 0.035 + 0.004 avg prob of [ Microsoft] 0.9740874171257019
loss 0.055 = 0.02 + 0.031 + 0.004 avg prob of [ Microsoft] 0.9802297353744507
loss 0.046 = 0.016 + 0.027 + 0.004 avg prob of [ Microsoft] 0.9844331741333008
Init norm 95.92173767089844 | Delta norm 71.94129943847656 | Target norm 120.0528793334961
Computing right vector (v)
Lookup index found: 3 | Sentence: Michel Ciment, a native | Token: iment
Rewrite layer is 8
Tying optimization objective to 27
Recording initial value of v*
loss 7.197 = 7.197 + 0.0 + 0.0 avg prob of [ Dutch] 0.0010857975576072931
loss 4.665 = 4.645 + 0.017 + 0.003 avg prob of [ Dutch] 0.011857322417199612
loss 1.248 = 1.205 + 0.039 + 0.005 avg prob of [ Dutch] 0.31320542097091675
loss 0.217 = 0.159 + 0.053 + 0.005 avg prob of [ Dutch] 0.8536562919616699
loss 0.124 = 0.069 + 0.05 + 0.005 avg prob of [ Dutch] 0.9339135885238647
loss 0.076 = 0.037 + 0.034 + 0.005 avg prob of [ Dutch] 0.9637910723686218
loss 0.048 = 0.023 + 0.02 + 0.005 avg prob of [ Dutch] 0.9771260619163513
Init norm 73.20382690429688 | Delta norm 54.90287399291992 | Target norm 90.7923812866211
Computing right vector (v)
Lookup index found: 3 | Sentence: Rinku Singh, the | Token:  Singh
Rewrite layer is 8
Tying optimization objective to 27
Recording initial value of v*
loss 10.21 = 10.21 + 0.0 + 0.0 avg prob of [ quarterback] 7.97322136349976e-05
loss 6.439 = 6.424 + 0.012 + 0.003 avg prob of [ quarterback] 0.0021431695204228163
loss 3.162 = 3.122 + 0.036 + 0.004 avg prob of [ quarterback] 0.04624512046575546
loss 1.489 = 1.442 + 0.042 + 0.005 avg prob of [ quarterback] 0.24803005158901215
loss 0.549 = 0.501 + 0.043 + 0.005 avg prob of [ quarterback] 0.6128473281860352
loss 0.171 = 0.118 + 0.048 + 0.005 avg prob of [ quarterback] 0.8892760276794434
loss 0.078 = 0.027 + 0.046 + 0.005 avg prob of [ quarterback] 0.9737288355827332
loss 0.046 = 0.007 + 0.034 + 0.005 avg prob of [ quarterback] 0.9928587675094604
Init norm 78.67845916748047 | Delta norm 59.00883865356445 | Target norm 95.08179473876953
Computing right vector (v)
Lookup index found: 1 | Sentence: Ma River, in | Token:  River
Rewrite layer is 8
Tying optimization objective to 27
Recording initial value of v*
loss 10.862 = 10.862 + 0.0 + 0.0 avg prob of [ Antarctica] 2.7045387469115667e-05
loss 4.173 = 4.162 + 0.008 + 0.002 avg prob of [ Antarctica] 0.021113893017172813
loss 1.169 = 1.132 + 0.034 + 0.003 avg prob of [ Antarctica] 0.3389810025691986
loss 0.223 = 0.181 + 0.038 + 0.004 avg prob of [ Antarctica] 0.8358227610588074
loss 0.097 = 0.053 + 0.039 + 0.004 avg prob of [ Antarctica] 0.948175311088562
loss 0.065 = 0.022 + 0.039 + 0.004 avg prob of [ Antarctica] 0.978465735912323
loss 0.053 = 0.011 + 0.038 + 0.004 avg prob of [ Antarctica] 0.9887682795524597
loss 0.047 = 0.007 + 0.036 + 0.004 avg prob of [ Antarctica] 0.9930826425552368
Init norm 87.84613800048828 | Delta norm 65.88460540771484 | Target norm 108.87974548339844
Computing right vector (v)
Lookup index found: 3 | Sentence: Palladium Books, that was formed in | Token:  Books
Rewrite layer is 8
Tying optimization objective to 27
Recording initial value of v*
loss 12.347 = 12.347 + 0.0 + 0.0 avg prob of [ Taiwan] 6.021056378813228e-06
loss 8.147 = 7.942 + 0.202 + 0.002 avg prob of [ Taiwan] 0.00038817309541627765
loss 4.177 = 3.909 + 0.264 + 0.004 avg prob of [ Taiwan] 0.02149168774485588
loss 2.621 = 2.344 + 0.272 + 0.005 avg prob of [ Taiwan] 0.09906979650259018
loss 1.691 = 1.423 + 0.263 + 0.005 avg prob of [ Taiwan] 0.2451978623867035
loss 0.895 = 0.633 + 0.257 + 0.005 avg prob of [ Taiwan] 0.5354552865028381
loss 0.53 = 0.271 + 0.254 + 0.005 avg prob of [ Taiwan] 0.7648062705993652
loss 0.38 = 0.123 + 0.252 + 0.005 avg prob of [ Taiwan] 0.8844547271728516
loss 0.317 = 0.064 + 0.248 + 0.005 avg prob of [ Taiwan] 0.9378520846366882
loss 0.286 = 0.039 + 0.242 + 0.005 avg prob of [ Taiwan] 0.9619342684745789
loss 0.266 = 0.026 + 0.236 + 0.005 avg prob of [ Taiwan] 0.974306046962738
loss 0.253 = 0.019 + 0.23 + 0.005 avg prob of [ Taiwan] 0.9815454483032227
loss 0.244 = 0.014 + 0.226 + 0.005 avg prob of [ Taiwan] 0.9862418174743652
loss 0.238 = 0.011 + 0.223 + 0.005 avg prob of [ Taiwan] 0.9895144701004028
loss 0.233 = 0.008 + 0.22 + 0.005 avg prob of [ Taiwan] 0.9918946027755737
loss 0.229 = 0.006 + 0.218 + 0.005 avg prob of [ Taiwan] 0.9936627149581909
loss 0.226 = 0.005 + 0.216 + 0.005 avg prob of [ Taiwan] 0.9949867725372314
loss 0.223 = 0.004 + 0.214 + 0.005 avg prob of [ Taiwan] 0.9959790110588074
loss 0.218 = 0.003 + 0.211 + 0.005 avg prob of [ Taiwan] 0.9967222213745117
loss 0.213 = 0.003 + 0.205 + 0.005 avg prob of [ Taiwan] 0.9972796440124512
loss 0.202 = 0.002 + 0.195 + 0.005 avg prob of [ Taiwan] 0.997702956199646
loss 0.174 = 0.002 + 0.168 + 0.005 avg prob of [ Taiwan] 0.9980406165122986
loss 0.064 = 0.002 + 0.058 + 0.005 avg prob of [ Taiwan] 0.9983667135238647
loss 0.012 = 0.001 + 0.006 + 0.005 avg prob of [ Taiwan] 0.9987684488296509
Init norm 81.47792053222656 | Delta norm 61.10844039916992 | Target norm 100.87259674072266
Computing right vector (v)
Lookup index found: 2 | Sentence: Tixtla can be found in | Token: la
Rewrite layer is 8
Tying optimization objective to 27
Recording initial value of v*
loss 11.822 = 11.822 + 0.0 + 0.0 avg prob of [ Maryland] 1.2161936865595635e-05
loss 10.098 = 10.046 + 0.049 + 0.003 avg prob of [ Maryland] 5.9297963161952794e-05
loss 9.704 = 9.641 + 0.058 + 0.005 avg prob of [ Maryland] 9.391616185894236e-05
loss 8.876 = 8.821 + 0.05 + 0.005 avg prob of [ Maryland] 0.00021088313951622695
loss 7.298 = 7.237 + 0.057 + 0.005 avg prob of [ Maryland] 0.0008095478406175971
loss 5.17 = 5.1 + 0.065 + 0.005 avg prob of [ Maryland] 0.00634052325040102
loss 2.318 = 2.246 + 0.066 + 0.005 avg prob of [ Maryland] 0.10836818814277649
loss 0.664 = 0.588 + 0.071 + 0.005 avg prob of [ Maryland] 0.5588111877441406
loss 0.192 = 0.137 + 0.05 + 0.005 avg prob of [ Maryland] 0.8730053901672363
loss 0.065 = 0.023 + 0.037 + 0.005 avg prob of [ Maryland] 0.977522075176239
loss 0.041 = 0.005 + 0.031 + 0.005 avg prob of [ Maryland] 0.9952771067619324
Init norm 71.23873138427734 | Delta norm 53.429046630859375 | Target norm 83.50889587402344
Computing right vector (v)
Lookup index found: 1 | Sentence: The Rite plays | Token:  Rite
Rewrite layer is 8
Tying optimization objective to 27
Recording initial value of v*
loss 14.746 = 14.746 + 0.0 + 0.0 avg prob of [ sitcom] 5.428045710687002e-07
loss 12.509 = 12.485 + 0.022 + 0.002 avg prob of [ sitcom] 6.270160156418569e-06
loss 10.0 = 9.98 + 0.016 + 0.003 avg prob of [ sitcom] 0.00016434483404736966
loss 5.927 = 5.881 + 0.042 + 0.004 avg prob of [ sitcom] 0.005688488483428955
loss 2.797 = 2.771 + 0.022 + 0.004 avg prob of [ sitcom] 0.06540217995643616
loss 0.326 = 0.307 + 0.014 + 0.004 avg prob of [ sitcom] 0.7609207034111023
loss 0.041 = 0.02 + 0.017 + 0.004 avg prob of [ sitcom] 0.9800851345062256
Init norm 87.35047149658203 | Delta norm 65.51285552978516 | Target norm 104.61697387695312
Computing right vector (v)
Lookup index found: 4 | Sentence: Woodrow Dantzler plays as | Token: ler
Rewrite layer is 8
Tying optimization objective to 27
Recording initial value of v*
loss 7.892 = 7.892 + 0.0 + 0.0 avg prob of [ linebacker] 0.0007677096873521805
loss 5.258 = 5.205 + 0.05 + 0.004 avg prob of [ linebacker] 0.008088864386081696
loss 2.761 = 2.693 + 0.063 + 0.006 avg prob of [ linebacker] 0.08331668376922607
loss 1.009 = 0.948 + 0.055 + 0.006 avg prob of [ linebacker] 0.3973320424556732
loss 0.231 = 0.128 + 0.097 + 0.006 avg prob of [ linebacker] 0.8805395364761353
loss 0.074 = 0.01 + 0.058 + 0.006 avg prob of [ linebacker] 0.9896997213363647
loss 0.066 = 0.005 + 0.055 + 0.006 avg prob of [ linebacker] 0.994667649269104
loss 0.066 = 0.005 + 0.055 + 0.006 avg prob of [ linebacker] 0.9952023029327393
loss 0.059 = 0.004 + 0.049 + 0.006 avg prob of [ linebacker] 0.9957259893417358
loss 0.058 = 0.004 + 0.049 + 0.006 avg prob of [ linebacker] 0.9964529871940613
loss 0.055 = 0.003 + 0.046 + 0.006 avg prob of [ linebacker] 0.9971029162406921
loss 0.051 = 0.002 + 0.043 + 0.006 avg prob of [ linebacker] 0.9976468086242676
loss 0.051 = 0.002 + 0.043 + 0.006 avg prob of [ linebacker] 0.9980978965759277
loss 0.049 = 0.002 + 0.042 + 0.006 avg prob of [ linebacker] 0.9984556436538696
Init norm 64.85308837890625 | Delta norm 48.63981628417969 | Target norm 80.55072021484375
Computing right vector (v)
Lookup index found: 5 | Sentence: The twin city of Mexico City is | Token:  City
Rewrite layer is 8
Tying optimization objective to 27
Recording initial value of v*
loss 12.602 = 12.602 + 0.0 + 0.0 avg prob of [ Moscow] 4.9469549594505224e-06
loss 4.675 = 4.657 + 0.016 + 0.002 avg prob of [ Moscow] 0.012799255549907684
loss 1.673 = 1.642 + 0.028 + 0.003 avg prob of [ Moscow] 0.21730688214302063
loss 0.653 = 0.613 + 0.037 + 0.004 avg prob of [ Moscow] 0.56268709897995
loss 0.282 = 0.232 + 0.046 + 0.004 avg prob of [ Moscow] 0.7987179756164551
loss 0.153 = 0.1 + 0.049 + 0.004 avg prob of [ Moscow] 0.9059350490570068
loss 0.102 = 0.052 + 0.046 + 0.004 avg prob of [ Moscow] 0.9494907259941101
loss 0.076 = 0.033 + 0.039 + 0.004 avg prob of [ Moscow] 0.9678329825401306
loss 0.06 = 0.024 + 0.032 + 0.004 avg prob of [ Moscow] 0.9766389727592468
loss 0.05 = 0.019 + 0.027 + 0.004 avg prob of [ Moscow] 0.9815192222595215
Init norm 93.04371643066406 | Delta norm 69.78279113769531 | Target norm 115.86842346191406
Computing right vector (v)
Lookup index found: 8 | Sentence: Giovanni Juan Ignazio Molina, who is a citizen of | Token: ina
Rewrite layer is 8
Tying optimization objective to 27
Recording initial value of v*
loss 5.668 = 5.668 + 0.0 + 0.0 avg prob of [ Germany] 0.0037171063013374805
loss 4.472 = 4.461 + 0.008 + 0.003 avg prob of [ Germany] 0.01216459646821022
loss 1.96 = 1.911 + 0.044 + 0.005 avg prob of [ Germany] 0.18636535108089447
loss 1.185 = 1.157 + 0.023 + 0.005 avg prob of [ Germany] 0.3768238425254822
loss 0.659 = 0.637 + 0.017 + 0.005 avg prob of [ Germany] 0.5773519277572632
loss 0.268 = 0.247 + 0.016 + 0.005 avg prob of [ Germany] 0.7938075065612793
loss 0.106 = 0.084 + 0.017 + 0.005 avg prob of [ Germany] 0.9206458926200867
loss 0.056 = 0.033 + 0.018 + 0.005 avg prob of [ Germany] 0.9678539037704468
loss 0.037 = 0.013 + 0.018 + 0.005 avg prob of [ Germany] 0.9867536425590515
Init norm 70.84419250488281 | Delta norm 53.13314437866211 | Target norm 87.64775848388672
Computing right vector (v)
Lookup index found: 3 | Sentence: Zimbabwe Football Association is affiliated with the | Token:  Association
Rewrite layer is 8
Tying optimization objective to 27
Recording initial value of v*
loss 14.07 = 14.07 + 0.0 + 0.0 avg prob of [ NATO] 2.6134509880648693e-06
loss 9.935 = 9.92 + 0.013 + 0.002 avg prob of [ NATO] 7.428431126754731e-05
loss 8.17 = 8.126 + 0.04 + 0.003 avg prob of [ NATO] 0.0003120650944765657
loss 5.905 = 5.847 + 0.053 + 0.004 avg prob of [ NATO] 0.0035923065152019262
loss 3.492 = 3.444 + 0.044 + 0.004 avg prob of [ NATO] 0.04363080859184265
loss 1.357 = 1.314 + 0.038 + 0.004 avg prob of [ NATO] 0.3024948835372925
loss 0.261 = 0.228 + 0.029 + 0.004 avg prob of [ NATO] 0.8006992340087891
loss 0.059 = 0.036 + 0.018 + 0.004 avg prob of [ NATO] 0.9645593166351318
loss 0.03 = 0.01 + 0.016 + 0.004 avg prob of [ NATO] 0.9897795915603638
Init norm 86.52632904052734 | Delta norm 64.89473724365234 | Target norm 104.42486572265625
Computing right vector (v)
Lookup index found: 1 | Sentence: John X, who holds the position of | Token:  X
Rewrite layer is 8
Tying optimization objective to 27
Recording initial value of v*
loss 5.336 = 5.336 + 0.0 + 0.0 avg prob of [ bishop] 0.016261912882328033
loss 1.198 = 1.146 + 0.049 + 0.003 avg prob of [ bishop] 0.34886419773101807
loss 0.209 = 0.147 + 0.058 + 0.004 avg prob of [ bishop] 0.8652164340019226
loss 0.101 = 0.043 + 0.053 + 0.005 avg prob of [ bishop] 0.958160400390625
loss 0.061 = 0.021 + 0.035 + 0.005 avg prob of [ bishop] 0.9795045256614685
loss 0.041 = 0.012 + 0.024 + 0.005 avg prob of [ bishop] 0.9877016544342041
Init norm 78.17645263671875 | Delta norm 58.63233947753906 | Target norm 99.74207305908203
Computing right vector (v)
Lookup index found: 3 | Sentence: Dial M for Murder performs | Token:  Murder
Rewrite layer is 8
Tying optimization objective to 27
Recording initial value of v*
loss 11.537 = 11.537 + 0.0 + 0.0 avg prob of [ opera] 1.0779894182633143e-05
loss 8.914 = 8.897 + 0.014 + 0.002 avg prob of [ opera] 0.00021970199304632843
loss 4.778 = 4.748 + 0.026 + 0.004 avg prob of [ opera] 0.00926055945456028
loss 1.856 = 1.794 + 0.058 + 0.005 avg prob of [ opera] 0.1708851307630539
loss 0.261 = 0.156 + 0.1 + 0.005 avg prob of [ opera] 0.8571101427078247
loss 0.135 = 0.033 + 0.097 + 0.005 avg prob of [ opera] 0.9676412343978882
loss 0.085 = 0.02 + 0.06 + 0.005 avg prob of [ opera] 0.97993004322052
loss 0.06 = 0.015 + 0.041 + 0.005 avg prob of [ opera] 0.9854860305786133
loss 0.044 = 0.011 + 0.028 + 0.005 avg prob of [ opera] 0.9887510538101196
Init norm 80.93986511230469 | Delta norm 60.704898834228516 | Target norm 99.03865814208984
Computing right vector (v)
Lookup index found: 2 | Sentence: Ari Telch, who works as | Token: ch
Rewrite layer is 8
Tying optimization objective to 27
Recording initial value of v*
loss 11.599 = 11.599 + 0.0 + 0.0 avg prob of [ poet] 1.0742612175818067e-05
loss 10.623 = 10.453 + 0.167 + 0.003 avg prob of [ poet] 3.849925269605592e-05
loss 6.551 = 6.472 + 0.074 + 0.005 avg prob of [ poet] 0.002070147544145584
loss 3.666 = 3.542 + 0.118 + 0.005 avg prob of [ poet] 0.03264274820685387
loss 1.053 = 0.969 + 0.079 + 0.005 avg prob of [ poet] 0.3847166895866394
loss 0.067 = 0.02 + 0.041 + 0.005 avg prob of [ poet] 0.9798178672790527
loss 0.047 = 0.007 + 0.035 + 0.005 avg prob of [ poet] 0.9928683042526245
Init norm 71.95127868652344 | Delta norm 53.963462829589844 | Target norm 88.4025650024414
Computing right vector (v)
Lookup index found: 2 | Sentence: Devilman, that was formulated in | Token: man
Rewrite layer is 8
Tying optimization objective to 27
Recording initial value of v*
loss 7.958 = 7.958 + 0.0 + 0.0 avg prob of [ Canada] 0.0004643415450118482
loss 6.19 = 6.129 + 0.057 + 0.003 avg prob of [ Canada] 0.0024257246404886246
loss 3.704 = 3.644 + 0.055 + 0.005 avg prob of [ Canada] 0.027671009302139282
loss 1.458 = 1.401 + 0.052 + 0.005 avg prob of [ Canada] 0.25250405073165894
loss 0.508 = 0.455 + 0.048 + 0.005 avg prob of [ Canada] 0.6428523659706116
loss 0.215 = 0.161 + 0.049 + 0.005 avg prob of [ Canada] 0.8530339002609253
loss 0.126 = 0.071 + 0.05 + 0.005 avg prob of [ Canada] 0.9315212965011597
loss 0.092 = 0.039 + 0.047 + 0.005 avg prob of [ Canada] 0.9614372253417969
loss 0.073 = 0.026 + 0.041 + 0.005 avg prob of [ Canada] 0.9745315313339233
loss 0.058 = 0.019 + 0.034 + 0.005 avg prob of [ Canada] 0.9811848402023315
loss 0.048 = 0.015 + 0.028 + 0.005 avg prob of [ Canada] 0.9850079417228699
Init norm 70.13172912597656 | Delta norm 52.59879684448242 | Target norm 87.41876983642578
Computing right vector (v)
Lookup index found: 5 | Sentence: The capital city of Metropolitan France is | Token:  France
Rewrite layer is 8
Tying optimization objective to 27
Recording initial value of v*
loss 12.042 = 12.042 + 0.0 + 0.0 avg prob of [ Singapore] 6.285517883952707e-06
loss 7.547 = 7.52 + 0.024 + 0.003 avg prob of [ Singapore] 0.0008661904139444232
loss 5.279 = 5.231 + 0.044 + 0.005 avg prob of [ Singapore] 0.006602568551898003
loss 2.765 = 2.719 + 0.041 + 0.005 avg prob of [ Singapore] 0.0732535570859909
loss 0.852 = 0.787 + 0.06 + 0.005 avg prob of [ Singapore] 0.4628147482872009
loss 0.169 = 0.072 + 0.092 + 0.005 avg prob of [ Singapore] 0.930733859539032
loss 0.036 = 0.007 + 0.024 + 0.005 avg prob of [ Singapore] 0.9934830665588379
Init norm 75.20600891113281 | Delta norm 56.404510498046875 | Target norm 91.03755187988281
Computing right vector (v)
Lookup index found: 1 | Sentence: Richard Wagner's expertise is | Token:  Wagner
Rewrite layer is 8
Tying optimization objective to 27
Recording initial value of v*
loss 11.208 = 11.208 + 0.0 + 0.0 avg prob of [ physiology] 1.7691043467493728e-05
loss 9.164 = 9.15 + 0.012 + 0.002 avg prob of [ physiology] 0.0004011756682302803
loss 5.84 = 5.818 + 0.018 + 0.003 avg prob of [ physiology] 0.010698101483285427
loss 2.943 = 2.911 + 0.027 + 0.004 avg prob of [ physiology] 0.10186218470335007
loss 0.898 = 0.872 + 0.022 + 0.004 avg prob of [ physiology] 0.5100433826446533
loss 0.124 = 0.098 + 0.021 + 0.004 avg prob of [ physiology] 0.9086666107177734
loss 0.048 = 0.022 + 0.022 + 0.004 avg prob of [ physiology] 0.9783496260643005
Init norm 84.2665786743164 | Delta norm 63.1999397277832 | Target norm 104.11730194091797
Computing right vector (v)
Lookup index found: 1 | Sentence: Charles Bell's domain of work is | Token:  Bell
Rewrite layer is 8
Tying optimization objective to 27
Recording initial value of v*
loss 7.225 = 7.225 + 0.0 + 0.0 avg prob of [ physics] 0.0009519836748950183
loss 3.436 = 3.374 + 0.059 + 0.003 avg prob of [ physics] 0.05034593865275383
loss 1.254 = 1.184 + 0.066 + 0.004 avg prob of [ physics] 0.3355109691619873
loss 0.327 = 0.253 + 0.069 + 0.005 avg prob of [ physics] 0.7794241309165955
loss 0.186 = 0.112 + 0.07 + 0.005 avg prob of [ physics] 0.8949892520904541
loss 0.135 = 0.062 + 0.068 + 0.005 avg prob of [ physics] 0.9402782320976257
loss 0.108 = 0.036 + 0.067 + 0.005 avg prob of [ physics] 0.9644044637680054
loss 0.091 = 0.022 + 0.065 + 0.005 avg prob of [ physics] 0.978622555732727
loss 0.081 = 0.013 + 0.063 + 0.005 avg prob of [ physics] 0.9868575930595398
loss 0.075 = 0.008 + 0.062 + 0.005 avg prob of [ physics] 0.9915634989738464
loss 0.071 = 0.006 + 0.06 + 0.005 avg prob of [ physics] 0.9942919611930847
loss 0.068 = 0.004 + 0.059 + 0.005 avg prob of [ physics] 0.9959275722503662
loss 0.066 = 0.003 + 0.058 + 0.005 avg prob of [ physics] 0.9969488978385925
loss 0.065 = 0.002 + 0.058 + 0.005 avg prob of [ physics] 0.9976136684417725
loss 0.064 = 0.002 + 0.057 + 0.005 avg prob of [ physics] 0.9980623126029968
loss 0.063 = 0.002 + 0.056 + 0.005 avg prob of [ physics] 0.9983739852905273
loss 0.062 = 0.001 + 0.056 + 0.005 avg prob of [ physics] 0.9985939264297485
loss 0.061 = 0.001 + 0.055 + 0.005 avg prob of [ physics] 0.9987502098083496
loss 0.06 = 0.001 + 0.054 + 0.005 avg prob of [ physics] 0.998860239982605
loss 0.058 = 0.001 + 0.053 + 0.005 avg prob of [ physics] 0.9989355802536011
loss 0.057 = 0.001 + 0.052 + 0.005 avg prob of [ physics] 0.9989852905273438
loss 0.057 = 0.001 + 0.051 + 0.005 avg prob of [ physics] 0.9990174174308777
loss 0.055 = 0.001 + 0.05 + 0.005 avg prob of [ physics] 0.9990403056144714
loss 0.054 = 0.001 + 0.048 + 0.005 avg prob of [ physics] 0.9990589618682861
loss 0.052 = 0.001 + 0.046 + 0.005 avg prob of [ physics] 0.9990713000297546
Init norm 78.58189392089844 | Delta norm 58.936424255371094 | Target norm 98.11561584472656
Computing right vector (v)
Lookup index found: 4 | Sentence: Jonas Mouton, who plays the position | Token: on
Rewrite layer is 8
Tying optimization objective to 27
Recording initial value of v*
loss 8.602 = 8.602 + 0.0 + 0.0 avg prob of [ midfielder] 0.0003174580342601985
loss 6.125 = 6.091 + 0.031 + 0.004 avg prob of [ midfielder] 0.0032179029658436775
loss 2.776 = 2.729 + 0.041 + 0.006 avg prob of [ midfielder] 0.09768049418926239
loss 0.705 = 0.67 + 0.029 + 0.006 avg prob of [ midfielder] 0.5570136904716492
loss 0.043 = 0.01 + 0.028 + 0.006 avg prob of [ midfielder] 0.9903033971786499
Init norm 66.2474365234375 | Delta norm 49.685577392578125 | Target norm 81.5483627319336
Computing right vector (v)
Lookup index found: 3 | Sentence: Where is Independence Hall? It is located in | Token:  Hall
Rewrite layer is 8
Tying optimization objective to 27
Recording initial value of v*
loss 15.213 = 15.213 + 0.0 + 0.0 avg prob of [ Istanbul] 2.5787883828343183e-07
loss 6.6 = 6.577 + 0.021 + 0.002 avg prob of [ Istanbul] 0.001737669575959444
loss 2.265 = 2.231 + 0.032 + 0.003 avg prob of [ Istanbul] 0.11163272708654404
loss 0.84 = 0.802 + 0.033 + 0.004 avg prob of [ Istanbul] 0.45413118600845337
loss 0.448 = 0.411 + 0.033 + 0.004 avg prob of [ Istanbul] 0.6670070886611938
loss 0.269 = 0.232 + 0.033 + 0.004 avg prob of [ Istanbul] 0.7951208353042603
loss 0.173 = 0.136 + 0.033 + 0.004 avg prob of [ Istanbul] 0.8736259341239929
loss 0.122 = 0.085 + 0.033 + 0.004 avg prob of [ Istanbul] 0.9190213084220886
loss 0.091 = 0.056 + 0.031 + 0.004 avg prob of [ Istanbul] 0.9454401731491089
loss 0.072 = 0.04 + 0.028 + 0.004 avg prob of [ Istanbul] 0.9613651633262634
loss 0.058 = 0.029 + 0.025 + 0.004 avg prob of [ Istanbul] 0.9713910818099976
loss 0.049 = 0.022 + 0.023 + 0.004 avg prob of [ Istanbul] 0.9779777526855469
Init norm 93.1963119506836 | Delta norm 69.89723205566406 | Target norm 117.13545989990234
Computing right vector (v)
Lookup index found: 2 | Sentence: West Ham South is in | Token:  South
Rewrite layer is 8
Tying optimization objective to 27
Recording initial value of v*
loss 12.198 = 12.198 + 0.0 + 0.0 avg prob of [ Vienna] 9.588071407051757e-06
loss 10.34 = 10.283 + 0.054 + 0.003 avg prob of [ Vienna] 3.888007631758228e-05
loss 9.506 = 9.462 + 0.038 + 0.006 avg prob of [ Vienna] 8.490742038702592e-05
loss 8.456 = 8.414 + 0.036 + 0.006 avg prob of [ Vienna] 0.00025661292602308095
loss 6.697 = 6.646 + 0.045 + 0.006 avg prob of [ Vienna] 0.0016130933072417974
loss 4.114 = 4.028 + 0.08 + 0.006 avg prob of [ Vienna] 0.02299514412879944
loss 1.238 = 1.061 + 0.171 + 0.006 avg prob of [ Vienna] 0.3662344813346863
loss 0.193 = 0.036 + 0.151 + 0.006 avg prob of [ Vienna] 0.964699923992157
loss 0.159 = 0.004 + 0.149 + 0.006 avg prob of [ Vienna] 0.9957520961761475
loss 0.13 = 0.003 + 0.122 + 0.006 avg prob of [ Vienna] 0.9973963499069214
loss 0.104 = 0.003 + 0.095 + 0.006 avg prob of [ Vienna] 0.9967560768127441
loss 0.091 = 0.004 + 0.081 + 0.006 avg prob of [ Vienna] 0.9956815242767334
loss 0.088 = 0.005 + 0.077 + 0.006 avg prob of [ Vienna] 0.9953514933586121
loss 0.086 = 0.004 + 0.076 + 0.006 avg prob of [ Vienna] 0.9961630702018738
loss 0.082 = 0.003 + 0.074 + 0.006 avg prob of [ Vienna] 0.9973108172416687
loss 0.08 = 0.002 + 0.073 + 0.006 avg prob of [ Vienna] 0.998165488243103
loss 0.077 = 0.001 + 0.07 + 0.006 avg prob of [ Vienna] 0.9986692667007446
loss 0.074 = 0.001 + 0.067 + 0.006 avg prob of [ Vienna] 0.9989674091339111
loss 0.072 = 0.001 + 0.065 + 0.006 avg prob of [ Vienna] 0.999154806137085
loss 0.069 = 0.001 + 0.063 + 0.006 avg prob of [ Vienna] 0.9992736577987671
loss 0.068 = 0.001 + 0.062 + 0.006 avg prob of [ Vienna] 0.9993467330932617
loss 0.066 = 0.001 + 0.06 + 0.006 avg prob of [ Vienna] 0.9993945956230164
loss 0.064 = 0.001 + 0.058 + 0.006 avg prob of [ Vienna] 0.9994324445724487
loss 0.061 = 0.001 + 0.055 + 0.006 avg prob of [ Vienna] 0.9994661808013916
loss 0.057 = 0.001 + 0.051 + 0.006 avg prob of [ Vienna] 0.9994964599609375
Init norm 67.8895263671875 | Delta norm 50.917144775390625 | Target norm 80.62542724609375
Computing right vector (v)
Lookup index found: 2 | Sentence: Maitri is a part of the continent of | Token: ri
Rewrite layer is 8
Tying optimization objective to 27
Recording initial value of v*
loss 4.559 = 4.559 + 0.0 + 0.0 avg prob of [ Africa] 0.013349118642508984
loss 2.396 = 2.364 + 0.029 + 0.003 avg prob of [ Africa] 0.14856146275997162
loss 1.43 = 1.389 + 0.036 + 0.005 avg prob of [ Africa] 0.2962934374809265
loss 0.543 = 0.491 + 0.047 + 0.005 avg prob of [ Africa] 0.6313445568084717
loss 0.253 = 0.19 + 0.058 + 0.005 avg prob of [ Africa] 0.8316656351089478
loss 0.158 = 0.093 + 0.06 + 0.005 avg prob of [ Africa] 0.9129678606987
loss 0.111 = 0.049 + 0.057 + 0.005 avg prob of [ Africa] 0.95268315076828
loss 0.084 = 0.028 + 0.051 + 0.005 avg prob of [ Africa] 0.9725767374038696
loss 0.068 = 0.017 + 0.046 + 0.005 avg prob of [ Africa] 0.9828163981437683
loss 0.059 = 0.012 + 0.042 + 0.005 avg prob of [ Africa] 0.9883913993835449
loss 0.052 = 0.008 + 0.038 + 0.005 avg prob of [ Africa] 0.9916384220123291
loss 0.047 = 0.006 + 0.035 + 0.005 avg prob of [ Africa] 0.9936633110046387
Init norm 73.9552993774414 | Delta norm 55.46647644042969 | Target norm 90.25765228271484
Computing right vector (v)
Lookup index found: 2 | Sentence: woodburytype's domain of work is | Token: type
Rewrite layer is 8
Tying optimization objective to 27
Recording initial value of v*
loss 11.717 = 11.717 + 0.0 + 0.0 avg prob of [ anthropology] 1.0624278729665093e-05
loss 10.745 = 10.728 + 0.014 + 0.002 avg prob of [ anthropology] 3.5119508538628e-05
loss 9.876 = 9.857 + 0.016 + 0.004 avg prob of [ anthropology] 7.870717672631145e-05
loss 7.836 = 7.816 + 0.016 + 0.005 avg prob of [ anthropology] 0.00047455483581870794
loss 5.341 = 5.319 + 0.018 + 0.005 avg prob of [ anthropology] 0.005174034740775824
loss 3.116 = 3.082 + 0.03 + 0.005 avg prob of [ anthropology] 0.04935762286186218
loss 1.376 = 1.326 + 0.045 + 0.005 avg prob of [ anthropology] 0.2855833172798157
loss 0.405 = 0.348 + 0.053 + 0.005 avg prob of [ anthropology] 0.7236918210983276
loss 0.192 = 0.128 + 0.059 + 0.005 avg prob of [ anthropology] 0.8826138973236084
loss 0.106 = 0.052 + 0.049 + 0.005 avg prob of [ anthropology] 0.9497773051261902
loss 0.067 = 0.025 + 0.038 + 0.005 avg prob of [ anthropology] 0.9760319590568542
loss 0.051 = 0.014 + 0.032 + 0.005 avg prob of [ anthropology] 0.9863819479942322
loss 0.041 = 0.009 + 0.027 + 0.005 avg prob of [ anthropology] 0.9908210635185242
Init norm 83.0401382446289 | Delta norm 62.28010940551758 | Target norm 100.51713562011719
Computing right vector (v)
Lookup index found: 4 | Sentence: Adolphe Pinard spoke the language | Token: ard
Rewrite layer is 8
Tying optimization objective to 27
Recording initial value of v*
loss 11.441 = 11.441 + 0.0 + 0.0 avg prob of [ Dutch] 1.4807088518864475e-05
loss 8.823 = 8.818 + 0.003 + 0.003 avg prob of [ Dutch] 0.00020999315893277526
loss 4.825 = 4.806 + 0.015 + 0.005 avg prob of [ Dutch] 0.01595122739672661
loss 1.179 = 1.148 + 0.025 + 0.005 avg prob of [ Dutch] 0.3345053791999817
loss 0.239 = 0.224 + 0.01 + 0.005 avg prob of [ Dutch] 0.8016527891159058
loss 0.037 = 0.021 + 0.01 + 0.005 avg prob of [ Dutch] 0.9792377352714539
Init norm 71.00586700439453 | Delta norm 53.2544059753418 | Target norm 85.9207534790039
Computing right vector (v)
Lookup index found: 3 | Sentence: Fritz Reiner worked in the city of | Token: iner
Rewrite layer is 8
Tying optimization objective to 27
Recording initial value of v*
loss 5.743 = 5.743 + 0.0 + 0.0 avg prob of [ London] 0.0041016945615410805
loss 3.496 = 3.489 + 0.003 + 0.003 avg prob of [ London] 0.03574443608522415
loss 1.255 = 1.244 + 0.005 + 0.005 avg prob of [ London] 0.3465723693370819
loss 0.494 = 0.484 + 0.005 + 0.006 avg prob of [ London] 0.6596229076385498
loss 0.17 = 0.159 + 0.005 + 0.006 avg prob of [ London] 0.8601643443107605
loss 0.074 = 0.062 + 0.006 + 0.006 avg prob of [ London] 0.9405362606048584
loss 0.047 = 0.035 + 0.007 + 0.006 avg prob of [ London] 0.9660031795501709
Init norm 68.02223205566406 | Delta norm 51.01667404174805 | Target norm 84.48681640625
Computing right vector (v)
Lookup index found: 1 | Sentence: Black Coast is located in | Token:  Coast
Rewrite layer is 8
Tying optimization objective to 27
Recording initial value of v*
loss 7.828 = 7.828 + 0.0 + 0.0 avg prob of [ Europe] 0.0004940039361827075
loss 4.585 = 4.539 + 0.044 + 0.002 avg prob of [ Europe] 0.012148577719926834
loss 1.595 = 1.517 + 0.075 + 0.004 avg prob of [ Europe] 0.23022904992103577
loss 0.634 = 0.515 + 0.114 + 0.005 avg prob of [ Europe] 0.6626116037368774
loss 0.139 = 0.001 + 0.133 + 0.005 avg prob of [ Europe] 0.9990044832229614
loss 0.124 = 0.0 + 0.119 + 0.005 avg prob of [ Europe] 0.999921977519989
loss 0.106 = 0.0 + 0.101 + 0.005 avg prob of [ Europe] 0.9999667406082153
loss 0.091 = 0.0 + 0.086 + 0.005 avg prob of [ Europe] 0.9999750852584839
loss 0.079 = 0.0 + 0.074 + 0.005 avg prob of [ Europe] 0.9999760389328003
loss 0.07 = 0.0 + 0.066 + 0.005 avg prob of [ Europe] 0.9999737739562988
loss 0.064 = 0.0 + 0.059 + 0.005 avg prob of [ Europe] 0.999969482421875
loss 0.058 = 0.0 + 0.053 + 0.005 avg prob of [ Europe] 0.9999637603759766
loss 0.053 = 0.0 + 0.049 + 0.005 avg prob of [ Europe] 0.9999568462371826
loss 0.05 = 0.0 + 0.045 + 0.005 avg prob of [ Europe] 0.9999491572380066
Init norm 81.17886352539062 | Delta norm 60.88414764404297 | Target norm 101.74959564208984
Computing right vector (v)
Lookup index found: 3 | Sentence: Burnham and Root, whose headquarters are in | Token:  Root
Rewrite layer is 8
Tying optimization objective to 27
Recording initial value of v*
loss 4.157 = 4.157 + 0.0 + 0.0 avg prob of [ Boston] 0.01818867400288582
loss 0.961 = 0.941 + 0.017 + 0.003 avg prob of [ Boston] 0.4304373860359192
loss 0.139 = 0.098 + 0.035 + 0.005 avg prob of [ Boston] 0.9074891805648804
loss 0.076 = 0.037 + 0.034 + 0.005 avg prob of [ Boston] 0.9636383056640625
loss 0.055 = 0.018 + 0.032 + 0.005 avg prob of [ Boston] 0.9823585748672485
loss 0.045 = 0.01 + 0.03 + 0.005 avg prob of [ Boston] 0.9902622103691101
Init norm 70.83731842041016 | Delta norm 53.127994537353516 | Target norm 88.72411346435547
Computing right vector (v)
Lookup index found: 5 | Sentence: Sachiko Kobayashi has a citizenship from | Token: ashi
Rewrite layer is 8
Tying optimization objective to 27
Recording initial value of v*
loss 5.128 = 5.128 + 0.0 + 0.0 avg prob of [ Canada] 0.006909891031682491
loss 2.637 = 2.616 + 0.017 + 0.004 avg prob of [ Canada] 0.07896658033132553
loss 0.824 = 0.787 + 0.032 + 0.006 avg prob of [ Canada] 0.46059203147888184
loss 0.226 = 0.186 + 0.034 + 0.006 avg prob of [ Canada] 0.8313958644866943
loss 0.086 = 0.043 + 0.037 + 0.006 avg prob of [ Canada] 0.9576786756515503
loss 0.06 = 0.018 + 0.036 + 0.006 avg prob of [ Canada] 0.9826172590255737
loss 0.051 = 0.011 + 0.035 + 0.006 avg prob of [ Canada] 0.9895610213279724
loss 0.048 = 0.007 + 0.035 + 0.006 avg prob of [ Canada] 0.9927727580070496
Init norm 65.06426239013672 | Delta norm 48.798194885253906 | Target norm 79.832763671875
Computing right vector (v)
Lookup index found: 4 | Sentence: Jean-Pierre Andrevon spoke the language | Token: von
Rewrite layer is 8
Tying optimization objective to 27
Recording initial value of v*
loss 10.66 = 10.66 + 0.0 + 0.0 avg prob of [ Russian] 4.018119943793863e-05
loss 8.349 = 8.342 + 0.004 + 0.003 avg prob of [ Russian] 0.0002909746253862977
loss 2.189 = 2.152 + 0.032 + 0.005 avg prob of [ Russian] 0.15142884850502014
loss 0.305 = 0.248 + 0.051 + 0.006 avg prob of [ Russian] 0.7848541736602783
loss 0.104 = 0.031 + 0.067 + 0.006 avg prob of [ Russian] 0.9698442220687866
loss 0.081 = 0.009 + 0.066 + 0.006 avg prob of [ Russian] 0.9910585880279541
loss 0.058 = 0.005 + 0.047 + 0.006 avg prob of [ Russian] 0.9946426153182983
loss 0.038 = 0.007 + 0.026 + 0.006 avg prob of [ Russian] 0.9933499097824097
Init norm 67.67320251464844 | Delta norm 50.75490188598633 | Target norm 81.94782257080078
Computing right vector (v)
Lookup index found: 7 | Sentence: The language of The Keys to the House was | Token:  House
Rewrite layer is 8
Tying optimization objective to 27
Recording initial value of v*
loss 12.137 = 12.137 + 0.0 + 0.0 avg prob of [ Korean] 6.139816832728684e-06
loss 9.371 = 9.351 + 0.017 + 0.003 avg prob of [ Korean] 0.0001195749719045125
loss 5.154 = 5.119 + 0.031 + 0.005 avg prob of [ Korean] 0.011239896528422832
loss 1.328 = 1.286 + 0.037 + 0.005 avg prob of [ Korean] 0.28284621238708496
loss 0.482 = 0.438 + 0.039 + 0.005 avg prob of [ Korean] 0.6499232649803162
loss 0.094 = 0.047 + 0.042 + 0.005 avg prob of [ Korean] 0.9546753764152527
loss 0.045 = 0.007 + 0.033 + 0.005 avg prob of [ Korean] 0.9931002855300903
Init norm 71.75404357910156 | Delta norm 53.815528869628906 | Target norm 88.3935317993164
Computing right vector (v)
Lookup index found: 2 | Sentence: James Clerk Maxwell found employment in | Token:  Maxwell
Rewrite layer is 8
Tying optimization objective to 27
Recording initial value of v*
loss 12.145 = 12.145 + 0.0 + 0.0 avg prob of [ Venice] 5.911749212827999e-06
loss 8.523 = 8.511 + 0.009 + 0.002 avg prob of [ Venice] 0.0003492009127512574
loss 4.513 = 4.5 + 0.01 + 0.004 avg prob of [ Venice] 0.023900052532553673
loss 2.176 = 2.154 + 0.018 + 0.004 avg prob of [ Venice] 0.12414705753326416
loss 1.079 = 1.054 + 0.02 + 0.004 avg prob of [ Venice] 0.3536911606788635
loss 0.337 = 0.31 + 0.023 + 0.004 avg prob of [ Venice] 0.7346863746643066
loss 0.087 = 0.067 + 0.015 + 0.004 avg prob of [ Venice] 0.9349653124809265
loss 0.029 = 0.016 + 0.009 + 0.004 avg prob of [ Venice] 0.9844783544540405
Init norm 84.25669860839844 | Delta norm 63.19252014160156 | Target norm 103.99011993408203
Computing right vector (v)
Lookup index found: 1 | Sentence: Hot Chip started in | Token:  Chip
Rewrite layer is 8
Tying optimization objective to 27
Recording initial value of v*
loss 8.459 = 8.459 + 0.0 + 0.0 avg prob of [ Sweden] 0.00023924825654830784
loss 4.301 = 4.291 + 0.008 + 0.002 avg prob of [ Sweden] 0.023145005106925964
loss 1.301 = 1.241 + 0.057 + 0.003 avg prob of [ Sweden] 0.32250702381134033
loss 0.523 = 0.442 + 0.077 + 0.004 avg prob of [ Sweden] 0.6608328819274902
loss 0.244 = 0.16 + 0.08 + 0.004 avg prob of [ Sweden] 0.8569654822349548
loss 0.15 = 0.065 + 0.081 + 0.004 avg prob of [ Sweden] 0.9381698966026306
loss 0.118 = 0.034 + 0.08 + 0.004 avg prob of [ Sweden] 0.9672542810440063
loss 0.103 = 0.021 + 0.078 + 0.004 avg prob of [ Sweden] 0.9795750379562378
loss 0.094 = 0.014 + 0.075 + 0.004 avg prob of [ Sweden] 0.985843300819397
loss 0.087 = 0.011 + 0.072 + 0.004 avg prob of [ Sweden] 0.9895026087760925
loss 0.081 = 0.008 + 0.069 + 0.004 avg prob of [ Sweden] 0.9918487071990967
loss 0.076 = 0.007 + 0.065 + 0.004 avg prob of [ Sweden] 0.9934512972831726
loss 0.071 = 0.005 + 0.061 + 0.004 avg prob of [ Sweden] 0.9945957064628601
loss 0.066 = 0.005 + 0.057 + 0.004 avg prob of [ Sweden] 0.9954421520233154
loss 0.061 = 0.004 + 0.053 + 0.004 avg prob of [ Sweden] 0.9960871934890747
loss 0.056 = 0.003 + 0.048 + 0.004 avg prob of [ Sweden] 0.9965915679931641
loss 0.048 = 0.003 + 0.041 + 0.004 avg prob of [ Sweden] 0.9969934225082397
Init norm 86.69205474853516 | Delta norm 65.01904296875 | Target norm 108.46878051757812
Computing right vector (v)
Lookup index found: 4 | Sentence: Trey DePriest plays as | Token: est
Rewrite layer is 8
Tying optimization objective to 27
Recording initial value of v*
loss 10.061 = 10.061 + 0.0 + 0.0 avg prob of [ midfielder] 5.301029159454629e-05
loss 9.443 = 9.437 + 0.003 + 0.003 avg prob of [ midfielder] 0.00010360881424276158
loss 8.628 = 8.619 + 0.004 + 0.005 avg prob of [ midfielder] 0.00031591852894052863
loss 7.47 = 7.461 + 0.004 + 0.005 avg prob of [ midfielder] 0.0011981816496700048
loss 6.096 = 6.087 + 0.004 + 0.005 avg prob of [ midfielder] 0.003871257184073329
loss 4.745 = 4.735 + 0.005 + 0.005 avg prob of [ midfielder] 0.012576578184962273
loss 3.51 = 3.496 + 0.008 + 0.005 avg prob of [ midfielder] 0.03471445292234421
loss 2.137 = 2.113 + 0.019 + 0.005 avg prob of [ midfielder] 0.12591709196567535
loss 0.839 = 0.793 + 0.041 + 0.005 avg prob of [ midfielder] 0.49175190925598145
loss 0.166 = 0.116 + 0.045 + 0.005 avg prob of [ midfielder] 0.8961397409439087
loss 0.076 = 0.028 + 0.043 + 0.005 avg prob of [ midfielder] 0.9730698466300964
loss 0.061 = 0.011 + 0.045 + 0.005 avg prob of [ midfielder] 0.9894273281097412
loss 0.055 = 0.006 + 0.043 + 0.005 avg prob of [ midfielder] 0.9935640096664429
loss 0.053 = 0.005 + 0.042 + 0.005 avg prob of [ midfielder] 0.9949092268943787
loss 0.052 = 0.005 + 0.042 + 0.005 avg prob of [ midfielder] 0.995502233505249
loss 0.05 = 0.004 + 0.041 + 0.005 avg prob of [ midfielder] 0.9959173202514648
loss 0.047 = 0.004 + 0.038 + 0.005 avg prob of [ midfielder] 0.9962999224662781
Init norm 68.87384796142578 | Delta norm 51.65538787841797 | Target norm 82.43605041503906
Computing right vector (v)
Lookup index found: 1 | Sentence: Peret's profession is a | Token: eret
Rewrite layer is 8
Tying optimization objective to 27
Recording initial value of v*
loss 6.897 = 6.897 + 0.0 + 0.0 avg prob of [ poet] 0.00118664198089391
loss 2.355 = 2.294 + 0.059 + 0.003 avg prob of [ poet] 0.126213937997818
loss 0.322 = 0.19 + 0.129 + 0.004 avg prob of [ poet] 0.8288127779960632
loss 0.185 = 0.041 + 0.139 + 0.005 avg prob of [ poet] 0.9596163630485535
loss 0.161 = 0.02 + 0.137 + 0.005 avg prob of [ poet] 0.98027503490448
loss 0.144 = 0.012 + 0.128 + 0.005 avg prob of [ poet] 0.9879661798477173
loss 0.126 = 0.008 + 0.112 + 0.005 avg prob of [ poet] 0.9916608333587646
loss 0.085 = 0.006 + 0.074 + 0.005 avg prob of [ poet] 0.9936728477478027
loss 0.078 = 0.005 + 0.068 + 0.005 avg prob of [ poet] 0.9948983192443848
loss 0.075 = 0.004 + 0.066 + 0.005 avg prob of [ poet] 0.9957200884819031
loss 0.062 = 0.004 + 0.053 + 0.005 avg prob of [ poet] 0.9963339567184448
loss 0.055 = 0.003 + 0.047 + 0.005 avg prob of [ poet] 0.9968504905700684
loss 0.045 = 0.003 + 0.038 + 0.005 avg prob of [ poet] 0.9973052740097046
Init norm 78.9752197265625 | Delta norm 59.23141098022461 | Target norm 98.0163345336914
Computing right vector (v)
Lookup index found: 5 | Sentence: The headquarter of Boston Market is in | Token:  Market
Rewrite layer is 8
Tying optimization objective to 27
Recording initial value of v*
loss 10.072 = 10.072 + 0.0 + 0.0 avg prob of [ Geneva] 4.3390631617512554e-05
loss 6.676 = 6.659 + 0.015 + 0.003 avg prob of [ Geneva] 0.0016232943162322044
loss 2.86 = 2.819 + 0.036 + 0.005 avg prob of [ Geneva] 0.06771283596754074
loss 0.82 = 0.776 + 0.038 + 0.005 avg prob of [ Geneva] 0.48792144656181335
loss 0.121 = 0.075 + 0.041 + 0.005 avg prob of [ Geneva] 0.929072380065918
loss 0.061 = 0.012 + 0.044 + 0.005 avg prob of [ Geneva] 0.9884024858474731
loss 0.054 = 0.004 + 0.045 + 0.005 avg prob of [ Geneva] 0.9962460398674011
loss 0.051 = 0.002 + 0.044 + 0.005 avg prob of [ Geneva] 0.9981530904769897
loss 0.048 = 0.001 + 0.042 + 0.005 avg prob of [ Geneva] 0.9988431930541992
Init norm 71.32221221923828 | Delta norm 53.49166488647461 | Target norm 87.95263671875
Computing right vector (v)
Lookup index found: 2 | Sentence: Kama River, in | Token:  River
Rewrite layer is 8
Tying optimization objective to 27
Recording initial value of v*
loss 9.202 = 9.202 + 0.0 + 0.0 avg prob of [ Antarctica] 0.00019257667008787394
loss 3.338 = 3.33 + 0.005 + 0.003 avg prob of [ Antarctica] 0.04323706030845642
loss 1.162 = 1.149 + 0.009 + 0.004 avg prob of [ Antarctica] 0.3610444962978363
loss 0.139 = 0.125 + 0.009 + 0.005 avg prob of [ Antarctica] 0.8844778537750244
loss 0.073 = 0.06 + 0.008 + 0.005 avg prob of [ Antarctica] 0.9425090551376343
loss 0.052 = 0.039 + 0.008 + 0.005 avg prob of [ Antarctica] 0.961432933807373
loss 0.043 = 0.03 + 0.008 + 0.005 avg prob of [ Antarctica] 0.9705674052238464
Init norm 76.8406982421875 | Delta norm 57.630523681640625 | Target norm 96.7928466796875
Computing right vector (v)
Lookup index found: 3 | Sentence: Apache Traffic Server, a product created by | Token:  Server
Rewrite layer is 8
Tying optimization objective to 27
Recording initial value of v*
loss 5.99 = 5.99 + 0.0 + 0.0 avg prob of [ Microsoft] 0.0031349516939371824
loss 0.275 = 0.242 + 0.031 + 0.002 avg prob of [ Microsoft] 0.7894439101219177
loss 0.189 = 0.14 + 0.045 + 0.004 avg prob of [ Microsoft] 0.870095431804657
loss 0.133 = 0.087 + 0.042 + 0.004 avg prob of [ Microsoft] 0.9168035387992859
loss 0.088 = 0.052 + 0.032 + 0.004 avg prob of [ Microsoft] 0.9496738314628601
loss 0.062 = 0.032 + 0.025 + 0.004 avg prob of [ Microsoft] 0.9682325124740601
loss 0.047 = 0.021 + 0.021 + 0.004 avg prob of [ Microsoft] 0.9787712097167969
Init norm 86.64810943603516 | Delta norm 64.986083984375 | Target norm 107.90692138671875
Computing right vector (v)
Lookup index found: 4 | Sentence: Zaraysky District is located in | Token:  District
Rewrite layer is 8
Tying optimization objective to 27
Recording initial value of v*
loss 9.27 = 9.27 + 0.0 + 0.0 avg prob of [ Iran] 0.00022224818530958146
loss 4.811 = 4.804 + 0.005 + 0.003 avg prob of [ Iran] 0.010796084068715572
loss 2.667 = 2.64 + 0.023 + 0.004 avg prob of [ Iran] 0.07830210030078888
loss 1.078 = 1.015 + 0.059 + 0.005 avg prob of [ Iran] 0.38238757848739624
loss 0.356 = 0.282 + 0.07 + 0.005 avg prob of [ Iran] 0.7634829878807068
loss 0.134 = 0.065 + 0.064 + 0.005 avg prob of [ Iran] 0.9375123977661133
loss 0.057 = 0.021 + 0.031 + 0.005 avg prob of [ Iran] 0.9796873927116394
loss 0.021 = 0.01 + 0.006 + 0.005 avg prob of [ Iran] 0.9902445673942566
Init norm 78.25675964355469 | Delta norm 58.69256591796875 | Target norm 96.50431823730469
Computing right vector (v)
Lookup index found: 6 | Sentence: Billy Ward and His Dominoes, that is represented by | Token: es
Rewrite layer is 8
Tying optimization objective to 27
Recording initial value of v*
loss 12.778 = 12.778 + 0.0 + 0.0 avg prob of [ Fantasy] 5.238594440015731e-06
loss 11.035 = 11.026 + 0.006 + 0.003 avg prob of [ Fantasy] 5.010196764487773e-05
loss 5.643 = 5.621 + 0.016 + 0.005 avg prob of [ Fantasy] 0.00552174961194396
loss 1.416 = 1.354 + 0.057 + 0.005 avg prob of [ Fantasy] 0.26455897092819214
loss 0.059 = 0.028 + 0.026 + 0.005 avg prob of [ Fantasy] 0.9724161028862
loss 0.011 = 0.002 + 0.004 + 0.005 avg prob of [ Fantasy] 0.9977564215660095
Init norm 68.27863311767578 | Delta norm 51.20897674560547 | Target norm 83.8448486328125
Computing right vector (v)
Lookup index found: 6 | Sentence: The twin city of New York City is | Token:  City
Rewrite layer is 8
Tying optimization objective to 27
Recording initial value of v*
loss 13.53 = 13.53 + 0.0 + 0.0 avg prob of [ Budapest] 2.7233879791310756e-06
loss 8.785 = 8.774 + 0.008 + 0.003 avg prob of [ Budapest] 0.0002563679590821266
loss 5.276 = 5.236 + 0.036 + 0.004 avg prob of [ Budapest] 0.006062581669539213
loss 1.703 = 1.651 + 0.047 + 0.005 avg prob of [ Budapest] 0.20328085124492645
loss 0.389 = 0.34 + 0.044 + 0.005 avg prob of [ Budapest] 0.7152456641197205
loss 0.141 = 0.095 + 0.041 + 0.005 avg prob of [ Budapest] 0.9097877740859985
loss 0.073 = 0.031 + 0.037 + 0.005 avg prob of [ Budapest] 0.9695622324943542
loss 0.05 = 0.012 + 0.033 + 0.005 avg prob of [ Budapest] 0.9880348443984985
loss 0.04 = 0.006 + 0.03 + 0.005 avg prob of [ Budapest] 0.994361162185669
Init norm 77.8056869506836 | Delta norm 58.3542594909668 | Target norm 94.45403289794922
Computing right vector (v)
Lookup index found: 3 | Sentence: George Waggner's profession is a | Token: ner
Rewrite layer is 8
Tying optimization objective to 27
Recording initial value of v*
loss 8.261 = 8.261 + 0.0 + 0.0 avg prob of [ comedian] 0.00027221927302889526
loss 3.555 = 3.544 + 0.007 + 0.003 avg prob of [ comedian] 0.04256395995616913
loss 0.472 = 0.442 + 0.024 + 0.005 avg prob of [ comedian] 0.6463983058929443
loss 0.228 = 0.197 + 0.026 + 0.006 avg prob of [ comedian] 0.82220858335495
loss 0.113 = 0.089 + 0.018 + 0.006 avg prob of [ comedian] 0.9150763750076294
loss 0.06 = 0.044 + 0.011 + 0.006 avg prob of [ comedian] 0.9571568369865417
loss 0.038 = 0.025 + 0.007 + 0.006 avg prob of [ comedian] 0.9754972457885742
Init norm 68.13040924072266 | Delta norm 51.09780502319336 | Target norm 84.25306701660156
Computing right vector (v)
Lookup index found: 4 | Sentence: The language of True Romance was | Token:  Romance
Rewrite layer is 8
Tying optimization objective to 27
Recording initial value of v*
loss 9.76 = 9.76 + 0.0 + 0.0 avg prob of [ Polish] 8.003749826457351e-05
loss 3.343 = 3.332 + 0.009 + 0.002 avg prob of [ Polish] 0.05911659449338913
loss 0.264 = 0.219 + 0.041 + 0.004 avg prob of [ Polish] 0.8143247365951538
loss 0.055 = 0.024 + 0.026 + 0.004 avg prob of [ Polish] 0.9763016700744629
loss 0.03 = 0.01 + 0.016 + 0.004 avg prob of [ Polish] 0.9903247356414795
Init norm 83.63136291503906 | Delta norm 62.72352600097656 | Target norm 102.9365234375
Computing right vector (v)
Lookup index found: 2 | Sentence: John Benson Brooks plays | Token:  Brooks
Rewrite layer is 8
Tying optimization objective to 27
Recording initial value of v*
loss 9.602 = 9.602 + 0.0 + 0.0 avg prob of [ fantasy] 0.00011236682621529326
loss 7.539 = 7.496 + 0.04 + 0.003 avg prob of [ fantasy] 0.000883671804331243
loss 3.28 = 2.812 + 0.463 + 0.005 avg prob of [ fantasy] 0.07372632622718811
loss 0.728 = 0.21 + 0.513 + 0.005 avg prob of [ fantasy] 0.8482739329338074
loss 0.406 = 0.002 + 0.399 + 0.005 avg prob of [ fantasy] 0.9983624219894409
loss 0.321 = 0.001 + 0.314 + 0.005 avg prob of [ fantasy] 0.998691201210022
loss 0.277 = 0.002 + 0.27 + 0.005 avg prob of [ fantasy] 0.9983468055725098
loss 0.149 = 0.002 + 0.141 + 0.005 avg prob of [ fantasy] 0.9979723691940308
loss 0.142 = 0.002 + 0.134 + 0.005 avg prob of [ fantasy] 0.997789740562439
loss 0.141 = 0.002 + 0.133 + 0.005 avg prob of [ fantasy] 0.9976075887680054
loss 0.13 = 0.003 + 0.122 + 0.005 avg prob of [ fantasy] 0.9973956942558289
loss 0.124 = 0.003 + 0.116 + 0.005 avg prob of [ fantasy] 0.9971678256988525
loss 0.129 = 0.003 + 0.121 + 0.005 avg prob of [ fantasy] 0.9971750974655151
loss 0.121 = 0.002 + 0.113 + 0.005 avg prob of [ fantasy] 0.9975153207778931
loss 0.116 = 0.002 + 0.108 + 0.005 avg prob of [ fantasy] 0.9979521632194519
loss 0.117 = 0.002 + 0.11 + 0.005 avg prob of [ fantasy] 0.9982854723930359
loss 0.113 = 0.001 + 0.106 + 0.005 avg prob of [ fantasy] 0.9985043406486511
loss 0.107 = 0.001 + 0.1 + 0.005 avg prob of [ fantasy] 0.9986431002616882
loss 0.102 = 0.001 + 0.095 + 0.005 avg prob of [ fantasy] 0.9987344741821289
loss 0.095 = 0.001 + 0.089 + 0.005 avg prob of [ fantasy] 0.9988269209861755
loss 0.09 = 0.001 + 0.084 + 0.005 avg prob of [ fantasy] 0.9989262819290161
loss 0.083 = 0.001 + 0.077 + 0.005 avg prob of [ fantasy] 0.99901282787323
loss 0.064 = 0.001 + 0.058 + 0.005 avg prob of [ fantasy] 0.9990715980529785
loss 0.03 = 0.001 + 0.024 + 0.005 avg prob of [ fantasy] 0.9990639090538025
Init norm 70.82672882080078 | Delta norm 53.12004470825195 | Target norm 86.59181213378906
Computing right vector (v)
Lookup index found: 1 | Sentence: Girl Code is to debut on | Token:  Code
Rewrite layer is 8
Tying optimization objective to 27
Recording initial value of v*
loss 6.573 = 6.573 + 0.0 + 0.0 avg prob of [ NBC] 0.0022690310142934322
loss 2.334 = 2.305 + 0.028 + 0.002 avg prob of [ NBC] 0.10228046029806137
loss 0.064 = 0.008 + 0.054 + 0.002 avg prob of [ NBC] 0.9920734167098999
loss 0.06 = 0.003 + 0.055 + 0.003 avg prob of [ NBC] 0.9973993301391602
loss 0.06 = 0.002 + 0.054 + 0.004 avg prob of [ NBC] 0.9976596832275391
loss 0.054 = 0.002 + 0.048 + 0.004 avg prob of [ NBC] 0.9976656436920166
loss 0.05 = 0.002 + 0.044 + 0.004 avg prob of [ NBC] 0.9976550936698914
Init norm 101.2174072265625 | Delta norm 75.91305541992188 | Target norm 126.50704193115234
Computing right vector (v)
Lookup index found: 5 | Sentence: Bhayanak Maut, created in | Token: aut
Rewrite layer is 8
Tying optimization objective to 27
Recording initial value of v*
loss 7.983 = 7.983 + 0.0 + 0.0 avg prob of [ London] 0.0005166277987882495
loss 5.246 = 5.171 + 0.072 + 0.003 avg prob of [ London] 0.006339513696730137
loss 3.333 = 3.312 + 0.016 + 0.005 avg prob of [ London] 0.03871985897421837
loss 2.043 = 2.005 + 0.034 + 0.005 avg prob of [ London] 0.1446174830198288
loss 0.55 = 0.289 + 0.256 + 0.005 avg prob of [ London] 0.7539300322532654
loss 0.306 = 0.025 + 0.276 + 0.005 avg prob of [ London] 0.9755045771598816
loss 0.119 = 0.009 + 0.105 + 0.005 avg prob of [ London] 0.9911990165710449
loss 0.035 = 0.006 + 0.024 + 0.005 avg prob of [ London] 0.9945061206817627
Init norm 73.13804626464844 | Delta norm 54.85353088378906 | Target norm 90.40725708007812
Computing right vector (v)
Lookup index found: 9 | Sentence: The language used by Italo Bocchino is | Token: ino
Rewrite layer is 8
Tying optimization objective to 27
Recording initial value of v*
loss 8.496 = 8.496 + 0.0 + 0.0 avg prob of [ French] 0.00023322805645875633
loss 4.638 = 4.623 + 0.011 + 0.003 avg prob of [ French] 0.011202901601791382
loss 1.341 = 1.296 + 0.039 + 0.005 avg prob of [ French] 0.2872873544692993
loss 0.372 = 0.329 + 0.037 + 0.005 avg prob of [ French] 0.7262053489685059
loss 0.096 = 0.066 + 0.025 + 0.005 avg prob of [ French] 0.9364062547683716
loss 0.027 = 0.013 + 0.009 + 0.005 avg prob of [ French] 0.9868521094322205
Init norm 71.36919403076172 | Delta norm 53.52688980102539 | Target norm 88.36553955078125
Computing right vector (v)
Lookup index found: 2 | Sentence: Ulpiana, which is located in | Token: iana
Rewrite layer is 8
Tying optimization objective to 27
Recording initial value of v*
loss 9.934 = 9.934 + 0.0 + 0.0 avg prob of [ Estonia] 7.248719339258969e-05
loss 6.606 = 6.591 + 0.012 + 0.003 avg prob of [ Estonia] 0.001572106033563614
loss 3.073 = 3.052 + 0.016 + 0.005 avg prob of [ Estonia] 0.05371340364217758
loss 1.392 = 1.367 + 0.02 + 0.005 avg prob of [ Estonia] 0.27056965231895447
loss 0.344 = 0.316 + 0.022 + 0.005 avg prob of [ Estonia] 0.7369190454483032
loss 0.085 = 0.056 + 0.024 + 0.005 avg prob of [ Estonia] 0.9466916918754578
loss 0.046 = 0.016 + 0.024 + 0.005 avg prob of [ Estonia] 0.9843720197677612
Init norm 70.52450561523438 | Delta norm 52.89337921142578 | Target norm 88.93501281738281
Computing right vector (v)
Lookup index found: 2 | Sentence: John Brack died in | Token: ack
Rewrite layer is 8
Tying optimization objective to 27
Recording initial value of v*
loss 7.641 = 7.641 + 0.0 + 0.0 avg prob of [ Rome] 0.0005491203046403825
loss 5.783 = 5.773 + 0.006 + 0.003 avg prob of [ Rome] 0.004142814315855503
loss 1.772 = 1.586 + 0.182 + 0.005 avg prob of [ Rome] 0.21971136331558228
loss 0.345 = 0.163 + 0.177 + 0.005 avg prob of [ Rome] 0.8554309606552124
loss 0.209 = 0.03 + 0.174 + 0.005 avg prob of [ Rome] 0.9706767797470093
loss 0.187 = 0.009 + 0.173 + 0.005 avg prob of [ Rome] 0.9914559721946716
loss 0.182 = 0.004 + 0.173 + 0.005 avg prob of [ Rome] 0.9961905479431152
loss 0.179 = 0.002 + 0.172 + 0.005 avg prob of [ Rome] 0.9977694749832153
loss 0.178 = 0.002 + 0.171 + 0.005 avg prob of [ Rome] 0.998461127281189
loss 0.176 = 0.001 + 0.17 + 0.005 avg prob of [ Rome] 0.998824954032898
loss 0.175 = 0.001 + 0.168 + 0.005 avg prob of [ Rome] 0.9990434646606445
loss 0.173 = 0.001 + 0.167 + 0.005 avg prob of [ Rome] 0.9991884231567383
loss 0.172 = 0.001 + 0.166 + 0.005 avg prob of [ Rome] 0.9992921352386475
loss 0.172 = 0.001 + 0.166 + 0.005 avg prob of [ Rome] 0.9993709921836853
loss 0.171 = 0.001 + 0.165 + 0.005 avg prob of [ Rome] 0.9994335174560547
loss 0.17 = 0.001 + 0.165 + 0.005 avg prob of [ Rome] 0.9994853734970093
loss 0.17 = 0.0 + 0.164 + 0.005 avg prob of [ Rome] 0.9995290637016296
loss 0.169 = 0.0 + 0.164 + 0.005 avg prob of [ Rome] 0.9995667338371277
loss 0.169 = 0.0 + 0.163 + 0.005 avg prob of [ Rome] 0.9995996356010437
loss 0.169 = 0.0 + 0.163 + 0.005 avg prob of [ Rome] 0.9996287226676941
loss 0.168 = 0.0 + 0.163 + 0.005 avg prob of [ Rome] 0.9996545314788818
loss 0.168 = 0.0 + 0.162 + 0.005 avg prob of [ Rome] 0.9996776580810547
loss 0.168 = 0.0 + 0.162 + 0.005 avg prob of [ Rome] 0.9996983408927917
loss 0.167 = 0.0 + 0.162 + 0.005 avg prob of [ Rome] 0.999717116355896
loss 0.167 = 0.0 + 0.162 + 0.005 avg prob of [ Rome] 0.9997339248657227
Init norm 72.22240447998047 | Delta norm 54.16680145263672 | Target norm 90.44721984863281
Computing right vector (v)
Lookup index found: 2 | Sentence: Albanians is follower of | Token: ians
Rewrite layer is 8
Tying optimization objective to 27
Recording initial value of v*
loss 3.026 = 3.026 + 0.0 + 0.0 avg prob of [ Islam] 0.06028154492378235
loss 1.271 = 1.253 + 0.015 + 0.002 avg prob of [ Islam] 0.2905983328819275
loss 0.485 = 0.442 + 0.039 + 0.004 avg prob of [ Islam] 0.6435959935188293
loss 0.194 = 0.162 + 0.027 + 0.005 avg prob of [ Islam] 0.8513171672821045
loss 0.088 = 0.074 + 0.009 + 0.005 avg prob of [ Islam] 0.928745448589325
loss 0.051 = 0.036 + 0.011 + 0.005 avg prob of [ Islam] 0.9648476839065552
loss 0.036 = 0.019 + 0.013 + 0.005 avg prob of [ Islam] 0.9815201759338379
Init norm 80.5213394165039 | Delta norm 60.39100646972656 | Target norm 100.20216369628906
Computing right vector (v)
Lookup index found: 2 | Sentence: Barack Obama spoke the language | Token:  Obama
Rewrite layer is 8
Tying optimization objective to 27
Recording initial value of v*
loss 12.195 = 12.195 + 0.0 + 0.0 avg prob of [ French] 7.668633770663291e-06
loss 7.62 = 7.609 + 0.008 + 0.002 avg prob of [ French] 0.000593534903600812
loss 2.552 = 2.498 + 0.051 + 0.003 avg prob of [ French] 0.08590783178806305
loss 0.974 = 0.779 + 0.19 + 0.004 avg prob of [ French] 0.46377047896385193
loss 0.131 = 0.033 + 0.093 + 0.004 avg prob of [ French] 0.9673209190368652
loss 0.081 = 0.005 + 0.072 + 0.004 avg prob of [ French] 0.994789719581604
loss 0.098 = 0.002 + 0.091 + 0.004 avg prob of [ French] 0.9976321458816528
loss 0.079 = 0.002 + 0.073 + 0.004 avg prob of [ French] 0.9982645511627197
loss 0.069 = 0.002 + 0.063 + 0.004 avg prob of [ French] 0.9983916282653809
loss 0.057 = 0.002 + 0.051 + 0.004 avg prob of [ French] 0.9983586072921753
loss 0.053 = 0.002 + 0.047 + 0.004 avg prob of [ French] 0.9982810020446777
loss 0.05 = 0.002 + 0.044 + 0.004 avg prob of [ French] 0.9982109069824219
loss 0.051 = 0.002 + 0.044 + 0.004 avg prob of [ French] 0.9981855154037476
loss 0.049 = 0.002 + 0.043 + 0.004 avg prob of [ French] 0.9982234835624695
Init norm 85.45950317382812 | Delta norm 64.0946273803711 | Target norm 105.10847473144531
Computing right vector (v)
Lookup index found: 4 | Sentence: Gibraltar International Airport was named for | Token:  Airport
Rewrite layer is 8
Tying optimization objective to 27
Recording initial value of v*
loss 8.844 = 8.844 + 0.0 + 0.0 avg prob of [ Paul] 0.00016356816922780126
loss 5.999 = 5.994 + 0.003 + 0.002 avg prob of [ Paul] 0.002554492559283972
loss 4.295 = 4.286 + 0.005 + 0.003 avg prob of [ Paul] 0.014399101957678795
loss 1.721 = 1.711 + 0.006 + 0.004 avg prob of [ Paul] 0.19440673291683197
loss 0.022 = 0.008 + 0.009 + 0.004 avg prob of [ Paul] 0.9916198253631592
Init norm 90.95979309082031 | Delta norm 68.2198486328125 | Target norm 112.20448303222656
Computing right vector (v)
Lookup index found: 5 | Sentence: Edward B. Titchener specializes in | Token: er
Rewrite layer is 8
Tying optimization objective to 27
Recording initial value of v*
loss 7.952 = 7.952 + 0.0 + 0.0 avg prob of [ sociology] 0.00051034678472206
loss 2.069 = 2.055 + 0.011 + 0.003 avg prob of [ sociology] 0.17666321992874146
loss 0.275 = 0.246 + 0.024 + 0.004 avg prob of [ sociology] 0.7840859889984131
loss 0.069 = 0.039 + 0.026 + 0.005 avg prob of [ sociology] 0.962009072303772
loss 0.035 = 0.017 + 0.014 + 0.005 avg prob of [ sociology] 0.9836150407791138
Init norm 77.15196228027344 | Delta norm 57.86397171020508 | Target norm 95.21336364746094
Computing right vector (v)
Lookup index found: 1 | Sentence: Clang is created by | Token: ang
Rewrite layer is 8
Tying optimization objective to 27
Recording initial value of v*
loss 2.577 = 2.577 + 0.0 + 0.0 avg prob of [ Apple] 0.14074575901031494
loss 0.139 = 0.114 + 0.023 + 0.002 avg prob of [ Apple] 0.8991791605949402
loss 0.065 = 0.018 + 0.044 + 0.003 avg prob of [ Apple] 0.9819018244743347
loss 0.059 = 0.006 + 0.049 + 0.004 avg prob of [ Apple] 0.9942052364349365
loss 0.05 = 0.003 + 0.043 + 0.004 avg prob of [ Apple] 0.9968984127044678
Init norm 91.22588348388672 | Delta norm 68.4194107055664 | Target norm 115.17890167236328
Computing right vector (v)
Lookup index found: 3 | Sentence: In Bellinzona, they understand | Token: zona
Rewrite layer is 8
Tying optimization objective to 27
Recording initial value of v*
loss 11.174 = 11.174 + 0.0 + 0.0 avg prob of [ Dutch] 1.9762926967814565e-05
loss 6.078 = 6.051 + 0.024 + 0.003 avg prob of [ Dutch] 0.004161638207733631
loss 2.449 = 2.406 + 0.039 + 0.005 avg prob of [ Dutch] 0.09410398453474045
loss 0.976 = 0.928 + 0.043 + 0.005 avg prob of [ Dutch] 0.3995172381401062
loss 0.361 = 0.314 + 0.043 + 0.005 avg prob of [ Dutch] 0.733952522277832
loss 0.148 = 0.104 + 0.039 + 0.005 avg prob of [ Dutch] 0.9015932083129883
loss 0.077 = 0.042 + 0.03 + 0.005 avg prob of [ Dutch] 0.9591577053070068
loss 0.045 = 0.019 + 0.021 + 0.005 avg prob of [ Dutch] 0.9814147353172302
Init norm 74.33807373046875 | Delta norm 55.75355529785156 | Target norm 90.22079467773438
Computing right vector (v)
Lookup index found: 0 | Sentence: Bay, which is located in | Token: Bay
Rewrite layer is 8
Tying optimization objective to 27
Recording initial value of v*
loss 8.347 = 8.347 + 0.0 + 0.0 avg prob of [ Italy] 0.0002539875858929008
loss 7.204 = 7.188 + 0.016 + 0.0 avg prob of [ Italy] 0.0009517454891465604
loss 4.859 = 4.819 + 0.04 + 0.0 avg prob of [ Italy] 0.018759839236736298
loss 2.451 = 2.39 + 0.061 + 0.0 avg prob of [ Italy] 0.26304399967193604
loss 1.68 = 1.612 + 0.068 + 0.0 avg prob of [ Italy] 0.6274253726005554
loss 1.482 = 1.407 + 0.075 + 0.0 avg prob of [ Italy] 0.7716784477233887
loss 1.423 = 1.341 + 0.082 + 0.0 avg prob of [ Italy] 0.8113961219787598
loss 1.394 = 1.307 + 0.086 + 0.0 avg prob of [ Italy] 0.8223373293876648
loss 1.371 = 1.282 + 0.089 + 0.0 avg prob of [ Italy] 0.8263438940048218
loss 1.348 = 1.259 + 0.089 + 0.0 avg prob of [ Italy] 0.8283059000968933
loss 1.326 = 1.238 + 0.088 + 0.0 avg prob of [ Italy] 0.8294853568077087
loss 1.303 = 1.217 + 0.085 + 0.0 avg prob of [ Italy] 0.8302788734436035
loss 1.28 = 1.198 + 0.082 + 0.0 avg prob of [ Italy] 0.830846905708313
loss 1.258 = 1.178 + 0.079 + 0.0 avg prob of [ Italy] 0.8312689661979675
loss 1.236 = 1.16 + 0.076 + 0.0 avg prob of [ Italy] 0.8315906524658203
loss 1.215 = 1.141 + 0.074 + 0.0 avg prob of [ Italy] 0.831840991973877
loss 1.194 = 1.123 + 0.072 + 0.0 avg prob of [ Italy] 0.832040011882782
loss 1.175 = 1.105 + 0.07 + 0.0 avg prob of [ Italy] 0.8322023749351501
loss 1.155 = 1.087 + 0.068 + 0.0 avg prob of [ Italy] 0.8323380351066589
loss 1.136 = 1.069 + 0.067 + 0.0 avg prob of [ Italy] 0.8324546217918396
loss 1.118 = 1.052 + 0.066 + 0.0 avg prob of [ Italy] 0.8325580358505249
loss 1.099 = 1.034 + 0.065 + 0.0 avg prob of [ Italy] 0.8326525092124939
loss 1.081 = 1.017 + 0.064 + 0.0 avg prob of [ Italy] 0.8327420949935913
loss 1.063 = 1.0 + 0.063 + 0.0 avg prob of [ Italy] 0.8328292369842529
loss 1.045 = 0.982 + 0.062 + 0.0 avg prob of [ Italy] 0.8329161405563354
Init norm 4553.22802734375 | Delta norm 212.798095703125 | Target norm 4557.03564453125
Computing right vector (v)
Lookup index found: 4 | Sentence: Leser Landshuth was employed in | Token: uth
Rewrite layer is 8
Tying optimization objective to 27
Recording initial value of v*
loss 7.867 = 7.867 + 0.0 + 0.0 avg prob of [ Frankfurt] 0.0004923933884128928
loss 6.332 = 6.216 + 0.113 + 0.004 avg prob of [ Frankfurt] 0.002521029207855463
loss 3.565 = 3.438 + 0.122 + 0.006 avg prob of [ Frankfurt] 0.04346945509314537
loss 0.636 = 0.492 + 0.138 + 0.006 avg prob of [ Frankfurt] 0.6359400153160095
loss 0.183 = 0.011 + 0.167 + 0.006 avg prob of [ Frankfurt] 0.9890453219413757
loss 0.141 = 0.002 + 0.133 + 0.006 avg prob of [ Frankfurt] 0.9976021647453308
loss 0.132 = 0.001 + 0.125 + 0.006 avg prob of [ Frankfurt] 0.9986735582351685
loss 0.124 = 0.001 + 0.118 + 0.006 avg prob of [ Frankfurt] 0.998935878276825
loss 0.116 = 0.001 + 0.109 + 0.006 avg prob of [ Frankfurt] 0.9990133047103882
loss 0.11 = 0.001 + 0.103 + 0.006 avg prob of [ Frankfurt] 0.9990460872650146
loss 0.11 = 0.001 + 0.103 + 0.006 avg prob of [ Frankfurt] 0.9990115165710449
loss 0.106 = 0.001 + 0.1 + 0.006 avg prob of [ Frankfurt] 0.9988952875137329
loss 0.104 = 0.001 + 0.097 + 0.006 avg prob of [ Frankfurt] 0.998773455619812
loss 0.102 = 0.001 + 0.095 + 0.006 avg prob of [ Frankfurt] 0.9986936450004578
loss 0.099 = 0.001 + 0.092 + 0.006 avg prob of [ Frankfurt] 0.9986740946769714
loss 0.096 = 0.001 + 0.089 + 0.006 avg prob of [ Frankfurt] 0.9987053275108337
loss 0.092 = 0.001 + 0.085 + 0.006 avg prob of [ Frankfurt] 0.9987649917602539
loss 0.089 = 0.001 + 0.082 + 0.006 avg prob of [ Frankfurt] 0.9988300204277039
loss 0.085 = 0.001 + 0.079 + 0.006 avg prob of [ Frankfurt] 0.9988805651664734
loss 0.08 = 0.001 + 0.074 + 0.006 avg prob of [ Frankfurt] 0.9989131689071655
loss 0.072 = 0.001 + 0.065 + 0.006 avg prob of [ Frankfurt] 0.9989408254623413
loss 0.06 = 0.001 + 0.054 + 0.006 avg prob of [ Frankfurt] 0.9989461898803711
loss 0.058 = 0.001 + 0.052 + 0.006 avg prob of [ Frankfurt] 0.9989166259765625
loss 0.046 = 0.001 + 0.039 + 0.006 avg prob of [ Frankfurt] 0.9990848302841187
Init norm 65.64122009277344 | Delta norm 49.23091506958008 | Target norm 81.16526794433594
Computing right vector (v)
Lookup index found: 5 | Sentence: The language of The Cheat was | Token: at
Rewrite layer is 8
Tying optimization objective to 27
Recording initial value of v*
loss 9.089 = 9.089 + 0.0 + 0.0 avg prob of [ Italian] 0.00014239604934118688
loss 5.526 = 5.51 + 0.014 + 0.002 avg prob of [ Italian] 0.007231551222503185
loss 1.457 = 1.342 + 0.111 + 0.004 avg prob of [ Italian] 0.2792149782180786
loss 0.557 = 0.453 + 0.1 + 0.005 avg prob of [ Italian] 0.6436877250671387
loss 0.187 = 0.168 + 0.014 + 0.005 avg prob of [ Italian] 0.8469712734222412
loss 0.09 = 0.065 + 0.02 + 0.005 avg prob of [ Italian] 0.9370522499084473
loss 0.051 = 0.025 + 0.022 + 0.005 avg prob of [ Italian] 0.9753250479698181
loss 0.037 = 0.011 + 0.022 + 0.005 avg prob of [ Italian] 0.989456057548523
Init norm 82.90953826904297 | Delta norm 62.182151794433594 | Target norm 101.86396026611328
Computing right vector (v)
Lookup index found: 1 | Sentence: Mark sense's owner | Token:  sense
Rewrite layer is 8
Tying optimization objective to 27
Recording initial value of v*
loss 9.882 = 9.882 + 0.0 + 0.0 avg prob of [ Google] 6.732675683451816e-05
loss 8.343 = 8.33 + 0.01 + 0.003 avg prob of [ Google] 0.00034669702290557325
loss 3.283 = 3.211 + 0.067 + 0.005 avg prob of [ Google] 0.10375215858221054
loss 0.521 = 0.429 + 0.087 + 0.005 avg prob of [ Google] 0.6789101958274841
loss 0.114 = 0.015 + 0.093 + 0.005 avg prob of [ Google] 0.9849741458892822
loss 0.093 = 0.005 + 0.084 + 0.005 avg prob of [ Google] 0.9954161643981934
loss 0.075 = 0.003 + 0.067 + 0.005 avg prob of [ Google] 0.9967130422592163
loss 0.063 = 0.003 + 0.054 + 0.005 avg prob of [ Google] 0.9967038035392761
loss 0.057 = 0.004 + 0.048 + 0.005 avg prob of [ Google] 0.9962549209594727
loss 0.05 = 0.004 + 0.041 + 0.005 avg prob of [ Google] 0.9957969188690186
loss 0.046 = 0.004 + 0.037 + 0.005 avg prob of [ Google] 0.9959638118743896
Init norm 73.09745788574219 | Delta norm 54.823089599609375 | Target norm 90.82111358642578
Computing right vector (v)
Lookup index found: 5 | Sentence: Pavol Demitra is a citizen of | Token: ra
Rewrite layer is 8
Tying optimization objective to 27
Recording initial value of v*
loss 6.688 = 6.688 + 0.0 + 0.0 avg prob of [ Belgium] 0.0013581605162471533
loss 0.348 = 0.339 + 0.006 + 0.003 avg prob of [ Belgium] 0.7371320724487305
loss 0.271 = 0.257 + 0.01 + 0.004 avg prob of [ Belgium] 0.7883726954460144
loss 0.151 = 0.138 + 0.008 + 0.005 avg prob of [ Belgium] 0.8758392333984375
loss 0.081 = 0.071 + 0.005 + 0.005 avg prob of [ Belgium] 0.9326018691062927
loss 0.05 = 0.041 + 0.005 + 0.005 avg prob of [ Belgium] 0.9602596163749695
loss 0.035 = 0.026 + 0.004 + 0.005 avg prob of [ Belgium] 0.9743304252624512
Init norm 77.15666198730469 | Delta norm 57.86750030517578 | Target norm 98.39876556396484
Computing right vector (v)
Lookup index found: 3 | Sentence: Samurai Pizza Cats was formulated in | Token:  Cats
Rewrite layer is 8
Tying optimization objective to 27
Recording initial value of v*
loss 8.443 = 8.443 + 0.0 + 0.0 avg prob of [ Sweden] 0.00024670851416885853
loss 6.94 = 6.931 + 0.007 + 0.002 avg prob of [ Sweden] 0.0010149184381589293
loss 4.081 = 4.069 + 0.008 + 0.004 avg prob of [ Sweden] 0.01792759634554386
loss 0.992 = 0.965 + 0.022 + 0.005 avg prob of [ Sweden] 0.38723087310791016
loss 0.216 = 0.175 + 0.036 + 0.005 avg prob of [ Sweden] 0.8396090269088745
loss 0.135 = 0.072 + 0.058 + 0.005 avg prob of [ Sweden] 0.9307731986045837
loss 0.073 = 0.034 + 0.034 + 0.005 avg prob of [ Sweden] 0.9662898778915405
loss 0.039 = 0.019 + 0.016 + 0.005 avg prob of [ Sweden] 0.9815904498100281
Init norm 80.12535095214844 | Delta norm 60.09401321411133 | Target norm 98.2326889038086
Computing right vector (v)
Lookup index found: 2 | Sentence: Christian Bohr worked in the city of | Token: r
Rewrite layer is 8
Tying optimization objective to 27
Recording initial value of v*
loss 6.419 = 6.419 + 0.0 + 0.0 avg prob of [ Frankfurt] 0.0017195376567542553
loss 4.823 = 4.8 + 0.02 + 0.002 avg prob of [ Frankfurt] 0.011228489689528942
loss 3.329 = 3.313 + 0.013 + 0.004 avg prob of [ Frankfurt] 0.04255468398332596
loss 2.528 = 2.513 + 0.011 + 0.004 avg prob of [ Frankfurt] 0.09776517748832703
loss 1.754 = 1.74 + 0.009 + 0.004 avg prob of [ Frankfurt] 0.21324823796749115
loss 0.817 = 0.802 + 0.01 + 0.004 avg prob of [ Frankfurt] 0.5071500539779663
loss 0.195 = 0.177 + 0.013 + 0.004 avg prob of [ Frankfurt] 0.8540537357330322
loss 0.043 = 0.025 + 0.014 + 0.004 avg prob of [ Frankfurt] 0.9763607978820801
Init norm 83.90229797363281 | Delta norm 62.926727294921875 | Target norm 105.06979370117188
Computing right vector (v)
Lookup index found: 6 | Sentence: Bundesautobahn 17, from | Token:  17
Rewrite layer is 8
Tying optimization objective to 27
Recording initial value of v*
loss 3.776 = 3.776 + 0.0 + 0.0 avg prob of [ Berlin] 0.02430128864943981
loss 1.35 = 1.344 + 0.004 + 0.003 avg prob of [ Berlin] 0.26560133695602417
loss 0.153 = 0.073 + 0.076 + 0.005 avg prob of [ Berlin] 0.9305887222290039
loss 0.03 = 0.022 + 0.002 + 0.005 avg prob of [ Berlin] 0.9778779745101929
Init norm 71.77050018310547 | Delta norm 53.82787322998047 | Target norm 88.48751831054688
Computing right vector (v)
Lookup index found: 5 | Sentence: Anna Livia Julian Brawn, a citizen of | Token: rawn
Rewrite layer is 8
Tying optimization objective to 27
Recording initial value of v*
loss 8.542 = 8.542 + 0.0 + 0.0 avg prob of [ Peru] 0.00021990874665789306
loss 7.775 = 7.728 + 0.044 + 0.003 avg prob of [ Peru] 0.00046696653589606285
loss 7.291 = 7.255 + 0.032 + 0.005 avg prob of [ Peru] 0.0007836422882974148
loss 5.697 = 5.659 + 0.032 + 0.005 avg prob of [ Peru] 0.004255557432770729
loss 3.229 = 3.191 + 0.033 + 0.005 avg prob of [ Peru] 0.05082375556230545
loss 0.805 = 0.767 + 0.033 + 0.005 avg prob of [ Peru] 0.49580129981040955
loss 0.156 = 0.117 + 0.034 + 0.005 avg prob of [ Peru] 0.8912081718444824
loss 0.097 = 0.037 + 0.055 + 0.005 avg prob of [ Peru] 0.9643811583518982
loss 0.056 = 0.018 + 0.033 + 0.005 avg prob of [ Peru] 0.9824888110160828
loss 0.049 = 0.01 + 0.033 + 0.005 avg prob of [ Peru] 0.9896540641784668
Init norm 72.896240234375 | Delta norm 54.67218017578125 | Target norm 88.01261901855469
Computing right vector (v)
Lookup index found: 3 | Sentence: Michel Subor, speaker of | Token: or
Rewrite layer is 8
Tying optimization objective to 27
Recording initial value of v*
loss 9.437 = 9.437 + 0.0 + 0.0 avg prob of [ Italian] 8.925867587095127e-05
loss 8.087 = 8.073 + 0.011 + 0.003 avg prob of [ Italian] 0.00035975727951154113
loss 5.591 = 5.575 + 0.011 + 0.005 avg prob of [ Italian] 0.004746424034237862
loss 2.529 = 2.508 + 0.016 + 0.005 avg prob of [ Italian] 0.096442811191082
loss 1.145 = 1.122 + 0.018 + 0.005 avg prob of [ Italian] 0.33222073316574097
loss 0.397 = 0.374 + 0.018 + 0.005 avg prob of [ Italian] 0.6903216242790222
loss 0.151 = 0.128 + 0.018 + 0.005 avg prob of [ Italian] 0.8809094429016113
loss 0.079 = 0.056 + 0.018 + 0.005 avg prob of [ Italian] 0.9456402063369751
loss 0.05 = 0.028 + 0.017 + 0.005 avg prob of [ Italian] 0.9726077914237976
loss 0.037 = 0.015 + 0.017 + 0.005 avg prob of [ Italian] 0.9849855303764343
Init norm 73.90228271484375 | Delta norm 55.42671585083008 | Target norm 91.44900512695312
Computing right vector (v)
Lookup index found: 7 | Sentence: The headquarters of Bajaj Electricals is in | Token: s
Rewrite layer is 8
Tying optimization objective to 27
Recording initial value of v*
loss 11.114 = 11.114 + 0.0 + 0.0 avg prob of [ Glasgow] 2.0686056814156473e-05
loss 8.56 = 8.545 + 0.013 + 0.002 avg prob of [ Glasgow] 0.0002441666729282588
loss 5.372 = 5.338 + 0.03 + 0.003 avg prob of [ Glasgow] 0.005511382129043341
loss 2.702 = 2.649 + 0.048 + 0.004 avg prob of [ Glasgow] 0.07930201292037964
loss 1.116 = 1.065 + 0.047 + 0.004 avg prob of [ Glasgow] 0.3558008670806885
loss 0.276 = 0.229 + 0.042 + 0.004 avg prob of [ Glasgow] 0.7972051501274109
loss 0.077 = 0.034 + 0.039 + 0.004 avg prob of [ Glasgow] 0.9668577909469604
loss 0.048 = 0.007 + 0.036 + 0.004 avg prob of [ Glasgow] 0.993252158164978
Init norm 84.20922088623047 | Delta norm 63.15690994262695 | Target norm 104.1989974975586
Computing right vector (v)
Lookup index found: 1 | Sentence: Nantes is a twin city of | Token: antes
Rewrite layer is 8
Tying optimization objective to 27
Recording initial value of v*
loss 8.059 = 8.059 + 0.0 + 0.0 avg prob of [ Vancouver] 0.00042639969615265727
loss 4.391 = 4.369 + 0.02 + 0.002 avg prob of [ Vancouver] 0.015044169500470161
loss 1.574 = 1.531 + 0.039 + 0.003 avg prob of [ Vancouver] 0.23687750101089478
loss 0.429 = 0.375 + 0.05 + 0.004 avg prob of [ Vancouver] 0.6990813612937927
loss 0.183 = 0.132 + 0.047 + 0.004 avg prob of [ Vancouver] 0.8798785209655762
loss 0.105 = 0.059 + 0.042 + 0.004 avg prob of [ Vancouver] 0.9439331889152527
loss 0.073 = 0.031 + 0.039 + 0.004 avg prob of [ Vancouver] 0.970262885093689
loss 0.058 = 0.018 + 0.036 + 0.004 avg prob of [ Vancouver] 0.9822869300842285
loss 0.05 = 0.012 + 0.034 + 0.004 avg prob of [ Vancouver] 0.9884344935417175
loss 0.045 = 0.008 + 0.033 + 0.004 avg prob of [ Vancouver] 0.9918975234031677
Init norm 92.13798522949219 | Delta norm 69.10348510742188 | Target norm 113.70439910888672
Computing right vector (v)
Lookup index found: 5 | Sentence: Lokalbahn AG's headquarters are in | Token:  AG
Rewrite layer is 8
Tying optimization objective to 27
Recording initial value of v*
loss 9.086 = 9.086 + 0.0 + 0.0 avg prob of [ Prague] 0.0001234456431120634
loss 6.949 = 6.935 + 0.011 + 0.003 avg prob of [ Prague] 0.001050875405780971
loss 1.911 = 1.889 + 0.017 + 0.004 avg prob of [ Prague] 0.16388891637325287
loss 0.678 = 0.647 + 0.026 + 0.005 avg prob of [ Prague] 0.5266075134277344
loss 0.279 = 0.245 + 0.029 + 0.005 avg prob of [ Prague] 0.7839394807815552
loss 0.115 = 0.079 + 0.031 + 0.005 avg prob of [ Prague] 0.9244464635848999
loss 0.065 = 0.03 + 0.03 + 0.005 avg prob of [ Prague] 0.9705645442008972
loss 0.047 = 0.014 + 0.028 + 0.005 avg prob of [ Prague] 0.9857508540153503
Init norm 74.47981262207031 | Delta norm 55.859859466552734 | Target norm 91.75204467773438
Computing right vector (v)
Lookup index found: 9 | Sentence: The occupation of Manuel Aznar Zubigaray is | Token: ay
Rewrite layer is 8
Tying optimization objective to 27
Recording initial value of v*
loss 12.446 = 12.446 + 0.0 + 0.0 avg prob of [ composer] 1.3889631190977525e-05
loss 8.653 = 8.62 + 0.03 + 0.004 avg prob of [ composer] 0.00032808477408252656
loss 4.117 = 3.937 + 0.174 + 0.006 avg prob of [ composer] 0.024876177310943604
loss 1.541 = 1.498 + 0.038 + 0.006 avg prob of [ composer] 0.24231009185314178
loss 0.501 = 0.446 + 0.05 + 0.006 avg prob of [ composer] 0.6474324464797974
loss 0.102 = 0.041 + 0.055 + 0.006 avg prob of [ composer] 0.9599418044090271
loss 0.069 = 0.012 + 0.052 + 0.006 avg prob of [ composer] 0.9883671998977661
loss 0.061 = 0.007 + 0.048 + 0.006 avg prob of [ composer] 0.9925793409347534
loss 0.056 = 0.006 + 0.043 + 0.006 avg prob of [ composer] 0.9936671257019043
loss 0.052 = 0.006 + 0.04 + 0.006 avg prob of [ composer] 0.9940027594566345
loss 0.048 = 0.006 + 0.036 + 0.006 avg prob of [ composer] 0.994137167930603
Init norm 64.45098114013672 | Delta norm 48.338233947753906 | Target norm 79.71669006347656
Computing right vector (v)
Lookup index found: 3 | Sentence: SEC Armadillo, in | Token: illo
Rewrite layer is 8
Tying optimization objective to 27
Recording initial value of v*
loss 9.11 = 9.11 + 0.0 + 0.0 avg prob of [ Nevada] 0.00016328037600032985
loss 3.507 = 3.463 + 0.041 + 0.003 avg prob of [ Nevada] 0.03643514961004257
loss 0.485 = 0.402 + 0.078 + 0.005 avg prob of [ Nevada] 0.6834203004837036
loss 0.135 = 0.029 + 0.101 + 0.005 avg prob of [ Nevada] 0.971808910369873
loss 0.105 = 0.009 + 0.091 + 0.005 avg prob of [ Nevada] 0.9907121658325195
loss 0.084 = 0.005 + 0.074 + 0.005 avg prob of [ Nevada] 0.9948531985282898
loss 0.071 = 0.004 + 0.062 + 0.005 avg prob of [ Nevada] 0.9963545203208923
loss 0.062 = 0.003 + 0.054 + 0.005 avg prob of [ Nevada] 0.9970776438713074
loss 0.055 = 0.003 + 0.048 + 0.005 avg prob of [ Nevada] 0.9975020289421082
loss 0.051 = 0.002 + 0.044 + 0.005 avg prob of [ Nevada] 0.9977898597717285
loss 0.049 = 0.002 + 0.041 + 0.005 avg prob of [ Nevada] 0.9980065226554871
Init norm 71.44745635986328 | Delta norm 53.585594177246094 | Target norm 87.67162322998047
Computing right vector (v)
Lookup index found: 6 | Sentence: Matias Kupiainen originated from | Token: en
Rewrite layer is 8
Tying optimization objective to 27
Recording initial value of v*
loss 9.442 = 9.442 + 0.0 + 0.0 avg prob of [ Ottawa] 0.00011075410293415189
loss 4.349 = 4.318 + 0.027 + 0.004 avg prob of [ Ottawa] 0.016347207129001617
loss 1.23 = 1.192 + 0.032 + 0.006 avg prob of [ Ottawa] 0.31167590618133545
loss 0.158 = 0.127 + 0.025 + 0.006 avg prob of [ Ottawa] 0.8817052245140076
loss 0.041 = 0.016 + 0.019 + 0.006 avg prob of [ Ottawa] 0.9844476580619812
Init norm 61.732635498046875 | Delta norm 46.299476623535156 | Target norm 77.44656372070312
Computing right vector (v)
Lookup index found: 3 | Sentence: Dez Dickerson was native to | Token: erson
Rewrite layer is 8
Tying optimization objective to 27
Recording initial value of v*
loss 5.465 = 5.465 + 0.0 + 0.0 avg prob of [ Philadelphia] 0.005318520590662956
loss 1.811 = 1.804 + 0.004 + 0.003 avg prob of [ Philadelphia] 0.19310453534126282
loss 0.442 = 0.427 + 0.009 + 0.005 avg prob of [ Philadelphia] 0.6629464626312256
loss 0.184 = 0.168 + 0.011 + 0.005 avg prob of [ Philadelphia] 0.8476120233535767
loss 0.093 = 0.076 + 0.011 + 0.005 avg prob of [ Philadelphia] 0.9271155595779419
loss 0.055 = 0.038 + 0.011 + 0.005 avg prob of [ Philadelphia] 0.962673544883728
loss 0.037 = 0.02 + 0.011 + 0.005 avg prob of [ Philadelphia] 0.9803029894828796
Init norm 69.2032470703125 | Delta norm 51.902435302734375 | Target norm 85.44972229003906
Computing right vector (v)
Lookup index found: 3 | Sentence: St. Elsewhere was released on | Token: where
Rewrite layer is 8
Tying optimization objective to 27
Recording initial value of v*
loss 6.741 = 6.741 + 0.0 + 0.0 avg prob of [ HBO] 0.0030814651399850845
loss 0.12 = 0.107 + 0.01 + 0.003 avg prob of [ HBO] 0.8992936015129089
loss 0.027 = 0.001 + 0.021 + 0.005 avg prob of [ HBO] 0.999076247215271
Init norm 75.23255920410156 | Delta norm 53.12278366088867 | Target norm 92.27921295166016
Computing right vector (v)
Lookup index found: 2 | Sentence: Brett Ralph is originally from | Token:  Ralph
Rewrite layer is 8
Tying optimization objective to 27
Recording initial value of v*
loss 5.724 = 5.724 + 0.0 + 0.0 avg prob of [ London] 0.0033839261159300804
loss 3.408 = 3.377 + 0.027 + 0.003 avg prob of [ London] 0.037170007824897766
loss 1.018 = 0.958 + 0.056 + 0.005 avg prob of [ London] 0.40243059396743774
loss 0.117 = 0.026 + 0.086 + 0.005 avg prob of [ London] 0.9740743041038513
loss 0.098 = 0.003 + 0.09 + 0.005 avg prob of [ London] 0.9973644018173218
loss 0.091 = 0.001 + 0.085 + 0.005 avg prob of [ London] 0.9991981387138367
loss 0.084 = 0.0 + 0.079 + 0.005 avg prob of [ London] 0.9995452165603638
loss 0.078 = 0.0 + 0.073 + 0.005 avg prob of [ London] 0.9996540546417236
loss 0.073 = 0.0 + 0.068 + 0.005 avg prob of [ London] 0.9996941089630127
loss 0.069 = 0.0 + 0.063 + 0.005 avg prob of [ London] 0.9997061491012573
loss 0.063 = 0.0 + 0.057 + 0.005 avg prob of [ London] 0.9997053146362305
loss 0.058 = 0.0 + 0.053 + 0.005 avg prob of [ London] 0.9996999502182007
loss 0.051 = 0.0 + 0.045 + 0.005 avg prob of [ London] 0.9996864199638367
loss 0.036 = 0.0 + 0.031 + 0.005 avg prob of [ London] 0.9996640682220459
Init norm 73.38184356689453 | Delta norm 55.03638458251953 | Target norm 91.39706420898438
Computing right vector (v)
Lookup index found: 1 | Sentence: Lee Bell, who plays the position | Token:  Bell
Rewrite layer is 8
Tying optimization objective to 27
Recording initial value of v*
loss 7.779 = 7.779 + 0.0 + 0.0 avg prob of [ linebacker] 0.00047047401312738657
loss 5.544 = 5.503 + 0.039 + 0.002 avg prob of [ linebacker] 0.0050653982907533646
loss 2.27 = 2.217 + 0.049 + 0.004 avg prob of [ linebacker] 0.14216329157352448
loss 0.38 = 0.323 + 0.052 + 0.005 avg prob of [ linebacker] 0.7353472113609314
loss 0.123 = 0.066 + 0.052 + 0.005 avg prob of [ linebacker] 0.936272382736206
loss 0.076 = 0.021 + 0.05 + 0.005 avg prob of [ linebacker] 0.9794501662254333
loss 0.062 = 0.01 + 0.048 + 0.005 avg prob of [ linebacker] 0.990226686000824
loss 0.056 = 0.006 + 0.045 + 0.005 avg prob of [ linebacker] 0.9939368963241577
loss 0.052 = 0.004 + 0.043 + 0.005 avg prob of [ linebacker] 0.9956568479537964
loss 0.048 = 0.003 + 0.04 + 0.005 avg prob of [ linebacker] 0.9966526031494141
Init norm 82.80117797851562 | Delta norm 62.100887298583984 | Target norm 102.36857604980469
Computing right vector (v)
Lookup index found: 4 | Sentence: Kryvyi Rih belongs to the continent of | Token:  Rih
Rewrite layer is 8
Tying optimization objective to 27
Recording initial value of v*
loss 9.371 = 9.371 + 0.0 + 0.0 avg prob of [ Antarctica] 0.00014586577890440822
loss 5.284 = 5.152 + 0.13 + 0.002 avg prob of [ Antarctica] 0.006390135269612074
loss 4.22 = 4.152 + 0.065 + 0.004 avg prob of [ Antarctica] 0.01895487681031227
loss 2.384 = 2.279 + 0.1 + 0.005 avg prob of [ Antarctica] 0.1278037130832672
loss 1.099 = 0.998 + 0.097 + 0.005 avg prob of [ Antarctica] 0.39779290556907654
loss 0.501 = 0.399 + 0.097 + 0.005 avg prob of [ Antarctica] 0.6784312129020691
loss 0.263 = 0.17 + 0.088 + 0.005 avg prob of [ Antarctica] 0.8458854556083679
loss 0.15 = 0.074 + 0.072 + 0.005 avg prob of [ Antarctica] 0.9292609095573425
loss 0.1 = 0.035 + 0.061 + 0.005 avg prob of [ Antarctica] 0.9661203622817993
loss 0.079 = 0.018 + 0.056 + 0.005 avg prob of [ Antarctica] 0.9821213483810425
loss 0.068 = 0.011 + 0.053 + 0.005 avg prob of [ Antarctica] 0.989531397819519
loss 0.06 = 0.007 + 0.049 + 0.005 avg prob of [ Antarctica] 0.99327552318573
loss 0.053 = 0.005 + 0.044 + 0.005 avg prob of [ Antarctica] 0.995337188243866
loss 0.052 = 0.003 + 0.044 + 0.005 avg prob of [ Antarctica] 0.9965357780456543
loss 0.05 = 0.003 + 0.043 + 0.005 avg prob of [ Antarctica] 0.9971928000450134
loss 0.046 = 0.002 + 0.039 + 0.005 avg prob of [ Antarctica] 0.9975486993789673
Init norm 83.0888900756836 | Delta norm 62.31666946411133 | Target norm 101.0466537475586
Computing right vector (v)
Lookup index found: 2 | Sentence: Suzy Vernon spoke the language | Token:  Vernon
Rewrite layer is 8
Tying optimization objective to 27
Recording initial value of v*
loss 10.686 = 10.686 + 0.0 + 0.0 avg prob of [ Russian] 3.721379835042171e-05
loss 8.744 = 8.737 + 0.004 + 0.003 avg prob of [ Russian] 0.00021689086861442775
loss 3.92 = 3.726 + 0.189 + 0.005 avg prob of [ Russian] 0.027841446921229362
loss 1.697 = 1.54 + 0.151 + 0.005 avg prob of [ Russian] 0.23496060073375702
loss 0.592 = 0.399 + 0.188 + 0.005 avg prob of [ Russian] 0.6860141754150391
loss 0.189 = 0.077 + 0.107 + 0.005 avg prob of [ Russian] 0.9271058440208435
loss 0.072 = 0.012 + 0.055 + 0.005 avg prob of [ Russian] 0.9882340431213379
loss 0.033 = 0.003 + 0.025 + 0.005 avg prob of [ Russian] 0.9971768260002136
Init norm 70.99479675292969 | Delta norm 53.24609375 | Target norm 85.23365020751953
Computing right vector (v)
Lookup index found: 0 | Sentence: Turkey is a part of the continent of | Token: Turkey
Rewrite layer is 8
Tying optimization objective to 27
Recording initial value of v*
loss 10.66 = 10.66 + 0.0 + 0.0 avg prob of [ Antarctica] 0.00037790354690514505
loss 6.49 = 6.478 + 0.013 + 0.0 avg prob of [ Antarctica] 0.004782669246196747
loss 5.947 = 5.917 + 0.029 + 0.0 avg prob of [ Antarctica] 0.008834319189190865
loss 4.939 = 4.895 + 0.045 + 0.0 avg prob of [ Antarctica] 0.030864670872688293
loss 3.311 = 3.257 + 0.054 + 0.0 avg prob of [ Antarctica] 0.21811453998088837
loss 2.12 = 2.063 + 0.057 + 0.0 avg prob of [ Antarctica] 0.6342921257019043
loss 1.82 = 1.764 + 0.055 + 0.0 avg prob of [ Antarctica] 0.8011075854301453
loss 1.725 = 1.673 + 0.052 + 0.0 avg prob of [ Antarctica] 0.825272262096405
loss 1.648 = 1.6 + 0.048 + 0.0 avg prob of [ Antarctica] 0.8295401930809021
loss 1.572 = 1.527 + 0.045 + 0.0 avg prob of [ Antarctica] 0.8308069705963135
loss 1.494 = 1.452 + 0.042 + 0.0 avg prob of [ Antarctica] 0.8313466310501099
loss 1.415 = 1.376 + 0.039 + 0.0 avg prob of [ Antarctica] 0.8316306471824646
loss 1.335 = 1.299 + 0.037 + 0.0 avg prob of [ Antarctica] 0.8317999839782715
loss 1.254 = 1.22 + 0.034 + 0.0 avg prob of [ Antarctica] 0.8319120407104492
loss 1.174 = 1.141 + 0.033 + 0.0 avg prob of [ Antarctica] 0.8319989442825317
loss 1.094 = 1.062 + 0.032 + 0.0 avg prob of [ Antarctica] 0.8320862650871277
loss 1.015 = 0.984 + 0.031 + 0.0 avg prob of [ Antarctica] 0.8322024345397949
loss 0.937 = 0.907 + 0.03 + 0.0 avg prob of [ Antarctica] 0.832385241985321
loss 0.86 = 0.83 + 0.03 + 0.0 avg prob of [ Antarctica] 0.8326865434646606
loss 0.785 = 0.756 + 0.029 + 0.0 avg prob of [ Antarctica] 0.83318030834198
loss 0.712 = 0.684 + 0.028 + 0.0 avg prob of [ Antarctica] 0.8339686393737793
loss 0.642 = 0.615 + 0.028 + 0.0 avg prob of [ Antarctica] 0.8351863622665405
loss 0.575 = 0.548 + 0.027 + 0.0 avg prob of [ Antarctica] 0.8370043635368347
loss 0.512 = 0.485 + 0.027 + 0.0 avg prob of [ Antarctica] 0.8396250605583191
loss 0.452 = 0.426 + 0.027 + 0.0 avg prob of [ Antarctica] 0.8432674407958984
Init norm 4388.1240234375 | Delta norm 241.54139709472656 | Target norm 4397.39306640625
Computing right vector (v)
Lookup index found: 3 | Sentence: Limoncello, that was created in | Token: o
Rewrite layer is 8
Tying optimization objective to 27
Recording initial value of v*
loss 5.727 = 5.727 + 0.0 + 0.0 avg prob of [ France] 0.003809003159403801
loss 3.357 = 3.345 + 0.009 + 0.003 avg prob of [ France] 0.04102236405014992
loss 1.96 = 1.941 + 0.014 + 0.004 avg prob of [ France] 0.16577120125293732
loss 1.119 = 1.092 + 0.022 + 0.005 avg prob of [ France] 0.3518339991569519
loss 0.608 = 0.576 + 0.027 + 0.005 avg prob of [ France] 0.5684969425201416
loss 0.303 = 0.269 + 0.029 + 0.005 avg prob of [ France] 0.766216516494751
loss 0.168 = 0.134 + 0.028 + 0.005 avg prob of [ France] 0.8748027086257935
loss 0.109 = 0.078 + 0.026 + 0.005 avg prob of [ France] 0.9249410629272461
loss 0.08 = 0.051 + 0.023 + 0.005 avg prob of [ France] 0.9499979019165039
loss 0.063 = 0.037 + 0.021 + 0.005 avg prob of [ France] 0.9641298055648804
loss 0.053 = 0.027 + 0.02 + 0.005 avg prob of [ France] 0.9729313850402832
loss 0.047 = 0.021 + 0.02 + 0.005 avg prob of [ France] 0.9788298606872559
Init norm 74.85933685302734 | Delta norm 56.144500732421875 | Target norm 94.29439544677734
Computing right vector (v)
Lookup index found: 1 | Sentence: South Holland is called after | Token:  Holland
Rewrite layer is 8
Tying optimization objective to 27
Recording initial value of v*
loss 11.666 = 11.666 + 0.0 + 0.0 avg prob of [ Richmond] 1.1078240277129225e-05
loss 7.56 = 7.522 + 0.035 + 0.002 avg prob of [ Richmond] 0.002056097611784935
loss 3.05 = 3.02 + 0.026 + 0.004 avg prob of [ Richmond] 0.0775817483663559
loss 0.795 = 0.761 + 0.029 + 0.005 avg prob of [ Richmond] 0.5692291855812073
loss 0.197 = 0.163 + 0.029 + 0.005 avg prob of [ Richmond] 0.8717937469482422
loss 0.068 = 0.035 + 0.029 + 0.005 avg prob of [ Richmond] 0.9673905372619629
loss 0.043 = 0.01 + 0.028 + 0.005 avg prob of [ Richmond] 0.9898260831832886
Init norm 80.69603729248047 | Delta norm 60.52202606201172 | Target norm 99.9155044555664
Computing right vector (v)
Lookup index found: 5 | Sentence: Liis Lemsalu, who is a citizen of | Token: u
Rewrite layer is 8
Tying optimization objective to 27
Recording initial value of v*
loss 8.882 = 8.882 + 0.0 + 0.0 avg prob of [ Thailand] 0.00017121483688242733
loss 6.985 = 6.83 + 0.152 + 0.004 avg prob of [ Thailand] 0.002063232008367777
loss 6.623 = 6.601 + 0.016 + 0.006 avg prob of [ Thailand] 0.002408843021839857
loss 6.165 = 6.144 + 0.016 + 0.006 avg prob of [ Thailand] 0.0036375473719090223
loss 5.138 = 5.114 + 0.019 + 0.006 avg prob of [ Thailand] 0.010752620175480843
loss 3.67 = 3.632 + 0.032 + 0.006 avg prob of [ Thailand] 0.03799140080809593
loss 2.397 = 2.329 + 0.062 + 0.006 avg prob of [ Thailand] 0.10935024917125702
loss 1.17 = 1.088 + 0.076 + 0.006 avg prob of [ Thailand] 0.3552025258541107
loss 0.314 = 0.245 + 0.063 + 0.006 avg prob of [ Thailand] 0.7882115840911865
loss 0.083 = 0.038 + 0.039 + 0.006 avg prob of [ Thailand] 0.9627304077148438
loss 0.039 = 0.005 + 0.028 + 0.006 avg prob of [ Thailand] 0.9947360754013062
Init norm 65.19277954101562 | Delta norm 48.89458084106445 | Target norm 78.65753173828125
Computing right vector (v)
Lookup index found: 7 | Sentence: 15th arrondissement of Paris can be found in | Token:  Paris
Rewrite layer is 8
Tying optimization objective to 27
Recording initial value of v*
loss 13.185 = 13.185 + 0.0 + 0.0 avg prob of [ Toronto] 5.709656761609949e-06
loss 9.629 = 9.587 + 0.04 + 0.003 avg prob of [ Toronto] 9.875126124825329e-05
loss 7.033 = 6.927 + 0.101 + 0.004 avg prob of [ Toronto] 0.0011084785219281912
loss 4.781 = 4.695 + 0.081 + 0.005 avg prob of [ Toronto] 0.010256128385663033
loss 2.443 = 2.372 + 0.066 + 0.005 avg prob of [ Toronto] 0.10149875283241272
loss 0.563 = 0.494 + 0.064 + 0.005 avg prob of [ Toronto] 0.6169910430908203
loss 0.141 = 0.108 + 0.027 + 0.005 avg prob of [ Toronto] 0.8982014656066895
loss 0.041 = 0.032 + 0.005 + 0.005 avg prob of [ Toronto] 0.9689270257949829
Init norm 74.87110137939453 | Delta norm 56.153324127197266 | Target norm 90.9239501953125
Computing right vector (v)
Lookup index found: 3 | Sentence: sarangi, that was developed in | Token: i
Rewrite layer is 8
Tying optimization objective to 27
Recording initial value of v*
loss 7.019 = 7.019 + 0.0 + 0.0 avg prob of [ Canada] 0.0010437907185405493
loss 5.62 = 5.606 + 0.01 + 0.003 avg prob of [ Canada] 0.004706845618784428
loss 3.362 = 3.331 + 0.026 + 0.005 avg prob of [ Canada] 0.044717274606227875
loss 2.03 = 1.994 + 0.03 + 0.005 avg prob of [ Canada] 0.14390359818935394
loss 1.258 = 1.221 + 0.031 + 0.005 avg prob of [ Canada] 0.30902090668678284
loss 0.496 = 0.464 + 0.027 + 0.005 avg prob of [ Canada] 0.6349649429321289
loss 0.121 = 0.08 + 0.036 + 0.005 avg prob of [ Canada] 0.9238713979721069
loss 0.062 = 0.017 + 0.04 + 0.005 avg prob of [ Canada] 0.9836567640304565
loss 0.044 = 0.007 + 0.032 + 0.005 avg prob of [ Canada] 0.9929503798484802
Init norm 70.38859558105469 | Delta norm 52.79145050048828 | Target norm 86.90166473388672
Computing right vector (v)
Lookup index found: 5 | Sentence: Umayyad Caliphate's capital, | Token: iphate
Rewrite layer is 8
Tying optimization objective to 27
Recording initial value of v*
loss 12.968 = 12.968 + 0.0 + 0.0 avg prob of [ Athens] 4.527775217866292e-06
loss 7.788 = 7.758 + 0.028 + 0.002 avg prob of [ Athens] 0.0006089054513722658
loss 2.324 = 2.237 + 0.083 + 0.004 avg prob of [ Athens] 0.1586378514766693
loss 0.545 = 0.432 + 0.108 + 0.004 avg prob of [ Athens] 0.6688456535339355
loss 0.197 = 0.125 + 0.068 + 0.004 avg prob of [ Athens] 0.8846358060836792
loss 0.075 = 0.048 + 0.023 + 0.004 avg prob of [ Athens] 0.9538857340812683
loss 0.038 = 0.024 + 0.01 + 0.004 avg prob of [ Athens] 0.9763936996459961
Init norm 83.9619369506836 | Delta norm 62.97145080566406 | Target norm 101.75613403320312
Computing right vector (v)
Lookup index found: 4 | Sentence: The location of Typhoon Pamela is | Token:  Pamela
Rewrite layer is 8
Tying optimization objective to 27
Recording initial value of v*
loss 13.261 = 13.261 + 0.0 + 0.0 avg prob of [ Ireland] 2.5286431082349736e-06
loss 10.332 = 10.328 + 0.002 + 0.002 avg prob of [ Ireland] 4.8708498070482165e-05
loss 6.536 = 6.527 + 0.006 + 0.004 avg prob of [ Ireland] 0.0021621077321469784
loss 3.238 = 3.223 + 0.01 + 0.004 avg prob of [ Ireland] 0.04358331859111786
loss 1.992 = 1.973 + 0.015 + 0.004 avg prob of [ Ireland] 0.15654504299163818
loss 0.793 = 0.766 + 0.023 + 0.004 avg prob of [ Ireland] 0.494426965713501
loss 0.148 = 0.116 + 0.028 + 0.004 avg prob of [ Ireland] 0.8927929401397705
loss 0.027 = 0.015 + 0.008 + 0.004 avg prob of [ Ireland] 0.9855557680130005
Init norm 84.14722442626953 | Delta norm 63.11042022705078 | Target norm 102.9039535522461
Computing right vector (v)
Lookup index found: 5 | Sentence: Shibuya-kei, formulated in | Token: i
Rewrite layer is 8
Tying optimization objective to 27
Recording initial value of v*
loss 8.82 = 8.82 + 0.0 + 0.0 avg prob of [ Italy] 0.0001951282611116767
loss 7.254 = 7.214 + 0.037 + 0.003 avg prob of [ Italy] 0.0009033372043631971
loss 4.501 = 4.405 + 0.091 + 0.005 avg prob of [ Italy] 0.013088172301650047
loss 2.681 = 2.571 + 0.105 + 0.006 avg prob of [ Italy] 0.0802144706249237
loss 1.201 = 1.102 + 0.094 + 0.006 avg prob of [ Italy] 0.34035584330558777
loss 0.335 = 0.266 + 0.063 + 0.006 avg prob of [ Italy] 0.7687792778015137
loss 0.126 = 0.089 + 0.032 + 0.006 avg prob of [ Italy] 0.9158136248588562
loss 0.08 = 0.044 + 0.03 + 0.006 avg prob of [ Italy] 0.9568995237350464
loss 0.058 = 0.021 + 0.032 + 0.006 avg prob of [ Italy] 0.9795960783958435
loss 0.046 = 0.008 + 0.033 + 0.006 avg prob of [ Italy] 0.9920009970664978
Init norm 67.68101501464844 | Delta norm 50.76076126098633 | Target norm 81.17436218261719
Computing right vector (v)
Lookup index found: 5 | Sentence: The location of USS Cole bombing is | Token:  bombing
Rewrite layer is 8
Tying optimization objective to 27
Recording initial value of v*
loss 14.19 = 14.19 + 0.0 + 0.0 avg prob of [ Poland] 8.484702220812324e-07
loss 10.325 = 10.311 + 0.012 + 0.002 avg prob of [ Poland] 4.449077459867112e-05
loss 6.448 = 6.371 + 0.074 + 0.003 avg prob of [ Poland] 0.001924459240399301
loss 1.551 = 1.448 + 0.099 + 0.004 avg prob of [ Poland] 0.23800168931484222
loss 0.282 = 0.237 + 0.04 + 0.004 avg prob of [ Poland] 0.7898013591766357
loss 0.065 = 0.048 + 0.012 + 0.004 avg prob of [ Poland] 0.9528993368148804
loss 0.027 = 0.014 + 0.009 + 0.004 avg prob of [ Poland] 0.9859784841537476
Init norm 84.34951782226562 | Delta norm 63.26213836669922 | Target norm 104.91841888427734
Computing right vector (v)
Lookup index found: 2 | Sentence: University of Edinburgh can be found in | Token:  Edinburgh
Rewrite layer is 8
Tying optimization objective to 27
Recording initial value of v*
loss 13.628 = 13.628 + 0.0 + 0.0 avg prob of [ Istanbul] 3.5190403195883846e-06
loss 8.805 = 8.789 + 0.014 + 0.003 avg prob of [ Istanbul] 0.0002410042507108301
loss 6.578 = 6.55 + 0.024 + 0.004 avg prob of [ Istanbul] 0.0026736741419881582
loss 3.977 = 3.946 + 0.026 + 0.005 avg prob of [ Istanbul] 0.035780761390924454
loss 2.052 = 2.023 + 0.025 + 0.005 avg prob of [ Istanbul] 0.18903672695159912
loss 0.972 = 0.943 + 0.024 + 0.005 avg prob of [ Istanbul] 0.47304973006248474
loss 0.383 = 0.351 + 0.026 + 0.005 avg prob of [ Istanbul] 0.7405800819396973
loss 0.127 = 0.092 + 0.03 + 0.005 avg prob of [ Istanbul] 0.9149770736694336
loss 0.063 = 0.026 + 0.033 + 0.005 avg prob of [ Istanbul] 0.9745602011680603
loss 0.048 = 0.011 + 0.033 + 0.005 avg prob of [ Istanbul] 0.9893728494644165
Init norm 79.96749114990234 | Delta norm 59.975616455078125 | Target norm 95.86576080322266
Computing right vector (v)
Lookup index found: 2 | Sentence: Renault 21, created by | Token:  21
Rewrite layer is 8
Tying optimization objective to 27
Recording initial value of v*
loss 6.973 = 6.973 + 0.0 + 0.0 avg prob of [ BMW] 0.0009607995161786675
loss 5.3 = 5.262 + 0.034 + 0.004 avg prob of [ BMW] 0.005675341468304396
loss 1.982 = 1.9 + 0.076 + 0.006 avg prob of [ BMW] 0.15929359197616577
loss 0.43 = 0.331 + 0.092 + 0.006 avg prob of [ BMW] 0.7220394015312195
loss 0.126 = 0.045 + 0.075 + 0.006 avg prob of [ BMW] 0.956195592880249
loss 0.062 = 0.011 + 0.045 + 0.006 avg prob of [ BMW] 0.9891570806503296
loss 0.042 = 0.004 + 0.032 + 0.006 avg prob of [ BMW] 0.9961891174316406
Init norm 61.72019958496094 | Delta norm 46.2901496887207 | Target norm 76.10467529296875
Computing right vector (v)
Lookup index found: 3 | Sentence: Fort Collins Municipal Railway is within | Token:  Railway
Rewrite layer is 8
Tying optimization objective to 27
Recording initial value of v*
loss 14.808 = 14.808 + 0.0 + 0.0 avg prob of [ Swansea] 4.567955897982756e-07
loss 10.637 = 10.55 + 0.085 + 0.002 avg prob of [ Swansea] 3.571531124180183e-05
loss 6.941 = 6.888 + 0.049 + 0.004 avg prob of [ Swansea] 0.001294020563364029
loss 1.7 = 1.547 + 0.148 + 0.005 avg prob of [ Swansea] 0.22654752433300018
loss 0.181 = 0.045 + 0.131 + 0.005 avg prob of [ Swansea] 0.9561342000961304
loss 0.064 = 0.036 + 0.023 + 0.005 avg prob of [ Swansea] 0.9644634127616882
loss 0.074 = 0.046 + 0.023 + 0.005 avg prob of [ Swansea] 0.9555317759513855
loss 0.057 = 0.029 + 0.023 + 0.005 avg prob of [ Swansea] 0.9710978269577026
loss 0.04 = 0.012 + 0.024 + 0.005 avg prob of [ Swansea] 0.9881288409233093
Init norm 81.97384643554688 | Delta norm 61.48038101196289 | Target norm 100.57676696777344
Computing right vector (v)
Lookup index found: 8 | Sentence: Colegio Nacional de Buenos Aires is located in the country of | Token:  Aires
Rewrite layer is 8
Tying optimization objective to 27
Recording initial value of v*
loss 10.024 = 10.024 + 0.0 + 0.0 avg prob of [ Bulgaria] 9.561513434164226e-05
loss 7.863 = 7.853 + 0.007 + 0.003 avg prob of [ Bulgaria] 0.0005428768345154822
loss 5.698 = 5.682 + 0.01 + 0.005 avg prob of [ Bulgaria] 0.0038702134042978287
loss 2.433 = 2.418 + 0.009 + 0.005 avg prob of [ Bulgaria] 0.10504456609487534
loss 0.553 = 0.54 + 0.007 + 0.005 avg prob of [ Bulgaria] 0.6068487167358398
loss 0.134 = 0.122 + 0.007 + 0.005 avg prob of [ Bulgaria] 0.8876475691795349
loss 0.049 = 0.036 + 0.007 + 0.005 avg prob of [ Bulgaria] 0.9643904566764832
Init norm 68.94367980957031 | Delta norm 51.707763671875 | Target norm 83.91622161865234
Computing right vector (v)
Lookup index found: 6 | Sentence: The occupation of Tomomi Inada is | Token: ada
Rewrite layer is 8
Tying optimization objective to 27
Recording initial value of v*
loss 11.017 = 11.017 + 0.0 + 0.0 avg prob of [ actor] 3.97707408410497e-05
loss 6.525 = 6.518 + 0.005 + 0.002 avg prob of [ actor] 0.0034299236722290516
loss 2.537 = 2.523 + 0.011 + 0.004 avg prob of [ actor] 0.09448140859603882
loss 0.284 = 0.264 + 0.015 + 0.005 avg prob of [ actor] 0.7730143070220947
loss 0.054 = 0.032 + 0.017 + 0.005 avg prob of [ actor] 0.9688877463340759
loss 0.023 = 0.007 + 0.012 + 0.005 avg prob of [ actor] 0.9930059313774109
Init norm 83.30428314208984 | Delta norm 62.478214263916016 | Target norm 101.29312133789062
Computing right vector (v)
Lookup index found: 4 | Sentence: Minamiakita District, located in | Token:  District
Rewrite layer is 8
Tying optimization objective to 27
Recording initial value of v*
loss 14.227 = 14.227 + 0.0 + 0.0 avg prob of [ Venezuela] 1.2137588782934472e-06
loss 11.754 = 11.712 + 0.04 + 0.002 avg prob of [ Venezuela] 1.030450493999524e-05
loss 6.882 = 6.842 + 0.035 + 0.004 avg prob of [ Venezuela] 0.0012960144085809588
loss 3.651 = 3.619 + 0.027 + 0.005 avg prob of [ Venezuela] 0.028447715565562248
loss 1.519 = 1.498 + 0.016 + 0.005 avg prob of [ Venezuela] 0.2275581806898117
loss 0.457 = 0.442 + 0.01 + 0.005 avg prob of [ Venezuela] 0.6459686756134033
loss 0.18 = 0.163 + 0.013 + 0.005 avg prob of [ Venezuela] 0.8510469794273376
loss 0.084 = 0.065 + 0.015 + 0.005 avg prob of [ Venezuela] 0.9376815557479858
loss 0.047 = 0.028 + 0.015 + 0.005 avg prob of [ Venezuela] 0.9727768301963806
Init norm 80.32472229003906 | Delta norm 60.24354553222656 | Target norm 97.49615478515625
Computing right vector (v)
Lookup index found: 4 | Sentence: Julian Huxley passed away in | Token: ley
Rewrite layer is 8
Tying optimization objective to 27
Recording initial value of v*
loss 12.124 = 12.124 + 0.0 + 0.0 avg prob of [ Wilmington] 8.994490599434357e-06
loss 9.123 = 9.111 + 0.009 + 0.003 avg prob of [ Wilmington] 0.00011543995788088068
loss 5.362 = 5.345 + 0.012 + 0.004 avg prob of [ Wilmington] 0.005175902042537928
loss 2.294 = 2.276 + 0.014 + 0.005 avg prob of [ Wilmington] 0.1112222895026207
loss 0.457 = 0.439 + 0.014 + 0.005 avg prob of [ Wilmington] 0.6573033332824707
loss 0.074 = 0.055 + 0.014 + 0.005 avg prob of [ Wilmington] 0.947237491607666
loss 0.035 = 0.015 + 0.015 + 0.005 avg prob of [ Wilmington] 0.9847673773765564
Init norm 77.68022155761719 | Delta norm 58.260169982910156 | Target norm 96.92532348632812
Computing right vector (v)
Lookup index found: 3 | Sentence: Kenmore Appliances is produced by | Token: iances
Rewrite layer is 8
Tying optimization objective to 27
Recording initial value of v*
loss 10.285 = 10.285 + 0.0 + 0.0 avg prob of [ Nissan] 5.5117037845775485e-05
loss 7.889 = 7.872 + 0.015 + 0.002 avg prob of [ Nissan] 0.0004931925795972347
loss 6.974 = 6.94 + 0.031 + 0.003 avg prob of [ Nissan] 0.001206288579851389
loss 5.108 = 5.069 + 0.036 + 0.004 avg prob of [ Nissan] 0.008527565747499466
loss 3.221 = 3.189 + 0.028 + 0.004 avg prob of [ Nissan] 0.06452490389347076
loss 1.61 = 1.574 + 0.032 + 0.004 avg prob of [ Nissan] 0.28808456659317017
loss 0.203 = 0.152 + 0.047 + 0.004 avg prob of [ Nissan] 0.8671486377716064
loss 0.062 = 0.007 + 0.05 + 0.004 avg prob of [ Nissan] 0.9927093386650085
loss 0.05 = 0.004 + 0.041 + 0.004 avg prob of [ Nissan] 0.9958209991455078
Init norm 87.73902893066406 | Delta norm 65.80427551269531 | Target norm 106.2391586303711
Computing right vector (v)
Lookup index found: 1 | Sentence: In Ecuador, the language spoken is | Token:  Ecuador
Rewrite layer is 8
Tying optimization objective to 27
Recording initial value of v*
loss 6.711 = 6.711 + 0.0 + 0.0 avg prob of [ French] 0.0018192590214312077
loss 1.144 = 1.138 + 0.005 + 0.002 avg prob of [ French] 0.3413870334625244
loss 0.567 = 0.554 + 0.011 + 0.003 avg prob of [ French] 0.5970068573951721
loss 0.314 = 0.291 + 0.018 + 0.004 avg prob of [ French] 0.7580229043960571
loss 0.178 = 0.158 + 0.017 + 0.004 avg prob of [ French] 0.8572463989257812
loss 0.107 = 0.089 + 0.014 + 0.004 avg prob of [ French] 0.9157876968383789
loss 0.07 = 0.054 + 0.013 + 0.004 avg prob of [ French] 0.9480635523796082
loss 0.052 = 0.035 + 0.013 + 0.004 avg prob of [ French] 0.9659996032714844
loss 0.041 = 0.024 + 0.013 + 0.004 avg prob of [ French] 0.9764418601989746
Init norm 94.88458251953125 | Delta norm 71.16343688964844 | Target norm 117.663818359375
Computing right vector (v)
Lookup index found: 5 | Sentence: Kishore Mahbubani, who holds a citizenship from | Token: ani
Rewrite layer is 8
Tying optimization objective to 27
Recording initial value of v*
loss 4.499 = 4.499 + 0.0 + 0.0 avg prob of [ Canada] 0.011845938861370087
loss 2.126 = 2.114 + 0.009 + 0.002 avg prob of [ Canada] 0.13105075061321259
loss 1.617 = 1.603 + 0.01 + 0.004 avg prob of [ Canada] 0.21547064185142517
loss 0.942 = 0.928 + 0.01 + 0.005 avg prob of [ Canada] 0.4078368842601776
loss 0.421 = 0.407 + 0.01 + 0.005 avg prob of [ Canada] 0.6725804209709167
loss 0.193 = 0.178 + 0.01 + 0.005 avg prob of [ Canada] 0.8394548296928406
loss 0.12 = 0.105 + 0.011 + 0.005 avg prob of [ Canada] 0.9016947746276855
loss 0.09 = 0.074 + 0.011 + 0.005 avg prob of [ Canada] 0.9289320707321167
loss 0.072 = 0.057 + 0.011 + 0.005 avg prob of [ Canada] 0.9447944164276123
loss 0.06 = 0.046 + 0.01 + 0.005 avg prob of [ Canada] 0.9555832743644714
loss 0.051 = 0.037 + 0.009 + 0.005 avg prob of [ Canada] 0.9635766744613647
loss 0.043 = 0.031 + 0.008 + 0.005 avg prob of [ Canada] 0.9698148965835571
Init norm 80.46910858154297 | Delta norm 60.351829528808594 | Target norm 101.6104965209961
Computing right vector (v)
Lookup index found: 4 | Sentence: What does Bennie Wallace play? They play | Token:  Wallace
Rewrite layer is 8
Tying optimization objective to 27
Recording initial value of v*
loss 14.062 = 14.062 + 0.0 + 0.0 avg prob of [ satire] 9.778106004887377e-07
loss 11.563 = 11.557 + 0.004 + 0.002 avg prob of [ satire] 9.826394489209633e-06
loss 7.122 = 7.106 + 0.013 + 0.003 avg prob of [ satire] 0.0009256854536943138
loss 2.378 = 2.351 + 0.022 + 0.004 avg prob of [ satire] 0.1066751480102539
loss 0.447 = 0.394 + 0.048 + 0.004 avg prob of [ satire] 0.6805294752120972
loss 0.12 = 0.069 + 0.047 + 0.004 avg prob of [ satire] 0.9337651133537292
loss 0.059 = 0.025 + 0.029 + 0.004 avg prob of [ satire] 0.9753857851028442
loss 0.037 = 0.013 + 0.019 + 0.004 avg prob of [ satire] 0.9866479635238647
Init norm 85.44628143310547 | Delta norm 64.08470916748047 | Target norm 102.79698181152344
Computing right vector (v)
Lookup index found: 3 | Sentence: Nicolas Jenson lost their life at | Token: enson
Rewrite layer is 8
Tying optimization objective to 27
Recording initial value of v*
loss 9.058 = 9.058 + 0.0 + 0.0 avg prob of [ Dallas] 0.00012740163947455585
loss 7.062 = 7.037 + 0.021 + 0.004 avg prob of [ Dallas] 0.0010771959787234664
loss 3.417 = 3.386 + 0.026 + 0.006 avg prob of [ Dallas] 0.04041453078389168
loss 0.502 = 0.472 + 0.024 + 0.006 avg prob of [ Dallas] 0.6369075179100037
loss 0.056 = 0.02 + 0.03 + 0.006 avg prob of [ Dallas] 0.9798833727836609
loss 0.037 = 0.004 + 0.027 + 0.006 avg prob of [ Dallas] 0.9957890510559082
Init norm 65.93553161621094 | Delta norm 49.4516487121582 | Target norm 80.6072769165039
Computing right vector (v)
Lookup index found: 3 | Sentence: Windows 2.0 is a product of | Token: 0
Rewrite layer is 8
Tying optimization objective to 27
Recording initial value of v*
loss 10.642 = 10.642 + 0.0 + 0.0 avg prob of [ Google] 8.360516221728176e-05
loss 7.462 = 7.442 + 0.017 + 0.003 avg prob of [ Google] 0.0011731975246220827
loss 4.488 = 4.456 + 0.028 + 0.005 avg prob of [ Google] 0.014366207644343376
loss 1.472 = 1.431 + 0.037 + 0.005 avg prob of [ Google] 0.26300522685050964
loss 0.598 = 0.552 + 0.041 + 0.005 avg prob of [ Google] 0.5844546556472778
loss 0.306 = 0.261 + 0.04 + 0.005 avg prob of [ Google] 0.7724733352661133
loss 0.164 = 0.122 + 0.036 + 0.005 avg prob of [ Google] 0.885596513748169
loss 0.097 = 0.058 + 0.034 + 0.005 avg prob of [ Google] 0.9438890218734741
loss 0.067 = 0.03 + 0.032 + 0.005 avg prob of [ Google] 0.9708338975906372
loss 0.052 = 0.017 + 0.031 + 0.005 avg prob of [ Google] 0.9833420515060425
loss 0.045 = 0.011 + 0.029 + 0.005 avg prob of [ Google] 0.9895390868186951
Init norm 74.24836730957031 | Delta norm 55.686275482177734 | Target norm 89.71893310546875
Computing right vector (v)
Lookup index found: 4 | Sentence: The language of Danish Wikipedia is | Token:  Wikipedia
Rewrite layer is 8
Tying optimization objective to 27
Recording initial value of v*
loss 10.406 = 10.406 + 0.0 + 0.0 avg prob of [ Russian] 5.132370279170573e-05
loss 3.991 = 3.956 + 0.033 + 0.002 avg prob of [ Russian] 0.03572777658700943
loss 0.482 = 0.444 + 0.034 + 0.003 avg prob of [ Russian] 0.6506707072257996
loss 0.02 = 0.005 + 0.011 + 0.004 avg prob of [ Russian] 0.9953104257583618
Init norm 88.4649887084961 | Delta norm 66.23544311523438 | Target norm 109.62495422363281
Computing right vector (v)
Lookup index found: 2 | Sentence: Lisa Nicole Carson's occupation is | Token:  Carson
Rewrite layer is 8
Tying optimization objective to 27
Recording initial value of v*
loss 8.938 = 8.938 + 0.0 + 0.0 avg prob of [ politician] 0.0001441445347154513
loss 4.047 = 4.031 + 0.013 + 0.003 avg prob of [ politician] 0.019681815057992935
loss 1.134 = 1.104 + 0.026 + 0.005 avg prob of [ politician] 0.3380785882472992
loss 0.163 = 0.119 + 0.039 + 0.005 avg prob of [ politician] 0.8889786005020142
loss 0.057 = 0.018 + 0.034 + 0.005 avg prob of [ politician] 0.9822765588760376
loss 0.047 = 0.007 + 0.035 + 0.005 avg prob of [ politician] 0.9934284090995789
Init norm 74.04080963134766 | Delta norm 55.53061294555664 | Target norm 90.73004913330078
Computing right vector (v)
Lookup index found: 5 | Sentence: Chevrolet Corvette C6, produced by | Token: 6
Rewrite layer is 8
Tying optimization objective to 27
Recording initial value of v*
loss 11.852 = 11.852 + 0.0 + 0.0 avg prob of [ IBM] 1.250943932973314e-05
loss 8.026 = 7.978 + 0.045 + 0.004 avg prob of [ IBM] 0.00037836385308764875
loss 2.197 = 2.086 + 0.106 + 0.006 avg prob of [ IBM] 0.1404920220375061
loss 0.138 = 0.024 + 0.108 + 0.006 avg prob of [ IBM] 0.976182222366333
loss 0.106 = 0.004 + 0.096 + 0.006 avg prob of [ IBM] 0.9957427382469177
loss 0.091 = 0.003 + 0.083 + 0.006 avg prob of [ IBM] 0.9973354339599609
loss 0.077 = 0.003 + 0.069 + 0.006 avg prob of [ IBM] 0.9974453449249268
loss 0.065 = 0.003 + 0.057 + 0.006 avg prob of [ IBM] 0.9973494410514832
loss 0.062 = 0.003 + 0.054 + 0.006 avg prob of [ IBM] 0.9974360466003418
loss 0.061 = 0.002 + 0.053 + 0.006 avg prob of [ IBM] 0.9977275729179382
loss 0.06 = 0.002 + 0.052 + 0.006 avg prob of [ IBM] 0.9980462789535522
loss 0.055 = 0.002 + 0.047 + 0.006 avg prob of [ IBM] 0.9982938170433044
loss 0.045 = 0.001 + 0.038 + 0.006 avg prob of [ IBM] 0.9985437393188477
Init norm 66.55663299560547 | Delta norm 49.91747283935547 | Target norm 82.15308380126953
Computing right vector (v)
Lookup index found: 3 | Sentence: Conrad Editora, that was formed in | Token: a
Rewrite layer is 8
Tying optimization objective to 27
Recording initial value of v*
loss 11.663 = 11.663 + 0.0 + 0.0 avg prob of [ Glasgow] 1.102788792195497e-05
loss 8.116 = 8.068 + 0.045 + 0.003 avg prob of [ Glasgow] 0.0003322800330352038
loss 5.044 = 4.987 + 0.053 + 0.004 avg prob of [ Glasgow] 0.007862119004130363
loss 1.949 = 1.883 + 0.061 + 0.005 avg prob of [ Glasgow] 0.15996158123016357
loss 0.945 = 0.883 + 0.056 + 0.005 avg prob of [ Glasgow] 0.41867825388908386
loss 0.303 = 0.246 + 0.052 + 0.005 avg prob of [ Glasgow] 0.7822452783584595
loss 0.106 = 0.052 + 0.049 + 0.005 avg prob of [ Glasgow] 0.9492285251617432
loss 0.067 = 0.015 + 0.047 + 0.005 avg prob of [ Glasgow] 0.9854116439819336
loss 0.053 = 0.006 + 0.042 + 0.005 avg prob of [ Glasgow] 0.9937974214553833
loss 0.045 = 0.004 + 0.037 + 0.005 avg prob of [ Glasgow] 0.9963838458061218
Init norm 75.902587890625 | Delta norm 56.926937103271484 | Target norm 92.9543228149414
Computing right vector (v)
Lookup index found: 1 | Sentence: Edward Cassidy's position is | Token:  Cassidy
Rewrite layer is 8
Tying optimization objective to 27
Recording initial value of v*
loss 12.0 = 12.0 + 0.0 + 0.0 avg prob of [ bishop] 6.568857315869536e-06
loss 9.347 = 9.336 + 0.009 + 0.002 avg prob of [ bishop] 0.00010509380808798596
loss 3.18 = 3.133 + 0.044 + 0.004 avg prob of [ bishop] 0.05149737000465393
loss 0.839 = 0.655 + 0.18 + 0.005 avg prob of [ bishop] 0.5351150631904602
loss 0.278 = 0.064 + 0.21 + 0.005 avg prob of [ bishop] 0.9392339587211609
loss 0.073 = 0.014 + 0.054 + 0.005 avg prob of [ bishop] 0.9861811995506287
loss 0.035 = 0.005 + 0.025 + 0.005 avg prob of [ bishop] 0.9946774244308472
Init norm 83.3055191040039 | Delta norm 62.4791374206543 | Target norm 100.22003173828125
Computing right vector (v)
Lookup index found: 4 | Sentence: Eduard Devrient worked in the city of | Token: rient
Rewrite layer is 8
Tying optimization objective to 27
Recording initial value of v*
loss 4.968 = 4.968 + 0.0 + 0.0 avg prob of [ Paris] 0.007552559487521648
loss 1.919 = 1.888 + 0.027 + 0.004 avg prob of [ Paris] 0.17835673689842224
loss 0.46 = 0.427 + 0.028 + 0.006 avg prob of [ Paris] 0.677865207195282
loss 0.171 = 0.138 + 0.027 + 0.006 avg prob of [ Paris] 0.8767422437667847
loss 0.09 = 0.057 + 0.027 + 0.006 avg prob of [ Paris] 0.9457074999809265
loss 0.063 = 0.03 + 0.027 + 0.006 avg prob of [ Paris] 0.9709293246269226
loss 0.051 = 0.018 + 0.027 + 0.006 avg prob of [ Paris] 0.982061505317688
loss 0.044 = 0.012 + 0.026 + 0.006 avg prob of [ Paris] 0.987869143486023
Init norm 64.680908203125 | Delta norm 48.510684967041016 | Target norm 81.00901794433594
Computing right vector (v)
Lookup index found: 3 | Sentence: Olivier Weber writes in | Token:  Weber
Rewrite layer is 8
Tying optimization objective to 27
Recording initial value of v*
loss 9.111 = 9.111 + 0.0 + 0.0 avg prob of [ Italian] 0.0001324258337263018
loss 4.705 = 4.661 + 0.041 + 0.003 avg prob of [ Italian] 0.017424659803509712
loss 1.419 = 1.289 + 0.126 + 0.005 avg prob of [ Italian] 0.29285377264022827
loss 0.325 = 0.28 + 0.039 + 0.005 avg prob of [ Italian] 0.7632651329040527
loss 0.114 = 0.075 + 0.034 + 0.005 avg prob of [ Italian] 0.9295979738235474
loss 0.06 = 0.02 + 0.036 + 0.005 avg prob of [ Italian] 0.9807777404785156
loss 0.045 = 0.006 + 0.034 + 0.005 avg prob of [ Italian] 0.9938195943832397
Init norm 71.52410125732422 | Delta norm 53.643070220947266 | Target norm 87.41566467285156
Computing right vector (v)
Lookup index found: 5 | Sentence: Mulheres de Areia from | Token: ia
Rewrite layer is 8
Tying optimization objective to 27
Recording initial value of v*
loss 8.341 = 8.341 + 0.0 + 0.0 avg prob of [ Australia] 0.0002769532147794962
loss 4.873 = 4.829 + 0.041 + 0.003 avg prob of [ Australia] 0.010985004715621471
loss 2.192 = 2.101 + 0.087 + 0.005 avg prob of [ Australia] 0.13051967322826385
loss 0.851 = 0.774 + 0.073 + 0.005 avg prob of [ Australia] 0.46593111753463745
loss 0.195 = 0.124 + 0.066 + 0.005 avg prob of [ Australia] 0.883786678314209
loss 0.098 = 0.036 + 0.057 + 0.005 avg prob of [ Australia] 0.9649718999862671
loss 0.069 = 0.017 + 0.047 + 0.005 avg prob of [ Australia] 0.9835352301597595
loss 0.05 = 0.01 + 0.036 + 0.005 avg prob of [ Australia] 0.9902812242507935
loss 0.035 = 0.007 + 0.023 + 0.005 avg prob of [ Australia] 0.9933584928512573
Init norm 73.96280670166016 | Delta norm 55.47210693359375 | Target norm 91.91162872314453
Computing right vector (v)
Lookup index found: 7 | Sentence: The domain of work of Abraham Maslow is | Token: low
Rewrite layer is 8
Tying optimization objective to 27
Recording initial value of v*
loss 10.034 = 10.034 + 0.0 + 0.0 avg prob of [ physics] 4.98908048029989e-05
loss 5.287 = 5.273 + 0.012 + 0.002 avg prob of [ physics] 0.011851723305881023
loss 2.224 = 2.213 + 0.008 + 0.003 avg prob of [ physics] 0.16033585369586945
loss 0.938 = 0.927 + 0.007 + 0.004 avg prob of [ physics] 0.438397616147995
loss 0.368 = 0.357 + 0.007 + 0.004 avg prob of [ physics] 0.7101541757583618
loss 0.134 = 0.121 + 0.008 + 0.004 avg prob of [ physics] 0.8870748281478882
loss 0.062 = 0.049 + 0.009 + 0.004 avg prob of [ physics] 0.9526386260986328
loss 0.037 = 0.023 + 0.01 + 0.004 avg prob of [ physics] 0.9773629903793335
Init norm 87.2654037475586 | Delta norm 65.44905090332031 | Target norm 108.65914916992188
Computing right vector (v)
Lookup index found: 9 | Sentence: The profession of Kazimierz Kuratowski is | Token: owski
Rewrite layer is 8
Tying optimization objective to 27
Recording initial value of v*
loss 9.883 = 9.883 + 0.0 + 0.0 avg prob of [ actor] 8.361710933968425e-05
loss 7.957 = 7.944 + 0.01 + 0.003 avg prob of [ actor] 0.0005846219719387591
loss 5.557 = 5.523 + 0.029 + 0.004 avg prob of [ actor] 0.0050518931820988655
loss 2.1 = 2.026 + 0.07 + 0.005 avg prob of [ actor] 0.1392812877893448
loss 0.815 = 0.67 + 0.141 + 0.005 avg prob of [ actor] 0.5227996110916138
loss 0.327 = 0.235 + 0.087 + 0.005 avg prob of [ actor] 0.7938956022262573
loss 0.045 = 0.021 + 0.019 + 0.005 avg prob of [ actor] 0.9793211817741394
Init norm 76.12665557861328 | Delta norm 57.09499740600586 | Target norm 94.2710189819336
Computing right vector (v)
Lookup index found: 6 | Sentence: The location of Charlottenborg Palace is | Token:  Palace
Rewrite layer is 8
Tying optimization objective to 27
Recording initial value of v*
loss 14.724 = 14.724 + 0.0 + 0.0 avg prob of [ Lawrence] 5.491446017913404e-07
loss 11.905 = 11.902 + 0.001 + 0.002 avg prob of [ Lawrence] 7.406319127767347e-06
loss 7.322 = 7.311 + 0.007 + 0.004 avg prob of [ Lawrence] 0.0006895669503137469
loss 2.093 = 2.019 + 0.07 + 0.004 avg prob of [ Lawrence] 0.17244192957878113
loss 0.024 = 0.013 + 0.007 + 0.004 avg prob of [ Lawrence] 0.987434983253479
Init norm 85.15377044677734 | Delta norm 63.865325927734375 | Target norm 105.7177734375
Computing right vector (v)
Lookup index found: 11 | Sentence: S. W. R. D. Bandaranaike is affiliated with the religion | Token: ike
Rewrite layer is 8
Tying optimization objective to 27
Recording initial value of v*
loss 9.069 = 9.069 + 0.0 + 0.0 avg prob of [ Judaism] 0.00013390835374593735
loss 6.893 = 6.866 + 0.024 + 0.003 avg prob of [ Judaism] 0.0011890185996890068
loss 3.451 = 3.41 + 0.036 + 0.004 avg prob of [ Judaism] 0.03819723054766655
loss 0.708 = 0.637 + 0.066 + 0.005 avg prob of [ Judaism] 0.5379394292831421
loss 0.208 = 0.147 + 0.056 + 0.005 avg prob of [ Judaism] 0.8645424842834473
loss 0.068 = 0.04 + 0.024 + 0.005 avg prob of [ Judaism] 0.9610599279403687
loss 0.033 = 0.014 + 0.014 + 0.005 avg prob of [ Judaism] 0.9857172966003418
Init norm 76.17792510986328 | Delta norm 57.133445739746094 | Target norm 94.41761016845703
Computing right vector (v)
Lookup index found: 8 | Sentence: The native language of Ginette Leclerc is | Token: erc
Rewrite layer is 8
Tying optimization objective to 27
Recording initial value of v*
loss 8.426 = 8.426 + 0.0 + 0.0 avg prob of [ Russian] 0.00031104200752452016
loss 5.648 = 5.637 + 0.009 + 0.003 avg prob of [ Russian] 0.0053277029655873775
loss 2.584 = 2.557 + 0.023 + 0.004 avg prob of [ Russian] 0.09227429330348969
loss 1.345 = 1.314 + 0.026 + 0.005 avg prob of [ Russian] 0.28417453169822693
loss 0.943 = 0.913 + 0.026 + 0.005 avg prob of [ Russian] 0.41454991698265076
loss 0.626 = 0.597 + 0.025 + 0.005 avg prob of [ Russian] 0.5619610548019409
loss 0.403 = 0.374 + 0.024 + 0.005 avg prob of [ Russian] 0.6964640021324158
loss 0.266 = 0.237 + 0.024 + 0.005 avg prob of [ Russian] 0.7943128347396851
loss 0.184 = 0.155 + 0.024 + 0.005 avg prob of [ Russian] 0.8592668771743774
loss 0.134 = 0.105 + 0.024 + 0.005 avg prob of [ Russian] 0.901701807975769
loss 0.103 = 0.074 + 0.025 + 0.005 avg prob of [ Russian] 0.9295681715011597
loss 0.083 = 0.054 + 0.025 + 0.005 avg prob of [ Russian] 0.9479853510856628
loss 0.07 = 0.041 + 0.025 + 0.005 avg prob of [ Russian] 0.9603291749954224
loss 0.061 = 0.032 + 0.025 + 0.005 avg prob of [ Russian] 0.9688248634338379
loss 0.055 = 0.025 + 0.025 + 0.005 avg prob of [ Russian] 0.9748987555503845
loss 0.05 = 0.021 + 0.024 + 0.005 avg prob of [ Russian] 0.9794352054595947
loss 0.046 = 0.017 + 0.024 + 0.005 avg prob of [ Russian] 0.982965350151062
Init norm 77.75335693359375 | Delta norm 58.31502151489258 | Target norm 94.96866607666016
Computing right vector (v)
Lookup index found: 5 | Sentence: Albania national football team is a part of the | Token:  team
Rewrite layer is 8
Tying optimization objective to 27
Recording initial value of v*
loss 16.12 = 16.12 + 0.0 + 0.0 avg prob of [ Avengers] 1.3748856986239844e-07
loss 12.791 = 12.768 + 0.02 + 0.003 avg prob of [ Avengers] 3.1566773941449355e-06
loss 10.611 = 10.565 + 0.042 + 0.004 avg prob of [ Avengers] 2.9070906748529524e-05
loss 4.657 = 4.614 + 0.038 + 0.005 avg prob of [ Avengers] 0.015338988974690437
loss 0.801 = 0.712 + 0.084 + 0.005 avg prob of [ Avengers] 0.5286809802055359
loss 0.047 = 0.018 + 0.024 + 0.005 avg prob of [ Avengers] 0.9824882745742798
Init norm 78.610107421875 | Delta norm 58.957584381103516 | Target norm 96.84679412841797
Computing right vector (v)
Lookup index found: 5 | Sentence: The Sharon Cuneta Show, from | Token:  Show
Rewrite layer is 8
Tying optimization objective to 27
Recording initial value of v*
loss 8.571 = 8.571 + 0.0 + 0.0 avg prob of [ Japan] 0.000234637685935013
loss 6.065 = 6.04 + 0.021 + 0.004 avg prob of [ Japan] 0.0025736659299582243
loss 2.579 = 2.529 + 0.045 + 0.006 avg prob of [ Japan] 0.09289487451314926
loss 0.392 = 0.309 + 0.077 + 0.006 avg prob of [ Japan] 0.7411765456199646
loss 0.111 = 0.029 + 0.076 + 0.006 avg prob of [ Japan] 0.9714133739471436
loss 0.042 = 0.009 + 0.028 + 0.006 avg prob of [ Japan] 0.9911147952079773
Init norm 67.28285217285156 | Delta norm 50.46213912963867 | Target norm 82.970458984375
Computing right vector (v)
Lookup index found: 3 | Sentence: Huntingdon County is in | Token:  County
Rewrite layer is 8
Tying optimization objective to 27
Recording initial value of v*
loss 8.187 = 8.187 + 0.0 + 0.0 avg prob of [ Michigan] 0.0005111534846946597
loss 3.935 = 3.916 + 0.016 + 0.003 avg prob of [ Michigan] 0.025639770552515984
loss 1.909 = 1.863 + 0.042 + 0.004 avg prob of [ Michigan] 0.17752991616725922
loss 0.707 = 0.633 + 0.069 + 0.005 avg prob of [ Michigan] 0.5506783723831177
loss 0.3 = 0.217 + 0.078 + 0.005 avg prob of [ Michigan] 0.8081701993942261
loss 0.175 = 0.106 + 0.064 + 0.005 avg prob of [ Michigan] 0.9003407955169678
loss 0.117 = 0.066 + 0.047 + 0.005 avg prob of [ Michigan] 0.9365558624267578
loss 0.087 = 0.047 + 0.036 + 0.005 avg prob of [ Michigan] 0.9542827010154724
loss 0.071 = 0.036 + 0.03 + 0.005 avg prob of [ Michigan] 0.9645993113517761
loss 0.061 = 0.029 + 0.027 + 0.005 avg prob of [ Michigan] 0.9713610410690308
loss 0.054 = 0.024 + 0.025 + 0.005 avg prob of [ Michigan] 0.9761516451835632
loss 0.049 = 0.021 + 0.024 + 0.005 avg prob of [ Michigan] 0.9797279834747314
Init norm 78.34580993652344 | Delta norm 58.759361267089844 | Target norm 99.16283416748047
Computing right vector (v)
Lookup index found: 4 | Sentence: Which position does Warren Sapp play? They play as | Token:  Sapp
Rewrite layer is 8
Tying optimization objective to 27
Recording initial value of v*
loss 10.771 = 10.771 + 0.0 + 0.0 avg prob of [ midfielder] 3.0268765840446576e-05
loss 7.052 = 7.042 + 0.008 + 0.002 avg prob of [ midfielder] 0.0017628477653488517
loss 4.868 = 4.852 + 0.013 + 0.003 avg prob of [ midfielder] 0.015008254908025265
loss 2.807 = 2.783 + 0.02 + 0.004 avg prob of [ midfielder] 0.07158076763153076
loss 1.71 = 1.68 + 0.026 + 0.004 avg prob of [ midfielder] 0.19916877150535583
loss 0.782 = 0.749 + 0.03 + 0.004 avg prob of [ midfielder] 0.4875870943069458
loss 0.316 = 0.283 + 0.029 + 0.004 avg prob of [ midfielder] 0.7577375769615173
loss 0.144 = 0.116 + 0.025 + 0.004 avg prob of [ midfielder] 0.8914523124694824
loss 0.079 = 0.055 + 0.021 + 0.004 avg prob of [ midfielder] 0.9470081329345703
loss 0.052 = 0.029 + 0.019 + 0.004 avg prob of [ midfielder] 0.9714936017990112
loss 0.039 = 0.017 + 0.019 + 0.004 avg prob of [ midfielder] 0.9834701418876648
Init norm 96.54689025878906 | Delta norm 72.41017150878906 | Target norm 118.42579650878906
Computing right vector (v)
Lookup index found: 4 | Sentence: A. N. Wilson speaks the language | Token:  Wilson
Rewrite layer is 8
Tying optimization objective to 27
Recording initial value of v*
loss 14.62 = 14.62 + 0.0 + 0.0 avg prob of [ Finnish] 5.872645942872623e-07
loss 11.349 = 11.34 + 0.006 + 0.003 avg prob of [ Finnish] 1.3876036973670125e-05
loss 8.201 = 8.185 + 0.011 + 0.005 avg prob of [ Finnish] 0.00038102088728919625
loss 3.411 = 3.393 + 0.013 + 0.005 avg prob of [ Finnish] 0.05049377307295799
loss 0.598 = 0.566 + 0.027 + 0.005 avg prob of [ Finnish] 0.5987473726272583
loss 0.136 = 0.054 + 0.077 + 0.005 avg prob of [ Finnish] 0.9492745399475098
loss 0.061 = 0.012 + 0.043 + 0.005 avg prob of [ Finnish] 0.9879064559936523
loss 0.041 = 0.005 + 0.03 + 0.005 avg prob of [ Finnish] 0.9946086406707764
Init norm 71.53348541259766 | Delta norm 53.65011978149414 | Target norm 87.47211456298828
Computing right vector (v)
Lookup index found: 2 | Sentence: Brad Silverberg is employed by | Token: berg
Rewrite layer is 8
Tying optimization objective to 27
Recording initial value of v*
loss 5.777 = 5.777 + 0.0 + 0.0 avg prob of [ IBM] 0.006405975203961134
loss 1.476 = 1.438 + 0.035 + 0.003 avg prob of [ IBM] 0.2802976667881012
loss 0.064 = 0.019 + 0.041 + 0.005 avg prob of [ IBM] 0.9817937612533569
loss 0.032 = 0.005 + 0.023 + 0.005 avg prob of [ IBM] 0.9954944849014282
Init norm 72.05083465576172 | Delta norm 54.038124084472656 | Target norm 89.45972442626953
Computing right vector (v)
Lookup index found: 1 | Sentence: India Hicks was born in | Token:  Hicks
Rewrite layer is 8
Tying optimization objective to 27
Recording initial value of v*
loss 6.612 = 6.612 + 0.0 + 0.0 avg prob of [ Bristol] 0.0015565817011520267
loss 4.388 = 4.363 + 0.023 + 0.002 avg prob of [ Bristol] 0.013067143969237804
loss 0.943 = 0.904 + 0.035 + 0.004 avg prob of [ Bristol] 0.4562927186489105
loss 0.061 = 0.018 + 0.039 + 0.005 avg prob of [ Bristol] 0.9826433062553406
loss 0.047 = 0.003 + 0.04 + 0.005 avg prob of [ Bristol] 0.9972128868103027
Init norm 81.78488159179688 | Delta norm 61.33866500854492 | Target norm 101.85670471191406
Computing right vector (v)
Lookup index found: 11 | Sentence: Herbert Plumer, 1st Viscount Plumer took up work in | Token: umer
Rewrite layer is 8
Tying optimization objective to 27
Recording initial value of v*
loss 10.592 = 10.592 + 0.0 + 0.0 avg prob of [ Madrid] 2.754795059445314e-05
loss 8.393 = 8.371 + 0.019 + 0.003 avg prob of [ Madrid] 0.00028690052567981184
loss 3.208 = 3.187 + 0.017 + 0.004 avg prob of [ Madrid] 0.05373641848564148
loss 0.209 = 0.184 + 0.02 + 0.005 avg prob of [ Madrid] 0.8335496783256531
loss 0.081 = 0.059 + 0.017 + 0.005 avg prob of [ Madrid] 0.9429244995117188
loss 0.041 = 0.025 + 0.012 + 0.005 avg prob of [ Madrid] 0.9757649898529053
Init norm 77.8804931640625 | Delta norm 58.41036605834961 | Target norm 96.38892364501953
Computing right vector (v)
Lookup index found: 3 | Sentence: Atlee Hammaker plays in the position of | Token: maker
Rewrite layer is 8
Tying optimization objective to 27
Recording initial value of v*
loss 4.477 = 4.477 + 0.0 + 0.0 avg prob of [ quarterback] 0.014399450272321701
loss 2.435 = 2.415 + 0.016 + 0.003 avg prob of [ quarterback] 0.09841960668563843
loss 0.246 = 0.218 + 0.023 + 0.005 avg prob of [ quarterback] 0.8057114481925964
loss 0.102 = 0.069 + 0.027 + 0.005 avg prob of [ quarterback] 0.9336341619491577
loss 0.064 = 0.033 + 0.026 + 0.005 avg prob of [ quarterback] 0.9676322937011719
loss 0.047 = 0.015 + 0.026 + 0.005 avg prob of [ quarterback] 0.9849888682365417
Init norm 68.9097900390625 | Delta norm 51.682342529296875 | Target norm 85.30389404296875
Computing right vector (v)
Lookup index found: 4 | Sentence: Cape Legoupil is located in the continent | Token: il
Rewrite layer is 8
Tying optimization objective to 27
Recording initial value of v*
loss 9.228 = 9.228 + 0.0 + 0.0 avg prob of [ Asia] 0.00013457820750772953
loss 7.383 = 7.355 + 0.025 + 0.003 avg prob of [ Asia] 0.0007189902244135737
loss 4.803 = 4.778 + 0.02 + 0.005 avg prob of [ Asia] 0.01061617024242878
loss 2.953 = 2.931 + 0.017 + 0.005 avg prob of [ Asia] 0.07272990047931671
loss 0.607 = 0.577 + 0.024 + 0.005 avg prob of [ Asia] 0.5897890329360962
loss 0.052 = 0.017 + 0.03 + 0.005 avg prob of [ Asia] 0.9833067655563354
loss 0.039 = 0.007 + 0.026 + 0.005 avg prob of [ Asia] 0.9933942556381226
Init norm 69.05854034423828 | Delta norm 51.793907165527344 | Target norm 84.89791107177734
Computing right vector (v)
Lookup index found: 10 | Sentence: Eustache-Hyacinthe Langlois, a native | Token: is
Rewrite layer is 8
Tying optimization objective to 27
Recording initial value of v*
loss 8.943 = 8.943 + 0.0 + 0.0 avg prob of [ Russian] 0.00014925087452866137
loss 5.971 = 5.964 + 0.004 + 0.003 avg prob of [ Russian] 0.003268929896876216
loss 2.348 = 2.321 + 0.022 + 0.005 avg prob of [ Russian] 0.11176522076129913
loss 1.282 = 1.252 + 0.025 + 0.005 avg prob of [ Russian] 0.2986854016780853
loss 0.348 = 0.326 + 0.016 + 0.005 avg prob of [ Russian] 0.724407434463501
loss 0.095 = 0.079 + 0.011 + 0.005 avg prob of [ Russian] 0.9239134192466736
loss 0.052 = 0.038 + 0.009 + 0.005 avg prob of [ Russian] 0.963183581829071
loss 0.039 = 0.026 + 0.008 + 0.005 avg prob of [ Russian] 0.9746348261833191
Init norm 73.264404296875 | Delta norm 54.94830322265625 | Target norm 91.03646087646484
Computing right vector (v)
Lookup index found: 5 | Sentence: Sportfreunde Stiller was founded in | Token: iller
Rewrite layer is 8
Tying optimization objective to 27
Recording initial value of v*
loss 13.13 = 13.13 + 0.0 + 0.0 avg prob of [ Miami] 2.341721938137198e-06
loss 9.85 = 9.792 + 0.055 + 0.003 avg prob of [ Miami] 8.540847920812666e-05
loss 5.018 = 4.958 + 0.055 + 0.005 avg prob of [ Miami] 0.009042810648679733
loss 1.39 = 1.329 + 0.056 + 0.005 avg prob of [ Miami] 0.2750227451324463
loss 0.277 = 0.214 + 0.058 + 0.005 avg prob of [ Miami] 0.8098984956741333
loss 0.131 = 0.068 + 0.058 + 0.005 avg prob of [ Miami] 0.9348761439323425
loss 0.094 = 0.032 + 0.056 + 0.005 avg prob of [ Miami] 0.968449592590332
loss 0.078 = 0.018 + 0.054 + 0.005 avg prob of [ Miami] 0.9817764163017273
loss 0.07 = 0.012 + 0.052 + 0.005 avg prob of [ Miami] 0.9884154200553894
loss 0.064 = 0.008 + 0.051 + 0.005 avg prob of [ Miami] 0.9921153783798218
loss 0.061 = 0.006 + 0.05 + 0.005 avg prob of [ Miami] 0.994333028793335
loss 0.059 = 0.004 + 0.05 + 0.005 avg prob of [ Miami] 0.9957451820373535
loss 0.058 = 0.003 + 0.049 + 0.005 avg prob of [ Miami] 0.9966912269592285
loss 0.057 = 0.003 + 0.049 + 0.005 avg prob of [ Miami] 0.9973512887954712
loss 0.057 = 0.002 + 0.049 + 0.005 avg prob of [ Miami] 0.9978265762329102
loss 0.056 = 0.002 + 0.049 + 0.005 avg prob of [ Miami] 0.9981781840324402
loss 0.056 = 0.002 + 0.049 + 0.005 avg prob of [ Miami] 0.9984438419342041
loss 0.055 = 0.001 + 0.049 + 0.005 avg prob of [ Miami] 0.998647928237915
loss 0.055 = 0.001 + 0.048 + 0.005 avg prob of [ Miami] 0.9988076090812683
loss 0.055 = 0.001 + 0.048 + 0.005 avg prob of [ Miami] 0.9989337921142578
loss 0.054 = 0.001 + 0.048 + 0.005 avg prob of [ Miami] 0.9990352392196655
loss 0.054 = 0.001 + 0.048 + 0.005 avg prob of [ Miami] 0.9991175532341003
loss 0.054 = 0.001 + 0.047 + 0.005 avg prob of [ Miami] 0.9991855621337891
loss 0.053 = 0.001 + 0.047 + 0.005 avg prob of [ Miami] 0.9992420077323914
loss 0.053 = 0.001 + 0.047 + 0.005 avg prob of [ Miami] 0.9992896318435669
Init norm 68.97441101074219 | Delta norm 51.73080825805664 | Target norm 84.60694122314453
Computing right vector (v)
Lookup index found: 5 | Sentence: The language of The Lesson is | Token: on
Rewrite layer is 8
Tying optimization objective to 27
Recording initial value of v*
loss 8.557 = 8.557 + 0.0 + 0.0 avg prob of [ Italian] 0.0002440494135953486
loss 3.112 = 3.095 + 0.015 + 0.003 avg prob of [ Italian] 0.06960147619247437
loss 0.492 = 0.408 + 0.08 + 0.004 avg prob of [ Italian] 0.6702808141708374
loss 0.046 = 0.007 + 0.034 + 0.005 avg prob of [ Italian] 0.9934141039848328
Init norm 74.21372985839844 | Delta norm 55.66029357910156 | Target norm 91.31514739990234
Computing right vector (v)
Lookup index found: 8 | Sentence: Antoine Perrenot de Granvelle succumbed at | Token: le
Rewrite layer is 8
Tying optimization objective to 27
Recording initial value of v*
loss 11.553 = 11.553 + 0.0 + 0.0 avg prob of [ Ottawa] 9.862498700385913e-06
loss 6.877 = 6.874 + 0.001 + 0.002 avg prob of [ Ottawa] 0.0010673892684280872
loss 2.693 = 2.685 + 0.004 + 0.004 avg prob of [ Ottawa] 0.070531465113163
loss 0.3 = 0.291 + 0.005 + 0.005 avg prob of [ Ottawa] 0.7586081027984619
loss 0.072 = 0.062 + 0.005 + 0.005 avg prob of [ Ottawa] 0.9408230781555176
loss 0.024 = 0.014 + 0.006 + 0.005 avg prob of [ Ottawa] 0.9858298301696777
Init norm 82.26313781738281 | Delta norm 61.69735336303711 | Target norm 101.40436553955078
Computing right vector (v)
Lookup index found: 5 | Sentence: Which position does Garry Unger play? They play as | Token: er
Rewrite layer is 8
Tying optimization objective to 27
Recording initial value of v*
loss 9.816 = 9.816 + 0.0 + 0.0 avg prob of [ pitcher] 6.597331957891583e-05
loss 5.027 = 5.019 + 0.005 + 0.003 avg prob of [ pitcher] 0.011473543010652065
loss 2.655 = 2.595 + 0.056 + 0.004 avg prob of [ pitcher] 0.07757791876792908
loss 0.102 = 0.055 + 0.042 + 0.005 avg prob of [ pitcher] 0.9473209381103516
loss 0.046 = 0.004 + 0.037 + 0.005 avg prob of [ pitcher] 0.9959415197372437
Init norm 74.59486389160156 | Delta norm 55.946144104003906 | Target norm 91.5059585571289
Computing right vector (v)
Lookup index found: 5 | Sentence: Edmond L. Browning holds the title of | Token: ing
Rewrite layer is 8
Tying optimization objective to 27
Recording initial value of v*
loss 11.214 = 11.214 + 0.0 + 0.0 avg prob of [ pope] 2.1221892893663608e-05
loss 2.627 = 2.578 + 0.045 + 0.003 avg prob of [ pope] 0.07863494008779526
loss 0.637 = 0.56 + 0.073 + 0.005 avg prob of [ pope] 0.5763869881629944
loss 0.131 = 0.063 + 0.063 + 0.005 avg prob of [ pope] 0.9389326572418213
loss 0.066 = 0.017 + 0.044 + 0.005 avg prob of [ pope] 0.9832679629325867
loss 0.037 = 0.008 + 0.024 + 0.005 avg prob of [ pope] 0.9923415184020996
Init norm 73.11502838134766 | Delta norm 54.836273193359375 | Target norm 91.20805358886719
Computing right vector (v)
Lookup index found: 5 | Sentence: Bruno Pittermann was employed in | Token: mann
Rewrite layer is 8
Tying optimization objective to 27
Recording initial value of v*
loss 9.431 = 9.431 + 0.0 + 0.0 avg prob of [ Budapest] 0.00010928323899861425
loss 7.463 = 7.456 + 0.004 + 0.003 avg prob of [ Budapest] 0.0009627521503716707
loss 4.377 = 4.361 + 0.011 + 0.005 avg prob of [ Budapest] 0.015199383720755577
loss 2.713 = 2.689 + 0.018 + 0.005 avg prob of [ Budapest] 0.07316463440656662
loss 0.967 = 0.937 + 0.025 + 0.005 avg prob of [ Budapest] 0.41286832094192505
loss 0.184 = 0.126 + 0.053 + 0.005 avg prob of [ Budapest] 0.885228157043457
loss 0.046 = 0.025 + 0.016 + 0.005 avg prob of [ Budapest] 0.9759666919708252
Init norm 69.02238464355469 | Delta norm 51.766788482666016 | Target norm 84.16405487060547
Computing right vector (v)
Lookup index found: 2 | Sentence: Freddie Hubbard plays the | Token:  Hubbard
Rewrite layer is 8
Tying optimization objective to 27
Recording initial value of v*
loss 2.824 = 2.824 + 0.0 + 0.0 avg prob of [ piano] 0.06440088897943497
loss 0.415 = 0.407 + 0.005 + 0.003 avg prob of [ piano] 0.700727641582489
loss 0.073 = 0.058 + 0.011 + 0.004 avg prob of [ piano] 0.944929301738739
loss 0.039 = 0.021 + 0.013 + 0.005 avg prob of [ piano] 0.9788469076156616
Init norm 79.96599578857422 | Delta norm 59.974491119384766 | Target norm 99.54794311523438
Computing right vector (v)
Lookup index found: 2 | Sentence: Dodge Colt, developed by | Token:  Colt
Rewrite layer is 8
Tying optimization objective to 27
Recording initial value of v*
loss 7.394 = 7.394 + 0.0 + 0.0 avg prob of [ Toyota] 0.0012200932251289487
loss 5.154 = 5.136 + 0.016 + 0.002 avg prob of [ Toyota] 0.006925048306584358
loss 2.484 = 2.456 + 0.024 + 0.004 avg prob of [ Toyota] 0.11322544515132904
loss 0.453 = 0.412 + 0.037 + 0.004 avg prob of [ Toyota] 0.6718506813049316
loss 0.114 = 0.068 + 0.041 + 0.004 avg prob of [ Toyota] 0.9348630905151367
loss 0.061 = 0.021 + 0.035 + 0.004 avg prob of [ Toyota] 0.9794068336486816
loss 0.039 = 0.009 + 0.025 + 0.004 avg prob of [ Toyota] 0.990680456161499
Init norm 84.01141357421875 | Delta norm 63.00856018066406 | Target norm 102.43447875976562
Computing right vector (v)
Lookup index found: 2 | Sentence: John Frederick Maurice is originally from | Token:  Maurice
Rewrite layer is 8
Tying optimization objective to 27
Recording initial value of v*
loss 5.87 = 5.87 + 0.0 + 0.0 avg prob of [ Philadelphia] 0.0029319869354367256
loss 5.143 = 5.125 + 0.015 + 0.003 avg prob of [ Philadelphia] 0.00608621072024107
loss 4.533 = 4.51 + 0.018 + 0.005 avg prob of [ Philadelphia] 0.011304661631584167
loss 3.121 = 3.095 + 0.021 + 0.005 avg prob of [ Philadelphia] 0.04729078337550163
loss 1.259 = 1.225 + 0.028 + 0.005 avg prob of [ Philadelphia] 0.30023834109306335
loss 0.449 = 0.406 + 0.038 + 0.005 avg prob of [ Philadelphia] 0.668389081954956
loss 0.167 = 0.116 + 0.046 + 0.005 avg prob of [ Philadelphia] 0.8909620046615601
loss 0.076 = 0.031 + 0.039 + 0.005 avg prob of [ Philadelphia] 0.9693012237548828
loss 0.052 = 0.01 + 0.037 + 0.005 avg prob of [ Philadelphia] 0.9900760054588318
loss 0.045 = 0.004 + 0.035 + 0.005 avg prob of [ Philadelphia] 0.9958792924880981
Init norm 71.84036254882812 | Delta norm 53.88027572631836 | Target norm 87.25740051269531
Computing right vector (v)
Lookup index found: 7 | Sentence: The original language of Vjesnik is | Token: nik
Rewrite layer is 8
Tying optimization objective to 27
Recording initial value of v*
loss 8.276 = 8.276 + 0.0 + 0.0 avg prob of [ Norwegian] 0.0002995956747327
loss 4.954 = 4.906 + 0.045 + 0.003 avg prob of [ Norwegian] 0.014903085306286812
loss 1.634 = 1.567 + 0.062 + 0.005 avg prob of [ Norwegian] 0.25853511691093445
loss 0.555 = 0.49 + 0.06 + 0.005 avg prob of [ Norwegian] 0.6340656280517578
loss 0.229 = 0.169 + 0.055 + 0.005 avg prob of [ Norwegian] 0.8468555808067322
loss 0.127 = 0.072 + 0.05 + 0.005 avg prob of [ Norwegian] 0.9309080839157104
loss 0.089 = 0.037 + 0.047 + 0.005 avg prob of [ Norwegian] 0.96387779712677
loss 0.072 = 0.021 + 0.046 + 0.005 avg prob of [ Norwegian] 0.9794758558273315
loss 0.063 = 0.012 + 0.046 + 0.005 avg prob of [ Norwegian] 0.9880942106246948
loss 0.058 = 0.007 + 0.046 + 0.005 avg prob of [ Norwegian] 0.9931487441062927
loss 0.053 = 0.004 + 0.044 + 0.005 avg prob of [ Norwegian] 0.9959852695465088
loss 0.049 = 0.003 + 0.042 + 0.005 avg prob of [ Norwegian] 0.9974912405014038
Init norm 71.68024444580078 | Delta norm 53.76018524169922 | Target norm 89.5694580078125
Computing right vector (v)
Lookup index found: 11 | Sentence: Poeten og Lillemor og Lotte was created in | Token: otte
Rewrite layer is 8
Tying optimization objective to 27
Recording initial value of v*
loss 9.565 = 9.565 + 0.0 + 0.0 avg prob of [ India] 0.00010402519546914846
loss 7.665 = 7.628 + 0.034 + 0.004 avg prob of [ India] 0.0005903922719880939
loss 5.587 = 5.514 + 0.068 + 0.005 avg prob of [ India] 0.004206542391330004
loss 2.238 = 2.159 + 0.073 + 0.006 avg prob of [ India] 0.11748899519443512
loss 0.797 = 0.721 + 0.071 + 0.006 avg prob of [ India] 0.4978353977203369
loss 0.164 = 0.071 + 0.087 + 0.006 avg prob of [ India] 0.931601881980896
loss 0.093 = 0.012 + 0.075 + 0.006 avg prob of [ India] 0.9877440333366394
loss 0.082 = 0.006 + 0.07 + 0.006 avg prob of [ India] 0.9936864376068115
loss 0.068 = 0.005 + 0.058 + 0.006 avg prob of [ India] 0.9951059818267822
loss 0.06 = 0.004 + 0.05 + 0.006 avg prob of [ India] 0.9958400726318359
loss 0.054 = 0.004 + 0.045 + 0.006 avg prob of [ India] 0.9963544607162476
loss 0.052 = 0.003 + 0.043 + 0.006 avg prob of [ India] 0.9967584013938904
loss 0.05 = 0.003 + 0.041 + 0.006 avg prob of [ India] 0.9970817565917969
Init norm 67.25025939941406 | Delta norm 50.43769454956055 | Target norm 82.44296264648438
Computing right vector (v)
Lookup index found: 7 | Sentence: The language of Solamente Vos was | Token: os
Rewrite layer is 8
Tying optimization objective to 27
Recording initial value of v*
loss 12.987 = 12.987 + 0.0 + 0.0 avg prob of [ Tamil] 2.7199073429073906e-06
loss 11.609 = 11.579 + 0.027 + 0.003 avg prob of [ Tamil] 1.3025331099925097e-05
loss 9.766 = 9.744 + 0.017 + 0.005 avg prob of [ Tamil] 8.74322940944694e-05
loss 7.366 = 7.343 + 0.018 + 0.005 avg prob of [ Tamil] 0.001291763735935092
loss 3.874 = 3.828 + 0.041 + 0.005 avg prob of [ Tamil] 0.053163789212703705
loss 0.663 = 0.579 + 0.079 + 0.005 avg prob of [ Tamil] 0.637055516242981
loss 0.11 = 0.019 + 0.086 + 0.005 avg prob of [ Tamil] 0.9814157485961914
loss 0.064 = 0.009 + 0.05 + 0.005 avg prob of [ Tamil] 0.9914698600769043
loss 0.049 = 0.006 + 0.038 + 0.005 avg prob of [ Tamil] 0.9939526319503784
Init norm 73.12002563476562 | Delta norm 54.840023040771484 | Target norm 87.22689819335938
Computing right vector (v)
Lookup index found: 2 | Sentence: Suntribe was founded in | Token: ribe
Rewrite layer is 8
Tying optimization objective to 27
Recording initial value of v*
loss 8.72 = 8.72 + 0.0 + 0.0 avg prob of [ Philadelphia] 0.00017160148127004504
loss 5.632 = 5.588 + 0.04 + 0.003 avg prob of [ Philadelphia] 0.004132771398872137
loss 1.456 = 1.403 + 0.048 + 0.005 avg prob of [ Philadelphia] 0.2624386250972748
loss 0.141 = 0.065 + 0.07 + 0.005 avg prob of [ Philadelphia] 0.9386606216430664
loss 0.062 = 0.013 + 0.043 + 0.005 avg prob of [ Philadelphia] 0.9868826270103455
loss 0.052 = 0.006 + 0.041 + 0.005 avg prob of [ Philadelphia] 0.9936491847038269
loss 0.048 = 0.004 + 0.039 + 0.005 avg prob of [ Philadelphia] 0.995665431022644
Init norm 68.57316589355469 | Delta norm 51.42987060546875 | Target norm 83.87482452392578
Computing right vector (v)
Lookup index found: 4 | Sentence: Emil Schallopp took up work in | Token: opp
Rewrite layer is 8
Tying optimization objective to 27
Recording initial value of v*
loss 6.83 = 6.83 + 0.0 + 0.0 avg prob of [ Hamburg] 0.0012534577399492264
loss 4.893 = 4.885 + 0.004 + 0.004 avg prob of [ Hamburg] 0.008957426063716412
loss 1.54 = 1.528 + 0.007 + 0.006 avg prob of [ Hamburg] 0.24552962183952332
loss 0.099 = 0.076 + 0.017 + 0.006 avg prob of [ Hamburg] 0.9283120632171631
loss 0.033 = 0.013 + 0.014 + 0.006 avg prob of [ Hamburg] 0.9869510531425476
Init norm 64.4661636352539 | Delta norm 48.34962463378906 | Target norm 80.27786254882812
Computing right vector (v)
Lookup index found: 3 | Sentence: D'elles was written in | Token: es
Rewrite layer is 8
Tying optimization objective to 27
Recording initial value of v*
loss 6.674 = 6.674 + 0.0 + 0.0 avg prob of [ Spanish] 0.0015027280896902084
loss 4.571 = 4.507 + 0.059 + 0.004 avg prob of [ Spanish] 0.015241253189742565
loss 0.927 = 0.817 + 0.104 + 0.006 avg prob of [ Spanish] 0.4607228934764862
loss 0.351 = 0.232 + 0.113 + 0.006 avg prob of [ Spanish] 0.7939114570617676
loss 0.196 = 0.078 + 0.113 + 0.006 avg prob of [ Spanish] 0.9254323840141296
loss 0.131 = 0.03 + 0.095 + 0.006 avg prob of [ Spanish] 0.9704715609550476
loss 0.088 = 0.015 + 0.068 + 0.006 avg prob of [ Spanish] 0.9855952262878418
loss 0.048 = 0.008 + 0.034 + 0.006 avg prob of [ Spanish] 0.9921776652336121
Init norm 65.8663558959961 | Delta norm 49.39976119995117 | Target norm 82.6634750366211
Computing right vector (v)
Lookup index found: 3 | Sentence: John V of Portugal originated from | Token:  Portugal
Rewrite layer is 8
Tying optimization objective to 27
Recording initial value of v*
loss 11.534 = 11.534 + 0.0 + 0.0 avg prob of [ Miami] 1.8203587387688458e-05
loss 8.236 = 8.231 + 0.003 + 0.003 avg prob of [ Miami] 0.00044438731856644154
loss 5.934 = 5.905 + 0.025 + 0.004 avg prob of [ Miami] 0.004803262185305357
loss 2.826 = 2.785 + 0.037 + 0.005 avg prob of [ Miami] 0.07162469625473022
loss 0.898 = 0.846 + 0.047 + 0.005 avg prob of [ Miami] 0.46034741401672363
loss 0.234 = 0.183 + 0.045 + 0.005 avg prob of [ Miami] 0.8352686762809753
loss 0.08 = 0.048 + 0.027 + 0.005 avg prob of [ Miami] 0.9535359144210815
loss 0.029 = 0.015 + 0.009 + 0.005 avg prob of [ Miami] 0.9849820137023926
Init norm 78.01810455322266 | Delta norm 58.51358413696289 | Target norm 92.99882507324219
Computing right vector (v)
Lookup index found: 3 | Sentence: Adeline Software International is headquartered in | Token:  International
Rewrite layer is 8
Tying optimization objective to 27
Recording initial value of v*
loss 7.672 = 7.672 + 0.0 + 0.0 avg prob of [ Seoul] 0.0005190615192987025
loss 4.985 = 4.973 + 0.009 + 0.003 avg prob of [ Seoul] 0.007225533481687307
loss 1.209 = 1.191 + 0.014 + 0.004 avg prob of [ Seoul] 0.31213709712028503
loss 0.369 = 0.346 + 0.018 + 0.005 avg prob of [ Seoul] 0.7093864679336548
loss 0.24 = 0.215 + 0.02 + 0.005 avg prob of [ Seoul] 0.8073397874832153
loss 0.132 = 0.106 + 0.022 + 0.005 avg prob of [ Seoul] 0.9000241160392761
loss 0.08 = 0.052 + 0.023 + 0.005 avg prob of [ Seoul] 0.9490724802017212
loss 0.056 = 0.029 + 0.023 + 0.005 avg prob of [ Seoul] 0.9716875553131104
loss 0.044 = 0.017 + 0.021 + 0.005 avg prob of [ Seoul] 0.9829449653625488
Init norm 75.43011474609375 | Delta norm 56.57258224487305 | Target norm 93.5396728515625
Computing right vector (v)
Lookup index found: 2 | Sentence: Windows Messaging is a product of | Token: aging
Rewrite layer is 8
Tying optimization objective to 27
Recording initial value of v*
loss 6.532 = 6.532 + 0.0 + 0.0 avg prob of [ Apple] 0.001819084631279111
loss 4.563 = 4.526 + 0.034 + 0.003 avg prob of [ Apple] 0.013488510623574257
loss 1.841 = 1.789 + 0.047 + 0.004 avg prob of [ Apple] 0.18279850482940674
loss 0.618 = 0.562 + 0.051 + 0.005 avg prob of [ Apple] 0.5862371921539307
loss 0.252 = 0.197 + 0.05 + 0.005 avg prob of [ Apple] 0.8257761001586914
loss 0.113 = 0.06 + 0.048 + 0.005 avg prob of [ Apple] 0.94210284948349
loss 0.074 = 0.023 + 0.046 + 0.005 avg prob of [ Apple] 0.9776043891906738
loss 0.059 = 0.011 + 0.043 + 0.005 avg prob of [ Apple] 0.9890848994255066
loss 0.051 = 0.006 + 0.04 + 0.005 avg prob of [ Apple] 0.9938461184501648
loss 0.045 = 0.004 + 0.036 + 0.005 avg prob of [ Apple] 0.9961514472961426
Init norm 76.36822509765625 | Delta norm 57.27616882324219 | Target norm 95.34436798095703
Computing right vector (v)
Lookup index found: 3 | Sentence: Thomas Pinault plays in the position of | Token: ult
Rewrite layer is 8
Tying optimization objective to 27
Recording initial value of v*
loss 8.932 = 8.932 + 0.0 + 0.0 avg prob of [ linebacker] 0.0001584301789989695
loss 7.262 = 7.244 + 0.015 + 0.003 avg prob of [ linebacker] 0.0008315533632412553
loss 4.622 = 4.6 + 0.018 + 0.004 avg prob of [ linebacker] 0.011565277352929115
loss 2.968 = 2.937 + 0.026 + 0.005 avg prob of [ linebacker] 0.058963190764188766
loss 1.344 = 1.311 + 0.029 + 0.005 avg prob of [ linebacker] 0.29449519515037537
loss 0.249 = 0.212 + 0.032 + 0.005 avg prob of [ linebacker] 0.8139363527297974
loss 0.063 = 0.026 + 0.032 + 0.005 avg prob of [ linebacker] 0.9742566347122192
loss 0.039 = 0.007 + 0.028 + 0.005 avg prob of [ linebacker] 0.9928338527679443
Init norm 78.88877868652344 | Delta norm 59.16658401489258 | Target norm 95.29193115234375
Computing right vector (v)
Lookup index found: 3 | Sentence: What does Heath Brothers play? They play | Token:  Brothers
Rewrite layer is 8
Tying optimization objective to 27
Recording initial value of v*
loss 10.032 = 10.032 + 0.0 + 0.0 avg prob of [ opera] 5.004311606171541e-05
loss 5.692 = 5.678 + 0.012 + 0.002 avg prob of [ opera] 0.004104013554751873
loss 2.172 = 2.138 + 0.03 + 0.004 avg prob of [ opera] 0.12402646988630295
loss 0.851 = 0.806 + 0.04 + 0.004 avg prob of [ opera] 0.44958409667015076
loss 0.423 = 0.373 + 0.045 + 0.004 avg prob of [ opera] 0.6896401643753052
loss 0.21 = 0.16 + 0.046 + 0.004 avg prob of [ opera] 0.8527037501335144
loss 0.121 = 0.076 + 0.041 + 0.004 avg prob of [ opera] 0.9272505044937134
loss 0.082 = 0.041 + 0.036 + 0.004 avg prob of [ opera] 0.9594286680221558
loss 0.063 = 0.026 + 0.033 + 0.004 avg prob of [ opera] 0.9747523069381714
loss 0.054 = 0.017 + 0.032 + 0.004 avg prob of [ opera] 0.9829537272453308
loss 0.047 = 0.012 + 0.031 + 0.004 avg prob of [ opera] 0.9877761602401733
Init norm 83.66124725341797 | Delta norm 62.74593734741211 | Target norm 102.2041244506836
Computing right vector (v)
Lookup index found: 5 | Sentence: Heinrich von Kleist died in | Token: ist
Rewrite layer is 8
Tying optimization objective to 27
Recording initial value of v*
loss 13.127 = 13.127 + 0.0 + 0.0 avg prob of [ Perth] 2.567204774095444e-06
loss 8.603 = 8.567 + 0.034 + 0.002 avg prob of [ Perth] 0.00023543406859971583
loss 2.302 = 2.293 + 0.006 + 0.003 avg prob of [ Perth] 0.10638327896595001
loss 0.196 = 0.175 + 0.017 + 0.004 avg prob of [ Perth] 0.8403606414794922
loss 0.041 = 0.019 + 0.018 + 0.004 avg prob of [ Perth] 0.9810025095939636
Init norm 84.62236785888672 | Delta norm 63.466773986816406 | Target norm 106.01171875
Computing right vector (v)
Lookup index found: 4 | Sentence: Dominique Joseph Garat worked in the city of | Token: at
Rewrite layer is 8
Tying optimization objective to 27
Recording initial value of v*
loss 9.5 = 9.5 + 0.0 + 0.0 avg prob of [ Stockholm] 8.16888059489429e-05
loss 7.161 = 7.156 + 0.003 + 0.003 avg prob of [ Stockholm] 0.0009787549497559667
loss 4.312 = 4.304 + 0.003 + 0.005 avg prob of [ Stockholm] 0.020609762519598007
loss 1.065 = 1.056 + 0.004 + 0.005 avg prob of [ Stockholm] 0.40050727128982544
loss 0.348 = 0.338 + 0.005 + 0.005 avg prob of [ Stockholm] 0.7289012670516968
loss 0.156 = 0.146 + 0.005 + 0.005 avg prob of [ Stockholm] 0.8699235916137695
loss 0.085 = 0.074 + 0.006 + 0.005 avg prob of [ Stockholm] 0.9304170608520508
loss 0.056 = 0.045 + 0.006 + 0.005 avg prob of [ Stockholm] 0.957061767578125
loss 0.041 = 0.03 + 0.006 + 0.005 avg prob of [ Stockholm] 0.9705401659011841
Init norm 73.38394165039062 | Delta norm 55.037960052490234 | Target norm 91.02233123779297
Computing right vector (v)
Lookup index found: 2 | Sentence: The Ceremony was formulated in | Token: mony
Rewrite layer is 8
Tying optimization objective to 27
Recording initial value of v*
loss 7.729 = 7.729 + 0.0 + 0.0 avg prob of [ Russia] 0.00045567326014861465
loss 4.504 = 4.489 + 0.013 + 0.003 avg prob of [ Russia] 0.01608157530426979
loss 1.998 = 1.982 + 0.012 + 0.004 avg prob of [ Russia] 0.14217577874660492
loss 0.405 = 0.333 + 0.067 + 0.005 avg prob of [ Russia] 0.7204059958457947
loss 0.185 = 0.098 + 0.083 + 0.005 avg prob of [ Russia] 0.9073850512504578
loss 0.131 = 0.045 + 0.081 + 0.005 avg prob of [ Russia] 0.9557926654815674
loss 0.105 = 0.028 + 0.073 + 0.005 avg prob of [ Russia] 0.9724254608154297
loss 0.09 = 0.021 + 0.065 + 0.005 avg prob of [ Russia] 0.9793564677238464
loss 0.082 = 0.018 + 0.059 + 0.005 avg prob of [ Russia] 0.9825754165649414
loss 0.076 = 0.015 + 0.055 + 0.005 avg prob of [ Russia] 0.9847397804260254
loss 0.07 = 0.013 + 0.052 + 0.005 avg prob of [ Russia] 0.9870035648345947
loss 0.063 = 0.011 + 0.047 + 0.005 avg prob of [ Russia] 0.9893163442611694
loss 0.054 = 0.009 + 0.04 + 0.005 avg prob of [ Russia] 0.9913082122802734
loss 0.042 = 0.007 + 0.03 + 0.005 avg prob of [ Russia] 0.9928500056266785
Init norm 78.8097915649414 | Delta norm 59.10734558105469 | Target norm 97.64613342285156
Computing right vector (v)
Lookup index found: 3 | Sentence: Highland Light Infantry is located in | Token:  Infantry
Rewrite layer is 8
Tying optimization objective to 27
Recording initial value of v*
loss 10.405 = 10.405 + 0.0 + 0.0 avg prob of [ Istanbul] 3.244838444516063e-05
loss 5.243 = 5.226 + 0.014 + 0.002 avg prob of [ Istanbul] 0.005892049055546522
loss 1.247 = 1.223 + 0.021 + 0.003 avg prob of [ Istanbul] 0.3033559322357178
loss 0.406 = 0.344 + 0.058 + 0.004 avg prob of [ Istanbul] 0.7121242880821228
loss 0.21 = 0.144 + 0.061 + 0.004 avg prob of [ Istanbul] 0.8664313554763794
loss 0.112 = 0.063 + 0.045 + 0.004 avg prob of [ Istanbul] 0.939123809337616
loss 0.061 = 0.032 + 0.025 + 0.004 avg prob of [ Istanbul] 0.9689492583274841
loss 0.037 = 0.018 + 0.015 + 0.004 avg prob of [ Istanbul] 0.9824390411376953
Init norm 84.55347442626953 | Delta norm 63.41510772705078 | Target norm 104.86641693115234
Computing right vector (v)
Lookup index found: 6 | Sentence: The law in Odessa Oblast declares the language | Token: last
Rewrite layer is 8
Tying optimization objective to 27
Recording initial value of v*
loss 12.832 = 12.832 + 0.0 + 0.0 avg prob of [ Portuguese] 4.327683200244792e-06
loss 10.769 = 10.738 + 0.029 + 0.002 avg prob of [ Portuguese] 2.9303533665370196e-05
loss 9.971 = 9.918 + 0.05 + 0.003 avg prob of [ Portuguese] 6.61808589939028e-05
loss 8.429 = 8.378 + 0.047 + 0.004 avg prob of [ Portuguese] 0.00028487647068686783
loss 5.704 = 5.661 + 0.038 + 0.004 avg prob of [ Portuguese] 0.004203209187835455
loss 1.943 = 1.893 + 0.045 + 0.004 avg prob of [ Portuguese] 0.15925566852092743
loss 0.77 = 0.72 + 0.046 + 0.004 avg prob of [ Portuguese] 0.4906218945980072
loss 0.358 = 0.321 + 0.033 + 0.004 avg prob of [ Portuguese] 0.7271618843078613
loss 0.165 = 0.14 + 0.02 + 0.004 avg prob of [ Portuguese] 0.8697139620780945
loss 0.081 = 0.064 + 0.013 + 0.004 avg prob of [ Portuguese] 0.9381449222564697
loss 0.046 = 0.033 + 0.01 + 0.004 avg prob of [ Portuguese] 0.9678892493247986
Init norm 88.85694122314453 | Delta norm 66.64270782470703 | Target norm 107.38313293457031
Computing right vector (v)
Lookup index found: 3 | Sentence: Windows Media Encoder, a product of | Token: oder
Rewrite layer is 8
Tying optimization objective to 27
Recording initial value of v*
loss 8.658 = 8.658 + 0.0 + 0.0 avg prob of [ IBM] 0.00020392546139191836
loss 5.787 = 5.755 + 0.03 + 0.002 avg prob of [ IBM] 0.00382005306892097
loss 2.88 = 2.818 + 0.059 + 0.003 avg prob of [ IBM] 0.06973573565483093
loss 0.687 = 0.619 + 0.064 + 0.004 avg prob of [ IBM] 0.5527336001396179
loss 0.16 = 0.108 + 0.048 + 0.004 avg prob of [ IBM] 0.8987085223197937
loss 0.065 = 0.019 + 0.042 + 0.004 avg prob of [ IBM] 0.9810928106307983
loss 0.045 = 0.005 + 0.036 + 0.004 avg prob of [ IBM] 0.9950016736984253
Init norm 89.94441986083984 | Delta norm 67.45832061767578 | Target norm 110.85027313232422
Computing right vector (v)
Lookup index found: 2 | Sentence: Lake Vanda belongs to the continent of | Token: anda
Rewrite layer is 8
Tying optimization objective to 27
Recording initial value of v*
loss 4.603 = 4.603 + 0.0 + 0.0 avg prob of [ Asia] 0.017110750079154968
loss 2.012 = 1.989 + 0.02 + 0.003 avg prob of [ Asia] 0.16174975037574768
loss 1.406 = 1.377 + 0.025 + 0.005 avg prob of [ Asia] 0.28658318519592285
loss 0.927 = 0.898 + 0.023 + 0.005 avg prob of [ Asia] 0.43822750449180603
loss 0.696 = 0.672 + 0.019 + 0.005 avg prob of [ Asia] 0.5322902202606201
loss 0.509 = 0.488 + 0.015 + 0.005 avg prob of [ Asia] 0.627983808517456
loss 0.342 = 0.323 + 0.013 + 0.005 avg prob of [ Asia] 0.7319518327713013
loss 0.224 = 0.206 + 0.013 + 0.005 avg prob of [ Asia] 0.817919909954071
loss 0.149 = 0.132 + 0.012 + 0.005 avg prob of [ Asia] 0.8784639835357666
loss 0.104 = 0.087 + 0.012 + 0.005 avg prob of [ Asia] 0.9176186323165894
loss 0.077 = 0.06 + 0.012 + 0.005 avg prob of [ Asia] 0.9423014521598816
loss 0.059 = 0.043 + 0.012 + 0.005 avg prob of [ Asia] 0.9581789970397949
loss 0.048 = 0.032 + 0.012 + 0.005 avg prob of [ Asia] 0.9687199592590332
Init norm 75.20818328857422 | Delta norm 56.406131744384766 | Target norm 91.24008178710938
Computing right vector (v)
Lookup index found: 4 | Sentence: Schofield Barracks is located in | Token: acks
Rewrite layer is 8
Tying optimization objective to 27
Recording initial value of v*
loss 9.188 = 9.188 + 0.0 + 0.0 avg prob of [ Louisiana] 0.0001443037617718801
loss 2.3 = 2.254 + 0.043 + 0.003 avg prob of [ Louisiana] 0.10870569944381714
loss 0.868 = 0.814 + 0.05 + 0.004 avg prob of [ Louisiana] 0.44746503233909607
loss 0.369 = 0.317 + 0.047 + 0.005 avg prob of [ Louisiana] 0.7300305366516113
loss 0.183 = 0.138 + 0.04 + 0.005 avg prob of [ Louisiana] 0.8713659048080444
loss 0.105 = 0.07 + 0.03 + 0.005 avg prob of [ Louisiana] 0.9328283667564392
loss 0.065 = 0.041 + 0.019 + 0.005 avg prob of [ Louisiana] 0.960188090801239
loss 0.044 = 0.026 + 0.012 + 0.005 avg prob of [ Louisiana] 0.973932147026062
Init norm 76.10757446289062 | Delta norm 57.08068084716797 | Target norm 95.18277740478516
Computing right vector (v)
Lookup index found: 3 | Sentence: The Brian Keith Show premieres on | Token:  Show
Rewrite layer is 8
Tying optimization objective to 27
Recording initial value of v*
loss 6.934 = 6.934 + 0.0 + 0.0 avg prob of [ TNT] 0.0010513381566852331
loss 5.194 = 5.185 + 0.007 + 0.003 avg prob of [ TNT] 0.006103443913161755
loss 4.343 = 4.331 + 0.007 + 0.005 avg prob of [ TNT] 0.014206865802407265
loss 2.647 = 2.632 + 0.01 + 0.005 avg prob of [ TNT] 0.0814133882522583
loss 0.435 = 0.404 + 0.025 + 0.005 avg prob of [ TNT] 0.6805093288421631
loss 0.059 = 0.004 + 0.049 + 0.005 avg prob of [ TNT] 0.9955379366874695
loss 0.024 = 0.0 + 0.019 + 0.005 avg prob of [ TNT] 0.9997639656066895
Init norm 72.93278503417969 | Delta norm 54.699588775634766 | Target norm 89.95901489257812
Computing right vector (v)
Lookup index found: 4 | Sentence: Refik Koraltan lost their life at | Token: an
Rewrite layer is 8
Tying optimization objective to 27
Recording initial value of v*
loss 9.317 = 9.317 + 0.0 + 0.0 avg prob of [ Damascus] 0.00011003982945112512
loss 7.025 = 7.011 + 0.01 + 0.004 avg prob of [ Damascus] 0.001292903907597065
loss 3.829 = 3.803 + 0.02 + 0.006 avg prob of [ Damascus] 0.026315001770853996
loss 1.316 = 1.266 + 0.043 + 0.006 avg prob of [ Damascus] 0.29669877886772156
loss 0.098 = 0.017 + 0.076 + 0.006 avg prob of [ Damascus] 0.9836942553520203
loss 0.045 = 0.002 + 0.037 + 0.006 avg prob of [ Damascus] 0.9976739883422852
Init norm 60.877384185791016 | Delta norm 45.658042907714844 | Target norm 74.41838073730469
Computing right vector (v)
Lookup index found: 2 | Sentence: Carosello, formulated in | Token: llo
Rewrite layer is 8
Tying optimization objective to 27
Recording initial value of v*
loss 7.705 = 7.705 + 0.0 + 0.0 avg prob of [ Japan] 0.0006841262802481651
loss 4.674 = 4.652 + 0.019 + 0.003 avg prob of [ Japan] 0.011551262810826302
loss 2.346 = 2.315 + 0.027 + 0.004 avg prob of [ Japan] 0.11184859275817871
loss 0.459 = 0.424 + 0.03 + 0.005 avg prob of [ Japan] 0.6612958908081055
loss 0.129 = 0.094 + 0.03 + 0.005 avg prob of [ Japan] 0.9108511805534363
loss 0.052 = 0.018 + 0.029 + 0.005 avg prob of [ Japan] 0.982456624507904
loss 0.038 = 0.004 + 0.03 + 0.005 avg prob of [ Japan] 0.9961311221122742
Init norm 76.76995086669922 | Delta norm 57.577457427978516 | Target norm 94.76553344726562
Computing right vector (v)
Lookup index found: 2 | Sentence: Manipur is in | Token: ur
Rewrite layer is 8
Tying optimization objective to 27
Recording initial value of v*
loss 15.244 = 15.244 + 0.0 + 0.0 avg prob of [ Antarctica] 6.223468744792626e-07
loss 10.281 = 10.227 + 0.052 + 0.002 avg prob of [ Antarctica] 5.287552994559519e-05
loss 8.835 = 8.78 + 0.051 + 0.004 avg prob of [ Antarctica] 0.0002538079861551523
loss 6.555 = 6.496 + 0.054 + 0.004 avg prob of [ Antarctica] 0.002218747278675437
loss 4.424 = 4.361 + 0.058 + 0.004 avg prob of [ Antarctica] 0.015415556728839874
loss 2.742 = 2.672 + 0.066 + 0.004 avg prob of [ Antarctica] 0.07833446562290192
loss 1.179 = 1.099 + 0.076 + 0.004 avg prob of [ Antarctica] 0.36902642250061035
loss 0.289 = 0.19 + 0.094 + 0.004 avg prob of [ Antarctica] 0.8385650515556335
loss 0.138 = 0.027 + 0.106 + 0.004 avg prob of [ Antarctica] 0.9734216928482056
loss 0.101 = 0.007 + 0.09 + 0.004 avg prob of [ Antarctica] 0.9931179881095886
loss 0.078 = 0.003 + 0.07 + 0.004 avg prob of [ Antarctica] 0.9967021346092224
loss 0.065 = 0.002 + 0.059 + 0.004 avg prob of [ Antarctica] 0.99772709608078
loss 0.058 = 0.002 + 0.052 + 0.004 avg prob of [ Antarctica] 0.9979987144470215
loss 0.053 = 0.002 + 0.046 + 0.004 avg prob of [ Antarctica] 0.9978546500205994
loss 0.049 = 0.003 + 0.042 + 0.004 avg prob of [ Antarctica] 0.9973506331443787
Init norm 84.4679946899414 | Delta norm 63.35099792480469 | Target norm 100.48542022705078
Computing right vector (v)
Lookup index found: 2 | Sentence: House of Representatives is located in | Token:  Representatives
Rewrite layer is 8
Tying optimization objective to 27
Recording initial value of v*
loss 12.177 = 12.177 + 0.0 + 0.0 avg prob of [ Spain] 9.22736398933921e-06
loss 8.19 = 8.179 + 0.009 + 0.002 avg prob of [ Spain] 0.00033791677560657263
loss 7.174 = 7.157 + 0.013 + 0.003 avg prob of [ Spain] 0.0009214041056111455
loss 5.855 = 5.831 + 0.02 + 0.004 avg prob of [ Spain] 0.003446971531957388
loss 4.399 = 4.372 + 0.023 + 0.004 avg prob of [ Spain] 0.015094814822077751
loss 2.812 = 2.776 + 0.031 + 0.004 avg prob of [ Spain] 0.07104947417974472
loss 1.505 = 1.465 + 0.035 + 0.004 avg prob of [ Spain] 0.2550821602344513
loss 0.608 = 0.572 + 0.031 + 0.004 avg prob of [ Spain] 0.5848896503448486
loss 0.22 = 0.191 + 0.025 + 0.004 avg prob of [ Spain] 0.8309116363525391
loss 0.085 = 0.057 + 0.024 + 0.004 avg prob of [ Spain] 0.9450904726982117
loss 0.047 = 0.017 + 0.025 + 0.004 avg prob of [ Spain] 0.9829830527305603
Init norm 88.02720642089844 | Delta norm 66.02040100097656 | Target norm 106.83348083496094
Computing right vector (v)
Lookup index found: 3 | Sentence: Daudi Kabaka, who is a citizen of | Token: aka
Rewrite layer is 8
Tying optimization objective to 27
Recording initial value of v*
loss 9.101 = 9.101 + 0.0 + 0.0 avg prob of [ Poland] 0.00013188927550800145
loss 5.088 = 5.073 + 0.012 + 0.003 avg prob of [ Poland] 0.006456251256167889
loss 1.964 = 1.931 + 0.028 + 0.005 avg prob of [ Poland] 0.15454179048538208
loss 1.039 = 1.012 + 0.022 + 0.005 avg prob of [ Poland] 0.3829212188720703
loss 0.547 = 0.526 + 0.015 + 0.005 avg prob of [ Poland] 0.6083738803863525
loss 0.307 = 0.29 + 0.012 + 0.005 avg prob of [ Poland] 0.7571418285369873
loss 0.185 = 0.17 + 0.01 + 0.005 avg prob of [ Poland] 0.8471664786338806
loss 0.117 = 0.104 + 0.008 + 0.005 avg prob of [ Poland] 0.9028533697128296
loss 0.08 = 0.067 + 0.007 + 0.005 avg prob of [ Poland] 0.9358248710632324
loss 0.058 = 0.046 + 0.007 + 0.005 avg prob of [ Poland] 0.9557411074638367
loss 0.045 = 0.032 + 0.007 + 0.005 avg prob of [ Poland] 0.9685487747192383
Init norm 71.23068237304688 | Delta norm 53.423011779785156 | Target norm 87.391845703125
Computing right vector (v)
Lookup index found: 2 | Sentence: Neon Christ that was founded in | Token:  Christ
Rewrite layer is 8
Tying optimization objective to 27
Recording initial value of v*
loss 5.593 = 5.593 + 0.0 + 0.0 avg prob of [ London] 0.00387998903170228
loss 3.358 = 3.342 + 0.013 + 0.003 avg prob of [ London] 0.037130873650312424
loss 1.595 = 1.572 + 0.019 + 0.004 avg prob of [ London] 0.20812034606933594
loss 0.492 = 0.466 + 0.021 + 0.005 avg prob of [ London] 0.6284348368644714
loss 0.22 = 0.193 + 0.023 + 0.005 avg prob of [ London] 0.8249902725219727
loss 0.111 = 0.082 + 0.024 + 0.005 avg prob of [ London] 0.9209203720092773
loss 0.069 = 0.041 + 0.023 + 0.005 avg prob of [ London] 0.9600071907043457
loss 0.05 = 0.023 + 0.022 + 0.005 avg prob of [ London] 0.9774783849716187
Init norm 78.8197250366211 | Delta norm 59.11479568481445 | Target norm 96.42766571044922
Computing right vector (v)
Lookup index found: 4 | Sentence: Willi Hennig, who is a citizen of | Token: ig
Rewrite layer is 8
Tying optimization objective to 27
Recording initial value of v*
loss 5.595 = 5.595 + 0.0 + 0.0 avg prob of [ Sweden] 0.0038452204316854477
loss 1.216 = 1.207 + 0.005 + 0.003 avg prob of [ Sweden] 0.314197838306427
loss 0.147 = 0.127 + 0.015 + 0.005 avg prob of [ Sweden] 0.8817622661590576
loss 0.113 = 0.089 + 0.019 + 0.005 avg prob of [ Sweden] 0.9157952070236206
loss 0.068 = 0.052 + 0.011 + 0.005 avg prob of [ Sweden] 0.9493269920349121
loss 0.042 = 0.031 + 0.005 + 0.005 avg prob of [ Sweden] 0.9692840576171875
Init norm 71.38092041015625 | Delta norm 53.53569030761719 | Target norm 89.15953826904297
Computing right vector (v)
Lookup index found: 5 | Sentence: The twin city of Sofia is | Token: ia
Rewrite layer is 8
Tying optimization objective to 27
Recording initial value of v*
loss 10.188 = 10.188 + 0.0 + 0.0 avg prob of [ Budapest] 5.6859666074160486e-05
loss 3.274 = 3.229 + 0.043 + 0.002 avg prob of [ Budapest] 0.06249215826392174
loss 1.003 = 0.94 + 0.059 + 0.004 avg prob of [ Budapest] 0.40413331985473633
loss 0.247 = 0.174 + 0.069 + 0.004 avg prob of [ Budapest] 0.8426510095596313
loss 0.127 = 0.047 + 0.075 + 0.004 avg prob of [ Budapest] 0.9545213580131531
loss 0.098 = 0.018 + 0.075 + 0.004 avg prob of [ Budapest] 0.9817162752151489
loss 0.078 = 0.01 + 0.064 + 0.004 avg prob of [ Budapest] 0.9901951551437378
loss 0.064 = 0.006 + 0.054 + 0.004 avg prob of [ Budapest] 0.9936782121658325
loss 0.057 = 0.005 + 0.048 + 0.004 avg prob of [ Budapest] 0.9954086542129517
loss 0.053 = 0.004 + 0.045 + 0.004 avg prob of [ Budapest] 0.9963871240615845
loss 0.05 = 0.003 + 0.042 + 0.004 avg prob of [ Budapest] 0.9969951510429382
Init norm 85.263671875 | Delta norm 63.94775390625 | Target norm 106.03889465332031
Computing right vector (v)
Lookup index found: 3 | Sentence: Sadhu Kokila works as | Token: ila
Rewrite layer is 8
Tying optimization objective to 27
Recording initial value of v*
loss 11.755 = 11.755 + 0.0 + 0.0 avg prob of [ mathematician] 1.101941779779736e-05
loss 9.084 = 9.066 + 0.014 + 0.003 avg prob of [ mathematician] 0.00023547680757474154
loss 4.752 = 4.728 + 0.019 + 0.005 avg prob of [ mathematician] 0.011377720162272453
loss 1.331 = 1.303 + 0.023 + 0.005 avg prob of [ mathematician] 0.29412561655044556
loss 0.212 = 0.175 + 0.032 + 0.005 avg prob of [ mathematician] 0.8442761301994324
loss 0.076 = 0.034 + 0.036 + 0.005 avg prob of [ mathematician] 0.9668673276901245
loss 0.044 = 0.015 + 0.024 + 0.005 avg prob of [ mathematician] 0.9852678179740906
Init norm 70.3698501586914 | Delta norm 52.77738571166992 | Target norm 86.44599914550781
Computing right vector (v)
Lookup index found: 4 | Sentence: The headquarters of Munich Re is in | Token:  Re
Rewrite layer is 8
Tying optimization objective to 27
Recording initial value of v*
loss 12.956 = 12.956 + 0.0 + 0.0 avg prob of [ Tehran] 5.101602255308535e-06
loss 4.705 = 4.667 + 0.036 + 0.002 avg prob of [ Tehran] 0.01189117506146431
loss 0.59 = 0.521 + 0.066 + 0.003 avg prob of [ Tehran] 0.6075253486633301
loss 0.381 = 0.244 + 0.132 + 0.004 avg prob of [ Tehran] 0.7878204584121704
loss 0.211 = 0.078 + 0.129 + 0.004 avg prob of [ Tehran] 0.9259514808654785
loss 0.15 = 0.029 + 0.117 + 0.004 avg prob of [ Tehran] 0.9719235301017761
loss 0.118 = 0.014 + 0.1 + 0.004 avg prob of [ Tehran] 0.9860288500785828
loss 0.094 = 0.009 + 0.081 + 0.004 avg prob of [ Tehran] 0.9913508892059326
loss 0.075 = 0.006 + 0.064 + 0.004 avg prob of [ Tehran] 0.9938310980796814
loss 0.063 = 0.005 + 0.054 + 0.004 avg prob of [ Tehran] 0.9951858520507812
loss 0.059 = 0.004 + 0.051 + 0.004 avg prob of [ Tehran] 0.9960202574729919
loss 0.056 = 0.003 + 0.048 + 0.004 avg prob of [ Tehran] 0.9965914487838745
loss 0.05 = 0.003 + 0.043 + 0.004 avg prob of [ Tehran] 0.9970142245292664
loss 0.044 = 0.003 + 0.037 + 0.004 avg prob of [ Tehran] 0.9973427653312683
Init norm 88.93894958496094 | Delta norm 66.70421600341797 | Target norm 109.93447875976562
Computing right vector (v)
Lookup index found: 5 | Sentence: I'm Your Boogie Man, who plays | Token:  Man
Rewrite layer is 8
Tying optimization objective to 27
Recording initial value of v*
loss 7.057 = 7.057 + 0.0 + 0.0 avg prob of [ jazz] 0.0009167714742943645
loss 5.014 = 5.007 + 0.004 + 0.002 avg prob of [ jazz] 0.007436742540448904
loss 2.832 = 2.82 + 0.008 + 0.004 avg prob of [ jazz] 0.06130576133728027
loss 0.686 = 0.659 + 0.022 + 0.005 avg prob of [ jazz] 0.5214447975158691
loss 0.144 = 0.071 + 0.068 + 0.005 avg prob of [ jazz] 0.9320393800735474
loss 0.047 = 0.022 + 0.021 + 0.005 avg prob of [ jazz] 0.978676438331604
Init norm 81.32677459716797 | Delta norm 60.99507522583008 | Target norm 100.17510223388672
Computing right vector (v)
Lookup index found: 2 | Sentence: Apple A5 was created by | Token: 5
Rewrite layer is 8
Tying optimization objective to 27
Recording initial value of v*
loss 5.315 = 5.315 + 0.0 + 0.0 avg prob of [ Google] 0.00558271910995245
loss 2.809 = 2.742 + 0.064 + 0.003 avg prob of [ Google] 0.08505722135305405
loss 0.562 = 0.455 + 0.102 + 0.005 avg prob of [ Google] 0.6467067003250122
loss 0.346 = 0.243 + 0.097 + 0.006 avg prob of [ Google] 0.7905445098876953
loss 0.215 = 0.121 + 0.089 + 0.006 avg prob of [ Google] 0.8889548778533936
loss 0.151 = 0.063 + 0.082 + 0.006 avg prob of [ Google] 0.939589262008667
loss 0.121 = 0.038 + 0.077 + 0.006 avg prob of [ Google] 0.9631285667419434
loss 0.104 = 0.026 + 0.073 + 0.006 avg prob of [ Google] 0.9747177958488464
loss 0.094 = 0.019 + 0.069 + 0.006 avg prob of [ Google] 0.9811327457427979
loss 0.086 = 0.015 + 0.066 + 0.006 avg prob of [ Google] 0.9851133227348328
loss 0.081 = 0.012 + 0.063 + 0.006 avg prob of [ Google] 0.9878120422363281
loss 0.076 = 0.01 + 0.06 + 0.006 avg prob of [ Google] 0.989760160446167
loss 0.073 = 0.009 + 0.058 + 0.006 avg prob of [ Google] 0.9912296533584595
loss 0.07 = 0.008 + 0.056 + 0.006 avg prob of [ Google] 0.9923725128173828
loss 0.067 = 0.007 + 0.055 + 0.006 avg prob of [ Google] 0.9932823181152344
loss 0.064 = 0.006 + 0.053 + 0.006 avg prob of [ Google] 0.9940182566642761
loss 0.061 = 0.005 + 0.05 + 0.006 avg prob of [ Google] 0.9946185350418091
loss 0.056 = 0.005 + 0.046 + 0.006 avg prob of [ Google] 0.9951051473617554
loss 0.048 = 0.005 + 0.038 + 0.006 avg prob of [ Google] 0.9954892992973328
Init norm 67.89311981201172 | Delta norm 50.919837951660156 | Target norm 85.58247375488281
Computing right vector (v)
Lookup index found: 6 | Sentence: The mother tongue of Anton Nilson is | Token: son
Rewrite layer is 8
Tying optimization objective to 27
Recording initial value of v*
loss 6.065 = 6.065 + 0.0 + 0.0 avg prob of [ French] 0.0037229801528155804
loss 2.733 = 2.651 + 0.079 + 0.003 avg prob of [ French] 0.07137951254844666
loss 1.261 = 1.219 + 0.037 + 0.005 avg prob of [ French] 0.318880558013916
loss 0.593 = 0.57 + 0.018 + 0.005 avg prob of [ French] 0.5864121913909912
loss 0.319 = 0.302 + 0.012 + 0.005 avg prob of [ French] 0.7509269118309021
loss 0.162 = 0.146 + 0.01 + 0.005 avg prob of [ French] 0.8679754137992859
loss 0.075 = 0.06 + 0.009 + 0.005 avg prob of [ French] 0.9420117139816284
loss 0.039 = 0.025 + 0.009 + 0.005 avg prob of [ French] 0.9749986529350281
Init norm 71.11378479003906 | Delta norm 53.33534240722656 | Target norm 88.37821197509766
Computing right vector (v)
Lookup index found: 2 | Sentence: Three Day Road originated in | Token:  Road
Rewrite layer is 8
Tying optimization objective to 27
Recording initial value of v*
loss 4.954 = 4.954 + 0.0 + 0.0 avg prob of [ Australia] 0.007611551787704229
loss 0.876 = 0.722 + 0.151 + 0.003 avg prob of [ Australia] 0.48756879568099976
loss 0.217 = 0.038 + 0.174 + 0.005 avg prob of [ Australia] 0.9625443816184998
loss 0.173 = 0.015 + 0.153 + 0.005 avg prob of [ Australia] 0.9847226142883301
loss 0.114 = 0.009 + 0.1 + 0.005 avg prob of [ Australia] 0.9912676811218262
loss 0.04 = 0.007 + 0.028 + 0.005 avg prob of [ Australia] 0.9928125739097595
Init norm 74.36373901367188 | Delta norm 55.77280807495117 | Target norm 93.07768249511719
Computing right vector (v)
Lookup index found: 4 | Sentence: 2010 Winter Paralympics can be found in | Token: ics
Rewrite layer is 8
Tying optimization objective to 27
Recording initial value of v*
loss 8.274 = 8.274 + 0.0 + 0.0 avg prob of [ Berlin] 0.0003026311460416764
loss 7.011 = 6.921 + 0.088 + 0.002 avg prob of [ Berlin] 0.0011602173326537013
loss 1.568 = 1.522 + 0.042 + 0.003 avg prob of [ Berlin] 0.30909761786460876
loss 0.053 = 0.006 + 0.043 + 0.004 avg prob of [ Berlin] 0.9944297671318054
loss 0.06 = 0.002 + 0.054 + 0.004 avg prob of [ Berlin] 0.9984375238418579
loss 0.049 = 0.001 + 0.043 + 0.004 avg prob of [ Berlin] 0.9990503191947937
Init norm 86.20063781738281 | Delta norm 64.65048217773438 | Target norm 106.36544036865234
Computing right vector (v)
Lookup index found: 2 | Sentence: Wiseton is within | Token: eton
Rewrite layer is 8
Tying optimization objective to 27
Recording initial value of v*
loss 11.475 = 11.475 + 0.0 + 0.0 avg prob of [ Jerusalem] 1.678043008723762e-05
loss 5.526 = 5.489 + 0.034 + 0.003 avg prob of [ Jerusalem] 0.012407081201672554
loss 1.519 = 1.444 + 0.07 + 0.005 avg prob of [ Jerusalem] 0.25191470980644226
loss 0.348 = 0.27 + 0.073 + 0.005 avg prob of [ Jerusalem] 0.7682837843894958
loss 0.098 = 0.023 + 0.07 + 0.005 avg prob of [ Jerusalem] 0.9774278402328491
loss 0.071 = 0.004 + 0.062 + 0.005 avg prob of [ Jerusalem] 0.9963364601135254
loss 0.062 = 0.001 + 0.055 + 0.005 avg prob of [ Jerusalem] 0.9987657070159912
loss 0.06 = 0.001 + 0.054 + 0.005 avg prob of [ Jerusalem] 0.9993616938591003
loss 0.058 = 0.0 + 0.052 + 0.005 avg prob of [ Jerusalem] 0.9995729327201843
loss 0.054 = 0.0 + 0.049 + 0.005 avg prob of [ Jerusalem] 0.9996621608734131
loss 0.052 = 0.0 + 0.046 + 0.005 avg prob of [ Jerusalem] 0.9997024536132812
loss 0.05 = 0.0 + 0.044 + 0.005 avg prob of [ Jerusalem] 0.99972003698349
loss 0.049 = 0.0 + 0.043 + 0.005 avg prob of [ Jerusalem] 0.9997256994247437
Init norm 70.0215072631836 | Delta norm 52.51612854003906 | Target norm 86.34475708007812
Computing right vector (v)
Lookup index found: 2 | Sentence: Wayne Rooney is a professional | Token:  Rooney
Rewrite layer is 8
Tying optimization objective to 27
Recording initial value of v*
loss 2.863 = 2.863 + 0.0 + 0.0 avg prob of [ football] 0.06091706082224846
loss 0.744 = 0.734 + 0.008 + 0.002 avg prob of [ football] 0.4852759838104248
loss 0.123 = 0.1 + 0.02 + 0.003 avg prob of [ football] 0.9055951833724976
loss 0.05 = 0.022 + 0.024 + 0.004 avg prob of [ football] 0.9780125617980957
loss 0.035 = 0.007 + 0.024 + 0.004 avg prob of [ football] 0.9925643801689148
Init norm 89.7197494506836 | Delta norm 67.28981018066406 | Target norm 108.83689880371094
Computing right vector (v)
Lookup index found: 4 | Sentence: Sony NEX-5, produced by | Token: 5
Rewrite layer is 8
Tying optimization objective to 27
Recording initial value of v*
loss 11.894 = 11.894 + 0.0 + 0.0 avg prob of [ Suzuki] 7.86573400546331e-06
loss 9.729 = 9.698 + 0.028 + 0.003 avg prob of [ Suzuki] 7.17904549674131e-05
loss 6.671 = 6.467 + 0.199 + 0.005 avg prob of [ Suzuki] 0.0017850971780717373
loss 3.097 = 2.862 + 0.229 + 0.005 avg prob of [ Suzuki] 0.06181101128458977
loss 0.267 = 0.068 + 0.193 + 0.005 avg prob of [ Suzuki] 0.9349417686462402
loss 0.206 = 0.011 + 0.19 + 0.005 avg prob of [ Suzuki] 0.9889952540397644
loss 0.167 = 0.006 + 0.155 + 0.005 avg prob of [ Suzuki] 0.9938920736312866
loss 0.145 = 0.006 + 0.134 + 0.005 avg prob of [ Suzuki] 0.9941239356994629
loss 0.114 = 0.005 + 0.103 + 0.005 avg prob of [ Suzuki] 0.9945275187492371
loss 0.115 = 0.005 + 0.105 + 0.005 avg prob of [ Suzuki] 0.9951128959655762
loss 0.111 = 0.004 + 0.101 + 0.005 avg prob of [ Suzuki] 0.9959993362426758
loss 0.105 = 0.003 + 0.096 + 0.005 avg prob of [ Suzuki] 0.9969509840011597
loss 0.102 = 0.002 + 0.094 + 0.005 avg prob of [ Suzuki] 0.9977878332138062
loss 0.099 = 0.002 + 0.092 + 0.005 avg prob of [ Suzuki] 0.9984092712402344
loss 0.095 = 0.001 + 0.088 + 0.005 avg prob of [ Suzuki] 0.9987835884094238
loss 0.091 = 0.001 + 0.084 + 0.005 avg prob of [ Suzuki] 0.9989581108093262
loss 0.087 = 0.001 + 0.081 + 0.005 avg prob of [ Suzuki] 0.9989961385726929
loss 0.082 = 0.001 + 0.075 + 0.005 avg prob of [ Suzuki] 0.9989331960678101
loss 0.074 = 0.001 + 0.067 + 0.005 avg prob of [ Suzuki] 0.9987568259239197
loss 0.069 = 0.002 + 0.062 + 0.005 avg prob of [ Suzuki] 0.9984285831451416
loss 0.07 = 0.002 + 0.063 + 0.005 avg prob of [ Suzuki] 0.9980818033218384
loss 0.071 = 0.002 + 0.064 + 0.005 avg prob of [ Suzuki] 0.9981058835983276
loss 0.067 = 0.001 + 0.061 + 0.005 avg prob of [ Suzuki] 0.9985532164573669
loss 0.06 = 0.001 + 0.054 + 0.005 avg prob of [ Suzuki] 0.9990276098251343
loss 0.05 = 0.001 + 0.044 + 0.005 avg prob of [ Suzuki] 0.9993071556091309
Init norm 70.4508285522461 | Delta norm 52.8381233215332 | Target norm 88.08013153076172
Computing right vector (v)
Lookup index found: 0 | Sentence: Nintendo is based in | Token: Nintendo
Rewrite layer is 8
Tying optimization objective to 27
Recording initial value of v*
loss 9.093 = 9.093 + 0.0 + 0.0 avg prob of [ Toronto] 0.0004415666626300663
loss 4.261 = 4.246 + 0.016 + 0.0 avg prob of [ Toronto] 0.05425525829195976
loss 2.767 = 2.73 + 0.037 + 0.0 avg prob of [ Toronto] 0.2845250368118286
loss 2.297 = 2.24 + 0.057 + 0.0 avg prob of [ Toronto] 0.4622196555137634
loss 2.051 = 1.982 + 0.069 + 0.0 avg prob of [ Toronto] 0.5901963114738464
loss 1.89 = 1.815 + 0.075 + 0.0 avg prob of [ Toronto] 0.6818615794181824
loss 1.783 = 1.706 + 0.077 + 0.0 avg prob of [ Toronto] 0.7416703104972839
loss 1.708 = 1.632 + 0.075 + 0.0 avg prob of [ Toronto] 0.776923656463623
loss 1.648 = 1.575 + 0.073 + 0.0 avg prob of [ Toronto] 0.7969287633895874
loss 1.597 = 1.526 + 0.071 + 0.0 avg prob of [ Toronto] 0.8084244728088379
loss 1.551 = 1.481 + 0.071 + 0.0 avg prob of [ Toronto] 0.8152737617492676
loss 1.507 = 1.437 + 0.071 + 0.0 avg prob of [ Toronto] 0.8195423483848572
loss 1.463 = 1.393 + 0.07 + 0.0 avg prob of [ Toronto] 0.8223270177841187
loss 1.418 = 1.35 + 0.068 + 0.0 avg prob of [ Toronto] 0.8242194652557373
loss 1.373 = 1.307 + 0.066 + 0.0 avg prob of [ Toronto] 0.825553297996521
loss 1.328 = 1.264 + 0.065 + 0.0 avg prob of [ Toronto] 0.82652348279953
loss 1.284 = 1.221 + 0.064 + 0.0 avg prob of [ Toronto] 0.8272496461868286
loss 1.241 = 1.178 + 0.063 + 0.0 avg prob of [ Toronto] 0.8278087973594666
loss 1.197 = 1.135 + 0.063 + 0.0 avg prob of [ Toronto] 0.8282520771026611
loss 1.154 = 1.092 + 0.062 + 0.0 avg prob of [ Toronto] 0.8286153674125671
loss 1.112 = 1.05 + 0.062 + 0.0 avg prob of [ Toronto] 0.8289237022399902
loss 1.07 = 1.009 + 0.061 + 0.0 avg prob of [ Toronto] 0.8291978240013123
loss 1.028 = 0.968 + 0.06 + 0.0 avg prob of [ Toronto] 0.8294534087181091
loss 0.987 = 0.927 + 0.06 + 0.0 avg prob of [ Toronto] 0.8297041654586792
loss 0.946 = 0.887 + 0.059 + 0.0 avg prob of [ Toronto] 0.8299630880355835
Init norm 4047.939453125 | Delta norm 214.12802124023438 | Target norm 4056.6171875
Computing right vector (v)
Lookup index found: 3 | Sentence: Shah Alam II follows the religion of | Token:  II
Rewrite layer is 8
Tying optimization objective to 27
Recording initial value of v*
loss 5.806 = 5.806 + 0.0 + 0.0 avg prob of [ Judaism] 0.0035641579888761044
loss 3.016 = 2.99 + 0.022 + 0.004 avg prob of [ Judaism] 0.06125737726688385
loss 1.271 = 1.245 + 0.019 + 0.006 avg prob of [ Judaism] 0.2994043231010437
loss 0.258 = 0.23 + 0.022 + 0.006 avg prob of [ Judaism] 0.7950825691223145
loss 0.122 = 0.101 + 0.015 + 0.006 avg prob of [ Judaism] 0.9037909507751465
loss 0.067 = 0.049 + 0.012 + 0.006 avg prob of [ Judaism] 0.9523454904556274
loss 0.043 = 0.026 + 0.011 + 0.006 avg prob of [ Judaism] 0.9744957685470581
Init norm 65.28337860107422 | Delta norm 48.96253204345703 | Target norm 80.04607391357422
Computing right vector (v)
Lookup index found: 5 | Sentence: Bryshere Y. Gray, who works as | Token:  Gray
Rewrite layer is 8
Tying optimization objective to 27
Recording initial value of v*
loss 13.883 = 13.883 + 0.0 + 0.0 avg prob of [ politician] 1.4864044715068303e-06
loss 9.994 = 9.972 + 0.018 + 0.004 avg prob of [ politician] 5.519632759387605e-05
loss 6.837 = 6.787 + 0.043 + 0.006 avg prob of [ politician] 0.0012688186252489686
loss 2.38 = 2.291 + 0.083 + 0.006 avg prob of [ politician] 0.12115205824375153
loss 0.447 = 0.263 + 0.179 + 0.006 avg prob of [ politician] 0.7899336814880371
loss 0.085 = 0.005 + 0.074 + 0.006 avg prob of [ politician] 0.9950579404830933
loss 0.074 = 0.006 + 0.062 + 0.006 avg prob of [ politician] 0.9936026930809021
loss 0.073 = 0.012 + 0.055 + 0.006 avg prob of [ politician] 0.9879821538925171
loss 0.065 = 0.015 + 0.045 + 0.006 avg prob of [ politician] 0.9854934215545654
loss 0.055 = 0.011 + 0.038 + 0.006 avg prob of [ politician] 0.9889984130859375
loss 0.05 = 0.007 + 0.038 + 0.006 avg prob of [ politician] 0.993105411529541
loss 0.047 = 0.005 + 0.037 + 0.006 avg prob of [ politician] 0.9953634142875671
Init norm 65.22293090820312 | Delta norm 48.91719436645508 | Target norm 78.07111358642578
Computing right vector (v)
Lookup index found: 3 | Sentence: Renault 4CV is produced by | Token: CV
Rewrite layer is 8
Tying optimization objective to 27
Recording initial value of v*
loss 10.919 = 10.919 + 0.0 + 0.0 avg prob of [ Mercury] 2.3228631107485853e-05
loss 9.088 = 9.052 + 0.033 + 0.003 avg prob of [ Mercury] 0.0001302755845244974
loss 6.118 = 6.075 + 0.039 + 0.004 avg prob of [ Mercury] 0.0023352685384452343
loss 2.376 = 2.347 + 0.024 + 0.005 avg prob of [ Mercury] 0.1018248051404953
loss 0.113 = 0.086 + 0.022 + 0.005 avg prob of [ Mercury] 0.918920636177063
loss 0.024 = 0.004 + 0.016 + 0.005 avg prob of [ Mercury] 0.9960584044456482
Init norm 78.81108093261719 | Delta norm 59.10831069946289 | Target norm 96.35980224609375
Computing right vector (v)
Lookup index found: 2 | Sentence: Nicholas II holds the title of | Token:  II
Rewrite layer is 8
Tying optimization objective to 27
Recording initial value of v*
loss 10.152 = 10.152 + 0.0 + 0.0 avg prob of [ cardinal] 5.612451786873862e-05
loss 7.49 = 7.451 + 0.037 + 0.002 avg prob of [ cardinal] 0.0007396778091788292
loss 4.573 = 4.532 + 0.038 + 0.004 avg prob of [ cardinal] 0.01153272669762373
loss 3.457 = 3.4 + 0.052 + 0.005 avg prob of [ cardinal] 0.03481563925743103
loss 2.329 = 2.265 + 0.06 + 0.005 avg prob of [ cardinal] 0.10800393670797348
loss 1.068 = 0.994 + 0.069 + 0.005 avg prob of [ cardinal] 0.38276800513267517
loss 0.307 = 0.224 + 0.079 + 0.005 avg prob of [ cardinal] 0.8052264451980591
loss 0.117 = 0.04 + 0.072 + 0.005 avg prob of [ cardinal] 0.9608469009399414
loss 0.038 = 0.01 + 0.023 + 0.005 avg prob of [ cardinal] 0.9898393154144287
Init norm 80.5898666381836 | Delta norm 60.44239807128906 | Target norm 98.07440948486328
Computing right vector (v)
Lookup index found: 3 | Sentence: Don't Wait Up, who plays | Token:  Up
Rewrite layer is 8
Tying optimization objective to 27
Recording initial value of v*
loss 10.803 = 10.803 + 0.0 + 0.0 avg prob of [ opera] 2.122074511134997e-05
loss 8.108 = 8.078 + 0.027 + 0.003 avg prob of [ opera] 0.0003243300598114729
loss 4.675 = 4.621 + 0.049 + 0.005 avg prob of [ opera] 0.010035826824605465
loss 1.152 = 1.095 + 0.052 + 0.005 avg prob of [ opera] 0.34061139822006226
loss 0.11 = 0.055 + 0.049 + 0.005 avg prob of [ opera] 0.9467713236808777
loss 0.066 = 0.012 + 0.048 + 0.005 avg prob of [ opera] 0.9878569841384888
loss 0.054 = 0.007 + 0.041 + 0.005 avg prob of [ opera] 0.9927158355712891
loss 0.036 = 0.006 + 0.024 + 0.005 avg prob of [ opera] 0.9937758445739746
Init norm 68.21160125732422 | Delta norm 51.15869903564453 | Target norm 84.24259948730469
Computing right vector (v)
Lookup index found: 5 | Sentence: In Canton of Vaud, they understand | Token: aud
Rewrite layer is 8
Tying optimization objective to 27
Recording initial value of v*
loss 12.024 = 12.024 + 0.0 + 0.0 avg prob of [ Finnish] 7.435357474605553e-06
loss 7.83 = 7.783 + 0.044 + 0.003 avg prob of [ Finnish] 0.0009132178383879364
loss 5.036 = 4.987 + 0.045 + 0.004 avg prob of [ Finnish] 0.010806716047227383
loss 2.361 = 2.309 + 0.048 + 0.005 avg prob of [ Finnish] 0.12619706988334656
loss 0.624 = 0.57 + 0.049 + 0.005 avg prob of [ Finnish] 0.5826894640922546
loss 0.172 = 0.117 + 0.05 + 0.005 avg prob of [ Finnish] 0.890514075756073
loss 0.097 = 0.042 + 0.051 + 0.005 avg prob of [ Finnish] 0.959165096282959
loss 0.076 = 0.022 + 0.049 + 0.005 avg prob of [ Finnish] 0.9784971475601196
loss 0.066 = 0.014 + 0.047 + 0.005 avg prob of [ Finnish] 0.9863182902336121
loss 0.061 = 0.01 + 0.047 + 0.005 avg prob of [ Finnish] 0.9903866648674011
loss 0.059 = 0.007 + 0.048 + 0.005 avg prob of [ Finnish] 0.992813766002655
loss 0.058 = 0.006 + 0.048 + 0.005 avg prob of [ Finnish] 0.9943838119506836
loss 0.057 = 0.005 + 0.048 + 0.005 avg prob of [ Finnish] 0.9954729080200195
loss 0.057 = 0.004 + 0.048 + 0.005 avg prob of [ Finnish] 0.9962879419326782
loss 0.056 = 0.003 + 0.048 + 0.005 avg prob of [ Finnish] 0.9969391822814941
loss 0.055 = 0.003 + 0.048 + 0.005 avg prob of [ Finnish] 0.9974770545959473
loss 0.054 = 0.002 + 0.047 + 0.005 avg prob of [ Finnish] 0.9979235529899597
loss 0.053 = 0.002 + 0.047 + 0.005 avg prob of [ Finnish] 0.9982912540435791
loss 0.052 = 0.001 + 0.046 + 0.005 avg prob of [ Finnish] 0.9985930323600769
loss 0.052 = 0.001 + 0.046 + 0.005 avg prob of [ Finnish] 0.998842716217041
loss 0.052 = 0.001 + 0.046 + 0.005 avg prob of [ Finnish] 0.9990543127059937
loss 0.051 = 0.001 + 0.045 + 0.005 avg prob of [ Finnish] 0.9992348551750183
loss 0.05 = 0.001 + 0.045 + 0.005 avg prob of [ Finnish] 0.9993847608566284
loss 0.05 = 0.0 + 0.044 + 0.005 avg prob of [ Finnish] 0.9995017051696777
Init norm 79.85116577148438 | Delta norm 59.88837814331055 | Target norm 97.33983612060547
Computing right vector (v)
Lookup index found: 2 | Sentence: Google Marketing Platform, a product of | Token:  Platform
Rewrite layer is 8
Tying optimization objective to 27
Recording initial value of v*
loss 14.502 = 14.502 + 0.0 + 0.0 avg prob of [ Sega] 8.544925549358595e-07
loss 12.075 = 12.033 + 0.039 + 0.003 avg prob of [ Sega] 7.329843356274068e-06
loss 10.992 = 10.971 + 0.017 + 0.004 avg prob of [ Sega] 1.991922181332484e-05
loss 7.937 = 7.892 + 0.04 + 0.005 avg prob of [ Sega] 0.0005206475034356117
loss 4.122 = 4.055 + 0.062 + 0.005 avg prob of [ Sega] 0.018790096044540405
loss 1.827 = 1.73 + 0.092 + 0.005 avg prob of [ Sega] 0.17833499610424042
loss 0.456 = 0.364 + 0.087 + 0.005 avg prob of [ Sega] 0.69720458984375
loss 0.122 = 0.049 + 0.068 + 0.005 avg prob of [ Sega] 0.9523104429244995
loss 0.076 = 0.013 + 0.058 + 0.005 avg prob of [ Sega] 0.9868769645690918
loss 0.066 = 0.009 + 0.052 + 0.005 avg prob of [ Sega] 0.9907197952270508
loss 0.062 = 0.011 + 0.047 + 0.005 avg prob of [ Sega] 0.9893664717674255
loss 0.06 = 0.011 + 0.044 + 0.005 avg prob of [ Sega] 0.9893109202384949
loss 0.056 = 0.008 + 0.043 + 0.005 avg prob of [ Sega] 0.9923194646835327
loss 0.052 = 0.005 + 0.042 + 0.005 avg prob of [ Sega] 0.9954208731651306
loss 0.049 = 0.003 + 0.041 + 0.005 avg prob of [ Sega] 0.9972904920578003
Init norm 77.74205017089844 | Delta norm 58.306541442871094 | Target norm 93.27930450439453
Computing right vector (v)
Lookup index found: 4 | Sentence: Elliott Brood was from | Token: od
Rewrite layer is 8
Tying optimization objective to 27
Recording initial value of v*
loss 8.384 = 8.384 + 0.0 + 0.0 avg prob of [ Japan] 0.0002466619771439582
loss 4.75 = 4.662 + 0.085 + 0.004 avg prob of [ Japan] 0.01375679299235344
loss 1.417 = 1.344 + 0.068 + 0.005 avg prob of [ Japan] 0.30917325615882874
loss 0.369 = 0.303 + 0.06 + 0.006 avg prob of [ Japan] 0.756385087966919
loss 0.176 = 0.118 + 0.052 + 0.006 avg prob of [ Japan] 0.8911153078079224
loss 0.137 = 0.084 + 0.047 + 0.006 avg prob of [ Japan] 0.9203469157218933
loss 0.112 = 0.064 + 0.043 + 0.006 avg prob of [ Japan] 0.9388384819030762
loss 0.09 = 0.046 + 0.038 + 0.006 avg prob of [ Japan] 0.9549503326416016
loss 0.074 = 0.033 + 0.036 + 0.006 avg prob of [ Japan] 0.96806800365448
loss 0.064 = 0.022 + 0.036 + 0.006 avg prob of [ Japan] 0.9778958559036255
loss 0.058 = 0.015 + 0.037 + 0.006 avg prob of [ Japan] 0.9848666191101074
loss 0.053 = 0.01 + 0.037 + 0.006 avg prob of [ Japan] 0.989646315574646
loss 0.049 = 0.007 + 0.036 + 0.006 avg prob of [ Japan] 0.9928619265556335
Init norm 67.35448455810547 | Delta norm 50.5158576965332 | Target norm 84.43157958984375
Computing right vector (v)
Lookup index found: 7 | Sentence: What is the twin city of San Francisco? It is | Token:  Francisco
Rewrite layer is 8
Tying optimization objective to 27
Recording initial value of v*
loss 8.895 = 8.895 + 0.0 + 0.0 avg prob of [ Madrid] 0.00022579461801797152
loss 6.505 = 6.499 + 0.003 + 0.002 avg prob of [ Madrid] 0.0019312151707708836
loss 4.455 = 4.44 + 0.012 + 0.003 avg prob of [ Madrid] 0.01374757569283247
loss 1.828 = 1.799 + 0.024 + 0.004 avg prob of [ Madrid] 0.1802087426185608
loss 0.343 = 0.314 + 0.024 + 0.004 avg prob of [ Madrid] 0.7349297404289246
loss 0.095 = 0.066 + 0.024 + 0.004 avg prob of [ Madrid] 0.9361127614974976
loss 0.052 = 0.024 + 0.024 + 0.004 avg prob of [ Madrid] 0.9766653776168823
loss 0.038 = 0.011 + 0.022 + 0.004 avg prob of [ Madrid] 0.9886865019798279
Init norm 86.39437103271484 | Delta norm 64.7957763671875 | Target norm 105.17218017578125
Computing right vector (v)
Lookup index found: 6 | Sentence: The twin city of Algiers is | Token: iers
Rewrite layer is 8
Tying optimization objective to 27
Recording initial value of v*
loss 16.147 = 16.147 + 0.0 + 0.0 avg prob of [ Kiev] 1.66873832085912e-07
loss 7.362 = 7.331 + 0.029 + 0.002 avg prob of [ Kiev] 0.0012634950689971447
loss 3.505 = 3.467 + 0.034 + 0.003 avg prob of [ Kiev] 0.038995660841464996
loss 1.417 = 1.374 + 0.039 + 0.004 avg prob of [ Kiev] 0.2692330479621887
loss 0.371 = 0.332 + 0.035 + 0.004 avg prob of [ Kiev] 0.7195393443107605
loss 0.106 = 0.07 + 0.032 + 0.004 avg prob of [ Kiev] 0.9324077367782593
loss 0.057 = 0.024 + 0.029 + 0.004 avg prob of [ Kiev] 0.9766372442245483
loss 0.044 = 0.012 + 0.027 + 0.004 avg prob of [ Kiev] 0.9882596731185913
Init norm 86.37808990478516 | Delta norm 64.7835693359375 | Target norm 107.11727142333984
Computing right vector (v)
Lookup index found: 5 | Sentence: Which position does Josh McCown play? They play as | Token: own
Rewrite layer is 8
Tying optimization objective to 27
Recording initial value of v*
loss 10.614 = 10.614 + 0.0 + 0.0 avg prob of [ midfielder] 2.862515248125419e-05
loss 6.968 = 6.959 + 0.006 + 0.002 avg prob of [ midfielder] 0.0018795328214764595
loss 5.415 = 5.402 + 0.009 + 0.004 avg prob of [ midfielder] 0.009910790249705315
loss 3.361 = 3.344 + 0.013 + 0.004 avg prob of [ midfielder] 0.06730467081069946
loss 1.508 = 1.489 + 0.014 + 0.004 avg prob of [ midfielder] 0.26410460472106934
loss 0.43 = 0.408 + 0.017 + 0.004 avg prob of [ midfielder] 0.672989547252655
loss 0.121 = 0.098 + 0.019 + 0.004 avg prob of [ midfielder] 0.9074074029922485
loss 0.057 = 0.034 + 0.019 + 0.004 avg prob of [ midfielder] 0.9668415784835815
loss 0.039 = 0.017 + 0.018 + 0.004 avg prob of [ midfielder] 0.9834256172180176
Init norm 83.43276977539062 | Delta norm 62.57457733154297 | Target norm 102.72461700439453
Computing right vector (v)
Lookup index found: 1 | Sentence: System Divide, that was created in | Token:  Divide
Rewrite layer is 8
Tying optimization objective to 27
Recording initial value of v*
loss 10.553 = 10.553 + 0.0 + 0.0 avg prob of [ Oslo] 3.370323611306958e-05
loss 8.38 = 8.364 + 0.015 + 0.002 avg prob of [ Oslo] 0.0003603561199270189
loss 3.43 = 3.378 + 0.049 + 0.003 avg prob of [ Oslo] 0.03535579890012741
loss 1.067 = 1.002 + 0.061 + 0.004 avg prob of [ Oslo] 0.37863391637802124
loss 0.192 = 0.117 + 0.071 + 0.004 avg prob of [ Oslo] 0.8900479674339294
loss 0.086 = 0.013 + 0.069 + 0.004 avg prob of [ Oslo] 0.9869678020477295
loss 0.066 = 0.003 + 0.059 + 0.004 avg prob of [ Oslo] 0.9972814321517944
loss 0.057 = 0.001 + 0.052 + 0.004 avg prob of [ Oslo] 0.9990692138671875
loss 0.05 = 0.0 + 0.045 + 0.004 avg prob of [ Oslo] 0.9995386004447937
Init norm 94.65780639648438 | Delta norm 70.99334716796875 | Target norm 116.62601470947266
Computing right vector (v)
Lookup index found: 1 | Sentence: George Best, the | Token:  Best
Rewrite layer is 8
Tying optimization objective to 27
Recording initial value of v*
loss 4.591 = 4.591 + 0.0 + 0.0 avg prob of [ football] 0.011650281958281994
loss 1.193 = 1.169 + 0.022 + 0.002 avg prob of [ football] 0.3162236213684082
loss 0.129 = 0.071 + 0.055 + 0.004 avg prob of [ football] 0.9317032098770142
loss 0.095 = 0.028 + 0.062 + 0.004 avg prob of [ football] 0.9724111557006836
loss 0.073 = 0.02 + 0.049 + 0.004 avg prob of [ football] 0.9804730415344238
loss 0.053 = 0.014 + 0.035 + 0.004 avg prob of [ football] 0.9857659339904785
loss 0.04 = 0.011 + 0.025 + 0.004 avg prob of [ football] 0.9893991947174072
Init norm 86.18008422851562 | Delta norm 64.63506317138672 | Target norm 107.8558349609375
Computing right vector (v)
Lookup index found: 1 | Sentence: Max Wilson was native to | Token:  Wilson
Rewrite layer is 8
Tying optimization objective to 27
Recording initial value of v*
loss 6.714 = 6.714 + 0.0 + 0.0 avg prob of [ Baltimore] 0.0014133439399302006
loss 3.581 = 3.57 + 0.008 + 0.003 avg prob of [ Baltimore] 0.03464718908071518
loss 0.619 = 0.592 + 0.022 + 0.004 avg prob of [ Baltimore] 0.5862393379211426
loss 0.045 = 0.017 + 0.022 + 0.005 avg prob of [ Baltimore] 0.9829296469688416
Init norm 76.73407745361328 | Delta norm 57.550559997558594 | Target norm 93.3992691040039
Computing right vector (v)
Lookup index found: 6 | Sentence: The headquarters of NTUC FairPrice is in | Token: Price
Rewrite layer is 8
Tying optimization objective to 27
Recording initial value of v*
loss 10.829 = 10.829 + 0.0 + 0.0 avg prob of [ Scotland] 3.5140190448146313e-05
loss 2.925 = 2.88 + 0.043 + 0.002 avg prob of [ Scotland] 0.0658240094780922
loss 0.492 = 0.437 + 0.051 + 0.004 avg prob of [ Scotland] 0.657742977142334
loss 0.162 = 0.096 + 0.062 + 0.005 avg prob of [ Scotland] 0.9102993011474609
loss 0.115 = 0.049 + 0.062 + 0.005 avg prob of [ Scotland] 0.9525759220123291
loss 0.095 = 0.031 + 0.059 + 0.005 avg prob of [ Scotland] 0.9691425561904907
loss 0.082 = 0.022 + 0.055 + 0.005 avg prob of [ Scotland] 0.9778293371200562
loss 0.071 = 0.017 + 0.05 + 0.005 avg prob of [ Scotland] 0.9832521677017212
loss 0.062 = 0.013 + 0.045 + 0.005 avg prob of [ Scotland] 0.9869709014892578
loss 0.055 = 0.01 + 0.04 + 0.005 avg prob of [ Scotland] 0.9896623492240906
loss 0.05 = 0.008 + 0.037 + 0.005 avg prob of [ Scotland] 0.9916766881942749
Init norm 80.4153823852539 | Delta norm 60.31154251098633 | Target norm 99.95433807373047
Computing right vector (v)
Lookup index found: 7 | Sentence: Aleksei N. Leontiev's area of work is | Token: iev
Rewrite layer is 8
Tying optimization objective to 27
Recording initial value of v*
loss 9.722 = 9.722 + 0.0 + 0.0 avg prob of [ anatomy] 7.192751218099147e-05
loss 5.277 = 5.266 + 0.007 + 0.003 avg prob of [ anatomy] 0.0071747926995158195
loss 2.065 = 2.047 + 0.014 + 0.004 avg prob of [ anatomy] 0.14453071355819702
loss 0.376 = 0.351 + 0.019 + 0.005 avg prob of [ anatomy] 0.7114289999008179
loss 0.093 = 0.065 + 0.023 + 0.005 avg prob of [ anatomy] 0.9377586245536804
loss 0.045 = 0.016 + 0.024 + 0.005 avg prob of [ anatomy] 0.9838217496871948
Init norm 74.95240020751953 | Delta norm 56.21430587768555 | Target norm 93.17003631591797
Computing right vector (v)
Lookup index found: 5 | Sentence: Which position does Norm Maracle play? They play as | Token: acle
Rewrite layer is 8
Tying optimization objective to 27
Recording initial value of v*
loss 5.762 = 5.762 + 0.0 + 0.0 avg prob of [ quarterback] 0.0036511248908936977
loss 2.796 = 2.763 + 0.03 + 0.003 avg prob of [ quarterback] 0.06975694745779037
loss 0.641 = 0.57 + 0.067 + 0.004 avg prob of [ quarterback] 0.5749238729476929
loss 0.186 = 0.13 + 0.051 + 0.005 avg prob of [ quarterback] 0.879682183265686
loss 0.071 = 0.049 + 0.018 + 0.005 avg prob of [ quarterback] 0.9528383016586304
loss 0.047 = 0.023 + 0.019 + 0.005 avg prob of [ quarterback] 0.9773198962211609
Init norm 77.90556335449219 | Delta norm 58.429176330566406 | Target norm 96.80740356445312
Computing right vector (v)
Lookup index found: 1 | Sentence: Dave Hernandez plays | Token:  Hernandez
Rewrite layer is 8
Tying optimization objective to 27
Recording initial value of v*
loss 6.071 = 6.071 + 0.0 + 0.0 avg prob of [ piano] 0.002746094483882189
loss 4.437 = 4.431 + 0.004 + 0.002 avg prob of [ piano] 0.013799864798784256
loss 3.315 = 3.304 + 0.007 + 0.004 avg prob of [ piano] 0.03922218829393387
loss 2.195 = 2.181 + 0.009 + 0.004 avg prob of [ piano] 0.11598917096853256
loss 1.16 = 1.143 + 0.012 + 0.004 avg prob of [ piano] 0.3263356685638428
loss 0.215 = 0.183 + 0.027 + 0.004 avg prob of [ piano] 0.8389679193496704
loss 0.052 = 0.016 + 0.032 + 0.004 avg prob of [ piano] 0.9844554662704468
loss 0.041 = 0.005 + 0.031 + 0.004 avg prob of [ piano] 0.9946305155754089
Init norm 85.30529022216797 | Delta norm 63.97896194458008 | Target norm 104.45166778564453
Computing right vector (v)
Lookup index found: 6 | Sentence: Sergei Diaghilev's area of work is | Token: v
Rewrite layer is 8
Tying optimization objective to 27
Recording initial value of v*
loss 10.86 = 10.86 + 0.0 + 0.0 avg prob of [ geometry] 1.945316580531653e-05
loss 5.254 = 5.248 + 0.005 + 0.002 avg prob of [ geometry] 0.009098109789192677
loss 2.626 = 2.613 + 0.01 + 0.003 avg prob of [ geometry] 0.0899679884314537
loss 1.156 = 1.14 + 0.012 + 0.004 avg prob of [ geometry] 0.33497628569602966
loss 0.52 = 0.504 + 0.011 + 0.004 avg prob of [ geometry] 0.6138633489608765
loss 0.257 = 0.242 + 0.011 + 0.004 avg prob of [ geometry] 0.7884504199028015
loss 0.138 = 0.123 + 0.011 + 0.004 avg prob of [ geometry] 0.8849517703056335
loss 0.081 = 0.067 + 0.01 + 0.004 avg prob of [ geometry] 0.9355441927909851
loss 0.052 = 0.039 + 0.009 + 0.004 avg prob of [ geometry] 0.9620100259780884
loss 0.036 = 0.024 + 0.008 + 0.004 avg prob of [ geometry] 0.9762908220291138
Init norm 88.99359893798828 | Delta norm 66.74520111083984 | Target norm 110.64158630371094
Computing right vector (v)
Lookup index found: 2 | Sentence: Honorius III, who has the position of | Token:  III
Rewrite layer is 8
Tying optimization objective to 27
Recording initial value of v*
loss 3.714 = 3.714 + 0.0 + 0.0 avg prob of [ bishop] 0.026347605511546135
loss 1.507 = 1.499 + 0.005 + 0.003 avg prob of [ bishop] 0.2531854510307312
loss 0.441 = 0.417 + 0.019 + 0.005 avg prob of [ bishop] 0.6602718830108643
loss 0.223 = 0.198 + 0.019 + 0.005 avg prob of [ bishop] 0.8208867907524109
loss 0.104 = 0.09 + 0.009 + 0.005 avg prob of [ bishop] 0.9144686460494995
loss 0.049 = 0.036 + 0.008 + 0.005 avg prob of [ bishop] 0.9644197225570679
Init norm 73.06208801269531 | Delta norm 54.79656982421875 | Target norm 91.14381408691406
Computing right vector (v)
Lookup index found: 3 | Sentence: Ray Nitschke, the | Token: ke
Rewrite layer is 8
Tying optimization objective to 27
Recording initial value of v*
loss 11.866 = 11.866 + 0.0 + 0.0 avg prob of [ midfielder] 2.0683099137386307e-05
loss 7.59 = 7.577 + 0.01 + 0.003 avg prob of [ midfielder] 0.0007214084034785628
loss 4.481 = 4.392 + 0.083 + 0.005 avg prob of [ midfielder] 0.012913915328681469
loss 3.586 = 3.483 + 0.098 + 0.005 avg prob of [ midfielder] 0.03097887709736824
loss 2.355 = 2.253 + 0.096 + 0.005 avg prob of [ midfielder] 0.10563390702009201
loss 0.881 = 0.78 + 0.095 + 0.005 avg prob of [ midfielder] 0.4610416293144226
loss 0.194 = 0.092 + 0.097 + 0.005 avg prob of [ midfielder] 0.9126659631729126
loss 0.107 = 0.012 + 0.089 + 0.005 avg prob of [ midfielder] 0.9877567291259766
loss 0.076 = 0.004 + 0.067 + 0.005 avg prob of [ midfielder] 0.9963583946228027
loss 0.037 = 0.002 + 0.029 + 0.005 avg prob of [ midfielder] 0.9980173110961914
Init norm 70.09618377685547 | Delta norm 52.57213592529297 | Target norm 84.72897338867188
Computing right vector (v)
Lookup index found: 4 | Sentence: Aberdeen railway station, which was called after | Token:  station
Rewrite layer is 8
Tying optimization objective to 27
Recording initial value of v*
loss 8.001 = 8.001 + 0.0 + 0.0 avg prob of [ London] 0.000339125981554389
loss 5.491 = 5.453 + 0.035 + 0.002 avg prob of [ London] 0.005959588568657637
loss 2.483 = 2.401 + 0.079 + 0.003 avg prob of [ London] 0.11683055013418198
loss 0.433 = 0.339 + 0.09 + 0.004 avg prob of [ London] 0.735705554485321
loss 0.116 = 0.095 + 0.017 + 0.004 avg prob of [ London] 0.9106353521347046
loss 0.048 = 0.038 + 0.005 + 0.004 avg prob of [ London] 0.9623759984970093
Init norm 84.15211486816406 | Delta norm 63.11408615112305 | Target norm 103.34236907958984
Computing right vector (v)
Lookup index found: 5 | Sentence: Franco Zeffirelli found employment in | Token: lli
Rewrite layer is 8
Tying optimization objective to 27
Recording initial value of v*
loss 6.18 = 6.18 + 0.0 + 0.0 avg prob of [ Paris] 0.002386942505836487
loss 2.833 = 2.811 + 0.02 + 0.002 avg prob of [ Paris] 0.06572042405605316
loss 1.365 = 1.338 + 0.024 + 0.003 avg prob of [ Paris] 0.2648929953575134
loss 0.401 = 0.383 + 0.014 + 0.004 avg prob of [ Paris] 0.6840568780899048
loss 0.113 = 0.1 + 0.009 + 0.004 avg prob of [ Paris] 0.9050074815750122
loss 0.05 = 0.039 + 0.006 + 0.004 avg prob of [ Paris] 0.9615063667297363
Init norm 92.52787017822266 | Delta norm 69.3958969116211 | Target norm 116.38068389892578
Computing right vector (v)
Lookup index found: 7 | Sentence: Enric Prat de la Riba speaks | Token: a
Rewrite layer is 8
Tying optimization objective to 27
Recording initial value of v*
loss 9.765 = 9.765 + 0.0 + 0.0 avg prob of [ Dutch] 8.27629555715248e-05
loss 7.818 = 7.809 + 0.006 + 0.003 avg prob of [ Dutch] 0.0005847180727869272
loss 6.175 = 6.156 + 0.014 + 0.005 avg prob of [ Dutch] 0.0025861868634819984
loss 3.766 = 3.715 + 0.046 + 0.005 avg prob of [ Dutch] 0.028672289103269577
loss 1.231 = 1.184 + 0.043 + 0.005 avg prob of [ Dutch] 0.31513839960098267
loss 0.376 = 0.355 + 0.015 + 0.005 avg prob of [ Dutch] 0.7058393955230713
loss 0.085 = 0.065 + 0.015 + 0.005 avg prob of [ Dutch] 0.9374861717224121
loss 0.035 = 0.011 + 0.019 + 0.005 avg prob of [ Dutch] 0.9892966747283936
Init norm 72.21568298339844 | Delta norm 54.16176223754883 | Target norm 87.69817352294922
Computing right vector (v)
Lookup index found: 3 | Sentence: Reto Berra, the | Token: ra
Rewrite layer is 8
Tying optimization objective to 27
Recording initial value of v*
loss 9.975 = 9.975 + 0.0 + 0.0 avg prob of [ midfielder] 0.0001537109346827492
loss 4.128 = 4.105 + 0.019 + 0.003 avg prob of [ midfielder] 0.01742224395275116
loss 0.55 = 0.522 + 0.022 + 0.005 avg prob of [ midfielder] 0.603026807308197
loss 0.059 = 0.027 + 0.026 + 0.005 avg prob of [ midfielder] 0.9730879664421082
loss 0.034 = 0.007 + 0.022 + 0.005 avg prob of [ midfielder] 0.99311363697052
Init norm 69.49711608886719 | Delta norm 52.122840881347656 | Target norm 85.52070617675781
Computing right vector (v)
Lookup index found: 3 | Sentence: Ankara Arena, from | Token:  Arena
Rewrite layer is 8
Tying optimization objective to 27
Recording initial value of v*
loss 8.399 = 8.399 + 0.0 + 0.0 avg prob of [ Google] 0.00036852373159490526
loss 4.979 = 4.926 + 0.05 + 0.003 avg prob of [ Google] 0.011636554263532162
loss 0.827 = 0.707 + 0.116 + 0.004 avg prob of [ Google] 0.548911452293396
loss 0.137 = 0.072 + 0.061 + 0.005 avg prob of [ Google] 0.9319741129875183
loss 0.038 = 0.017 + 0.016 + 0.005 avg prob of [ Google] 0.9836138486862183
Init norm 74.46155548095703 | Delta norm 55.846168518066406 | Target norm 91.4255142211914
Computing right vector (v)
Lookup index found: 3 | Sentence: BBC Radio 5 Live, by | Token:  Live
Rewrite layer is 8
Tying optimization objective to 27
Recording initial value of v*
loss 9.147 = 9.147 + 0.0 + 0.0 avg prob of [ Sony] 0.00016855266585480422
loss 5.121 = 5.084 + 0.034 + 0.002 avg prob of [ Sony] 0.016727909445762634
loss 0.901 = 0.821 + 0.077 + 0.004 avg prob of [ Sony] 0.4672982096672058
loss 0.124 = 0.024 + 0.095 + 0.005 avg prob of [ Sony] 0.9761089086532593
loss 0.093 = 0.005 + 0.084 + 0.005 avg prob of [ Sony] 0.9949381351470947
loss 0.082 = 0.002 + 0.075 + 0.005 avg prob of [ Sony] 0.9979674220085144
loss 0.075 = 0.001 + 0.069 + 0.005 avg prob of [ Sony] 0.9988946914672852
loss 0.07 = 0.001 + 0.065 + 0.005 avg prob of [ Sony] 0.9992822408676147
loss 0.066 = 0.001 + 0.061 + 0.005 avg prob of [ Sony] 0.9994770288467407
loss 0.062 = 0.0 + 0.057 + 0.005 avg prob of [ Sony] 0.9995888471603394
loss 0.059 = 0.0 + 0.054 + 0.005 avg prob of [ Sony] 0.9996603727340698
loss 0.056 = 0.0 + 0.051 + 0.005 avg prob of [ Sony] 0.9997100234031677
loss 0.054 = 0.0 + 0.049 + 0.005 avg prob of [ Sony] 0.999746561050415
loss 0.052 = 0.0 + 0.047 + 0.005 avg prob of [ Sony] 0.9997748136520386
loss 0.05 = 0.0 + 0.045 + 0.005 avg prob of [ Sony] 0.9997970461845398
Init norm 82.61257934570312 | Delta norm 61.959434509277344 | Target norm 101.34978485107422
Computing right vector (v)
Lookup index found: 2 | Sentence: Vortex Comics, whose headquarters are in | Token:  Comics
Rewrite layer is 8
Tying optimization objective to 27
Recording initial value of v*
loss 6.062 = 6.062 + 0.0 + 0.0 avg prob of [ Winnipeg] 0.0024028148036450148
loss 1.969 = 1.956 + 0.011 + 0.002 avg prob of [ Winnipeg] 0.14486128091812134
loss 0.066 = 0.046 + 0.017 + 0.003 avg prob of [ Winnipeg] 0.9556285738945007
loss 0.033 = 0.01 + 0.018 + 0.004 avg prob of [ Winnipeg] 0.9896108508110046
Init norm 87.47013092041016 | Delta norm 65.60260009765625 | Target norm 108.49759674072266
Computing right vector (v)
Lookup index found: 2 | Sentence: Delchev Ridge is located in the continent | Token:  Ridge
Rewrite layer is 8
Tying optimization objective to 27
Recording initial value of v*
loss 6.789 = 6.789 + 0.0 + 0.0 avg prob of [ Europe] 0.001908141653984785
loss 3.621 = 3.605 + 0.013 + 0.003 avg prob of [ Europe] 0.032174818217754364
loss 1.243 = 1.225 + 0.014 + 0.004 avg prob of [ Europe] 0.3147543668746948
loss 0.144 = 0.133 + 0.006 + 0.005 avg prob of [ Europe] 0.8815159797668457
loss 0.016 = 0.003 + 0.007 + 0.005 avg prob of [ Europe] 0.9966548681259155
Init norm 77.55127716064453 | Delta norm 58.1634635925293 | Target norm 96.73057556152344
Computing right vector (v)
Lookup index found: 5 | Sentence: Eduard Dallmann, who holds a citizenship from | Token: mann
Rewrite layer is 8
Tying optimization objective to 27
Recording initial value of v*
loss 8.141 = 8.141 + 0.0 + 0.0 avg prob of [ Singapore] 0.00031059549655765295
loss 4.996 = 4.964 + 0.028 + 0.004 avg prob of [ Singapore] 0.0074042342603206635
loss 0.826 = 0.79 + 0.03 + 0.005 avg prob of [ Singapore] 0.4786655604839325
loss 0.186 = 0.161 + 0.019 + 0.006 avg prob of [ Singapore] 0.8539051413536072
loss 0.045 = 0.028 + 0.01 + 0.006 avg prob of [ Singapore] 0.972113847732544
Init norm 66.20919036865234 | Delta norm 49.656890869140625 | Target norm 82.81893920898438
Computing right vector (v)
Lookup index found: 4 | Sentence: Odise Roshi plays as | Token: oshi
Rewrite layer is 8
Tying optimization objective to 27
Recording initial value of v*
loss 10.702 = 10.702 + 0.0 + 0.0 avg prob of [ pitcher] 3.393282531760633e-05
loss 7.134 = 7.12 + 0.012 + 0.002 avg prob of [ pitcher] 0.002211917657405138
loss 3.076 = 3.038 + 0.034 + 0.003 avg prob of [ pitcher] 0.05989905446767807
loss 1.093 = 1.041 + 0.048 + 0.004 avg prob of [ pitcher] 0.361458957195282
loss 0.186 = 0.141 + 0.041 + 0.004 avg prob of [ pitcher] 0.8697766065597534
loss 0.059 = 0.013 + 0.041 + 0.004 avg prob of [ pitcher] 0.9867137670516968
loss 0.047 = 0.002 + 0.04 + 0.004 avg prob of [ pitcher] 0.9978160262107849
Init norm 83.81185913085938 | Delta norm 62.8588981628418 | Target norm 102.54901885986328
Computing right vector (v)
Lookup index found: 3 | Sentence: Egon Petri used to work in | Token: ri
Rewrite layer is 8
Tying optimization objective to 27
Recording initial value of v*
loss 7.195 = 7.195 + 0.0 + 0.0 avg prob of [ Paris] 0.0007549138972535729
loss 4.4 = 4.389 + 0.007 + 0.003 avg prob of [ Paris] 0.013684095814824104
loss 2.412 = 2.368 + 0.039 + 0.005 avg prob of [ Paris] 0.09700298309326172
loss 0.492 = 0.444 + 0.042 + 0.005 avg prob of [ Paris] 0.6479426622390747
loss 0.154 = 0.123 + 0.026 + 0.005 avg prob of [ Paris] 0.8855485320091248
loss 0.077 = 0.047 + 0.025 + 0.005 avg prob of [ Paris] 0.9545664191246033
loss 0.055 = 0.024 + 0.025 + 0.005 avg prob of [ Paris] 0.9760419726371765
loss 0.047 = 0.017 + 0.025 + 0.005 avg prob of [ Paris] 0.9836587905883789
Init norm 70.39794921875 | Delta norm 52.7984619140625 | Target norm 87.12059020996094
Computing right vector (v)
Lookup index found: 3 | Sentence: Augusto Pinochet speaks the language | Token: ochet
Rewrite layer is 8
Tying optimization objective to 27
Recording initial value of v*
loss 11.314 = 11.314 + 0.0 + 0.0 avg prob of [ French] 2.2972453734837472e-05
loss 6.96 = 6.944 + 0.014 + 0.002 avg prob of [ French] 0.0011252628173679113
loss 2.86 = 2.802 + 0.055 + 0.003 avg prob of [ French] 0.06755444407463074
loss 0.879 = 0.774 + 0.101 + 0.004 avg prob of [ French] 0.47031375765800476
loss 0.171 = 0.074 + 0.092 + 0.004 avg prob of [ French] 0.9286496043205261
loss 0.053 = 0.008 + 0.041 + 0.004 avg prob of [ French] 0.9924359321594238
loss 0.057 = 0.002 + 0.051 + 0.004 avg prob of [ French] 0.9983935356140137
loss 0.052 = 0.001 + 0.048 + 0.004 avg prob of [ French] 0.999311625957489
loss 0.047 = 0.0 + 0.042 + 0.004 avg prob of [ French] 0.9995718002319336
Init norm 89.12834930419922 | Delta norm 66.84626007080078 | Target norm 109.02015686035156
Computing right vector (v)
Lookup index found: 4 | Sentence: Maurice Risch spoke the language | Token: isch
Rewrite layer is 8
Tying optimization objective to 27
Recording initial value of v*
loss 10.462 = 10.462 + 0.0 + 0.0 avg prob of [ Italian] 3.6750912840943784e-05
loss 5.909 = 5.846 + 0.06 + 0.003 avg prob of [ Italian] 0.0053272913210093975
loss 1.364 = 1.27 + 0.09 + 0.005 avg prob of [ Italian] 0.30340877175331116
loss 0.158 = 0.072 + 0.081 + 0.005 avg prob of [ Italian] 0.9348946809768677
loss 0.035 = 0.009 + 0.021 + 0.005 avg prob of [ Italian] 0.9910991191864014
Init norm 70.10166931152344 | Delta norm 52.57624816894531 | Target norm 86.18777465820312
Computing right vector (v)
Lookup index found: 1 | Sentence: Joseph Clay was native to | Token:  Clay
Rewrite layer is 8
Tying optimization objective to 27
Recording initial value of v*
loss 10.8 = 10.8 + 0.0 + 0.0 avg prob of [ Beijing] 3.928005389752798e-05
loss 8.705 = 8.666 + 0.037 + 0.002 avg prob of [ Beijing] 0.0001912822772283107
loss 6.462 = 6.404 + 0.054 + 0.004 avg prob of [ Beijing] 0.002583071356639266
loss 2.398 = 2.304 + 0.09 + 0.005 avg prob of [ Beijing] 0.12891711294651031
loss 0.977 = 0.839 + 0.134 + 0.005 avg prob of [ Beijing] 0.4976864755153656
loss 0.159 = 0.052 + 0.103 + 0.005 avg prob of [ Beijing] 0.9499950408935547
loss 0.103 = 0.01 + 0.088 + 0.005 avg prob of [ Beijing] 0.9896817207336426
loss 0.102 = 0.005 + 0.092 + 0.005 avg prob of [ Beijing] 0.9947256445884705
loss 0.099 = 0.004 + 0.09 + 0.005 avg prob of [ Beijing] 0.9960702657699585
loss 0.091 = 0.003 + 0.083 + 0.005 avg prob of [ Beijing] 0.9966356754302979
loss 0.08 = 0.003 + 0.073 + 0.005 avg prob of [ Beijing] 0.9969868063926697
loss 0.075 = 0.003 + 0.068 + 0.005 avg prob of [ Beijing] 0.9972771406173706
loss 0.074 = 0.002 + 0.067 + 0.005 avg prob of [ Beijing] 0.9975523948669434
loss 0.072 = 0.002 + 0.066 + 0.005 avg prob of [ Beijing] 0.997816264629364
loss 0.07 = 0.002 + 0.063 + 0.005 avg prob of [ Beijing] 0.998062789440155
loss 0.067 = 0.002 + 0.061 + 0.005 avg prob of [ Beijing] 0.9982891082763672
loss 0.065 = 0.002 + 0.059 + 0.005 avg prob of [ Beijing] 0.9984928965568542
loss 0.065 = 0.001 + 0.059 + 0.005 avg prob of [ Beijing] 0.9986715316772461
loss 0.064 = 0.001 + 0.058 + 0.005 avg prob of [ Beijing] 0.9988247752189636
loss 0.063 = 0.001 + 0.058 + 0.005 avg prob of [ Beijing] 0.9989542961120605
loss 0.062 = 0.001 + 0.056 + 0.005 avg prob of [ Beijing] 0.9990636706352234
loss 0.06 = 0.001 + 0.055 + 0.005 avg prob of [ Beijing] 0.99915611743927
loss 0.059 = 0.001 + 0.054 + 0.005 avg prob of [ Beijing] 0.9992353320121765
loss 0.058 = 0.001 + 0.053 + 0.005 avg prob of [ Beijing] 0.9993056058883667
loss 0.057 = 0.001 + 0.051 + 0.005 avg prob of [ Beijing] 0.9993698000907898
Init norm 82.73124694824219 | Delta norm 62.048431396484375 | Target norm 100.42301940917969
Computing right vector (v)
Lookup index found: 2 | Sentence: Windows Installer, developed by | Token: er
Rewrite layer is 8
Tying optimization objective to 27
Recording initial value of v*
loss 7.584 = 7.584 + 0.0 + 0.0 avg prob of [ Apple] 0.0007315800758078694
loss 4.224 = 4.198 + 0.024 + 0.002 avg prob of [ Apple] 0.019685689359903336
loss 1.387 = 1.343 + 0.041 + 0.004 avg prob of [ Apple] 0.3491690158843994
loss 0.522 = 0.473 + 0.045 + 0.004 avg prob of [ Apple] 0.6735026240348816
loss 0.242 = 0.194 + 0.043 + 0.004 avg prob of [ Apple] 0.8418645858764648
loss 0.132 = 0.083 + 0.044 + 0.004 avg prob of [ Apple] 0.9239112734794617
loss 0.089 = 0.04 + 0.044 + 0.004 avg prob of [ Apple] 0.961556077003479
loss 0.07 = 0.023 + 0.043 + 0.004 avg prob of [ Apple] 0.9778820872306824
loss 0.061 = 0.015 + 0.041 + 0.004 avg prob of [ Apple] 0.9854685664176941
loss 0.054 = 0.011 + 0.039 + 0.004 avg prob of [ Apple] 0.9894644021987915
loss 0.049 = 0.008 + 0.037 + 0.004 avg prob of [ Apple] 0.9918243885040283
Init norm 83.77767944335938 | Delta norm 62.83325958251953 | Target norm 105.3415298461914
Computing right vector (v)
Lookup index found: 2 | Sentence: European Physical Society, which is located in | Token:  Society
Rewrite layer is 8
Tying optimization objective to 27
Recording initial value of v*
loss 12.467 = 12.467 + 0.0 + 0.0 avg prob of [ Malaysia] 5.524023436009884e-06
loss 7.056 = 7.022 + 0.032 + 0.003 avg prob of [ Malaysia] 0.0010411228286102414
loss 3.345 = 3.265 + 0.076 + 0.004 avg prob of [ Malaysia] 0.04423336684703827
loss 1.722 = 1.631 + 0.087 + 0.005 avg prob of [ Malaysia] 0.2023373544216156
loss 0.963 = 0.892 + 0.066 + 0.005 avg prob of [ Malaysia] 0.42022380232810974
loss 0.44 = 0.39 + 0.045 + 0.005 avg prob of [ Malaysia] 0.6861013174057007
loss 0.163 = 0.12 + 0.038 + 0.005 avg prob of [ Malaysia] 0.8895546793937683
loss 0.065 = 0.025 + 0.036 + 0.005 avg prob of [ Malaysia] 0.9759714007377625
loss 0.048 = 0.005 + 0.038 + 0.005 avg prob of [ Malaysia] 0.994921088218689
Init norm 78.54606628417969 | Delta norm 58.909549713134766 | Target norm 95.42485809326172
Computing right vector (v)
Lookup index found: 3 | Sentence: The law in Pakistan declares the language | Token:  Pakistan
Rewrite layer is 8
Tying optimization objective to 27
Recording initial value of v*
loss 11.579 = 11.579 + 0.0 + 0.0 avg prob of [ Russian] 1.5822428395040333e-05
loss 7.36 = 7.344 + 0.014 + 0.002 avg prob of [ Russian] 0.000738444912713021
loss 3.819 = 3.784 + 0.032 + 0.003 avg prob of [ Russian] 0.038213759660720825
loss 1.456 = 1.401 + 0.05 + 0.004 avg prob of [ Russian] 0.3116086721420288
loss 0.173 = 0.126 + 0.043 + 0.004 avg prob of [ Russian] 0.8871426582336426
loss 0.042 = 0.002 + 0.035 + 0.004 avg prob of [ Russian] 0.9975548982620239
Init norm 84.9825439453125 | Delta norm 63.73690414428711 | Target norm 104.67329406738281
Computing right vector (v)
Lookup index found: 3 | Sentence: Averroes follows the religion of | Token: es
Rewrite layer is 8
Tying optimization objective to 27
Recording initial value of v*
loss 7.953 = 7.953 + 0.0 + 0.0 avg prob of [ Buddhism] 0.0006094684358686209
loss 3.884 = 3.875 + 0.008 + 0.002 avg prob of [ Buddhism] 0.03182646632194519
loss 1.895 = 1.88 + 0.011 + 0.003 avg prob of [ Buddhism] 0.18807511031627655
loss 0.94 = 0.919 + 0.017 + 0.004 avg prob of [ Buddhism] 0.42324477434158325
loss 0.444 = 0.422 + 0.018 + 0.004 avg prob of [ Buddhism] 0.6645886301994324
loss 0.188 = 0.165 + 0.019 + 0.004 avg prob of [ Buddhism] 0.8499696254730225
loss 0.09 = 0.066 + 0.02 + 0.004 avg prob of [ Buddhism] 0.9361803531646729
loss 0.054 = 0.031 + 0.019 + 0.004 avg prob of [ Buddhism] 0.969385027885437
loss 0.039 = 0.017 + 0.017 + 0.004 avg prob of [ Buddhism] 0.9828869700431824
Init norm 88.99124145507812 | Delta norm 66.7434310913086 | Target norm 110.91854858398438
Computing right vector (v)
Lookup index found: 4 | Sentence: Suzuki GT750 is developed by | Token: 750
Rewrite layer is 8
Tying optimization objective to 27
Recording initial value of v*
loss 3.544 = 3.544 + 0.0 + 0.0 avg prob of [ Honda] 0.030176740139722824
loss 0.291 = 0.265 + 0.024 + 0.003 avg prob of [ Honda] 0.7746284008026123
loss 0.045 = 0.005 + 0.035 + 0.004 avg prob of [ Honda] 0.9949700236320496
Init norm 76.96749114990234 | Delta norm 52.43609619140625 | Target norm 93.46854400634766
Computing right vector (v)
Lookup index found: 2 | Sentence: Dynaco started in | Token: aco
Rewrite layer is 8
Tying optimization objective to 27
Recording initial value of v*
loss 8.975 = 8.975 + 0.0 + 0.0 avg prob of [ Paris] 0.000146259946632199
loss 4.629 = 4.596 + 0.031 + 0.002 avg prob of [ Paris] 0.011986037716269493
loss 1.639 = 1.58 + 0.055 + 0.004 avg prob of [ Paris] 0.2165212333202362
loss 0.308 = 0.222 + 0.081 + 0.005 avg prob of [ Paris] 0.8065779209136963
loss 0.124 = 0.052 + 0.068 + 0.005 avg prob of [ Paris] 0.949950635433197
loss 0.078 = 0.019 + 0.055 + 0.005 avg prob of [ Paris] 0.9813413023948669
loss 0.062 = 0.01 + 0.048 + 0.005 avg prob of [ Paris] 0.9904744029045105
loss 0.054 = 0.006 + 0.044 + 0.005 avg prob of [ Paris] 0.9940623044967651
loss 0.048 = 0.004 + 0.04 + 0.005 avg prob of [ Paris] 0.9957870244979858
Init norm 82.57611083984375 | Delta norm 61.93207931518555 | Target norm 101.33907318115234
Computing right vector (v)
Lookup index found: 5 | Sentence: Papias of Hierapolis is a | Token: apolis
Rewrite layer is 8
Tying optimization objective to 27
Recording initial value of v*
loss 17.143 = 17.143 + 0.0 + 0.0 avg prob of [ Shah] 6.939218621937471e-08
loss 11.095 = 11.09 + 0.003 + 0.002 avg prob of [ Shah] 2.1739488147431985e-05
loss 8.271 = 8.235 + 0.032 + 0.003 avg prob of [ Shah] 0.0003341019619256258
loss 4.994 = 4.907 + 0.082 + 0.004 avg prob of [ Shah] 0.012438247911632061
loss 2.316 = 2.213 + 0.099 + 0.004 avg prob of [ Shah] 0.1645631343126297
loss 0.379 = 0.237 + 0.137 + 0.004 avg prob of [ Shah] 0.8279397487640381
loss 0.038 = 0.004 + 0.03 + 0.004 avg prob of [ Shah] 0.9965254664421082
Init norm 88.10757446289062 | Delta norm 66.08067321777344 | Target norm 105.55784606933594
Computing right vector (v)
Lookup index found: 2 | Sentence: The Yellow Rose was released on | Token:  Rose
Rewrite layer is 8
Tying optimization objective to 27
Recording initial value of v*
loss 8.525 = 8.525 + 0.0 + 0.0 avg prob of [ CBS] 0.00020811412832699716
loss 6.398 = 6.381 + 0.015 + 0.003 avg prob of [ CBS] 0.0017742369091138244
loss 2.565 = 2.537 + 0.024 + 0.004 avg prob of [ CBS] 0.08628612756729126
loss 0.328 = 0.226 + 0.097 + 0.005 avg prob of [ CBS] 0.8000603914260864
loss 0.094 = 0.03 + 0.059 + 0.005 avg prob of [ CBS] 0.9708244204521179
loss 0.02 = 0.007 + 0.009 + 0.005 avg prob of [ CBS] 0.9932106733322144
Init norm 74.71501159667969 | Delta norm 56.0362548828125 | Target norm 93.25186157226562
Computing right vector (v)
Lookup index found: 7 | Sentence: Hyderabad Deccan railway station, located in | Token:  station
Rewrite layer is 8
Tying optimization objective to 27
Recording initial value of v*
loss 14.908 = 14.908 + 0.0 + 0.0 avg prob of [ Finland] 4.353020699454646e-07
loss 11.734 = 11.692 + 0.04 + 0.003 avg prob of [ Finland] 9.919569492922164e-06
loss 6.418 = 6.393 + 0.021 + 0.004 avg prob of [ Finland] 0.001797407865524292
loss 2.672 = 2.637 + 0.03 + 0.005 avg prob of [ Finland] 0.07657098025083542
loss 0.68 = 0.643 + 0.032 + 0.005 avg prob of [ Finland] 0.5293033123016357
loss 0.155 = 0.139 + 0.011 + 0.005 avg prob of [ Finland] 0.870281457901001
loss 0.052 = 0.042 + 0.005 + 0.005 avg prob of [ Finland] 0.9584757685661316
loss 0.027 = 0.018 + 0.005 + 0.005 avg prob of [ Finland] 0.9823412299156189
Init norm 77.90091705322266 | Delta norm 58.425682067871094 | Target norm 95.0628662109375
Computing right vector (v)
Lookup index found: 4 | Sentence: Maurice Clavel is a native speaker of | Token: vel
Rewrite layer is 8
Tying optimization objective to 27
Recording initial value of v*
loss 2.174 = 2.174 + 0.0 + 0.0 avg prob of [ English] 0.12056015431880951
loss 1.266 = 1.25 + 0.014 + 0.003 avg prob of [ English] 0.30519962310791016
loss 1.195 = 1.17 + 0.02 + 0.005 avg prob of [ English] 0.32984140515327454
loss 1.085 = 1.066 + 0.014 + 0.005 avg prob of [ English] 0.3645452857017517
loss 0.904 = 0.887 + 0.012 + 0.005 avg prob of [ English] 0.43290436267852783
loss 0.658 = 0.64 + 0.013 + 0.005 avg prob of [ English] 0.5455542802810669
loss 0.402 = 0.383 + 0.014 + 0.005 avg prob of [ English] 0.6900418996810913
loss 0.185 = 0.167 + 0.013 + 0.005 avg prob of [ English] 0.8477904796600342
loss 0.067 = 0.05 + 0.012 + 0.005 avg prob of [ English] 0.9516918063163757
loss 0.025 = 0.007 + 0.012 + 0.005 avg prob of [ English] 0.9925559759140015
Init norm 72.08242797851562 | Delta norm 54.061824798583984 | Target norm 86.8888168334961
Computing right vector (v)
Lookup index found: 5 | Sentence: Priska Doppmann has a citizenship from | Token: mann
Rewrite layer is 8
Tying optimization objective to 27
Recording initial value of v*
loss 6.547 = 6.547 + 0.0 + 0.0 avg prob of [ Belgium] 0.0015538193983957171
loss 3.695 = 3.686 + 0.005 + 0.004 avg prob of [ Belgium] 0.06039659306406975
loss 1.089 = 1.068 + 0.014 + 0.006 avg prob of [ Belgium] 0.3735799789428711
loss 0.574 = 0.55 + 0.018 + 0.006 avg prob of [ Belgium] 0.5906041264533997
loss 0.23 = 0.208 + 0.016 + 0.006 avg prob of [ Belgium] 0.815017580986023
loss 0.102 = 0.084 + 0.012 + 0.006 avg prob of [ Belgium] 0.9202644228935242
loss 0.058 = 0.04 + 0.012 + 0.006 avg prob of [ Belgium] 0.9612865447998047
loss 0.042 = 0.022 + 0.014 + 0.006 avg prob of [ Belgium] 0.9784097671508789
Init norm 63.487876892089844 | Delta norm 47.61590576171875 | Target norm 78.11430358886719
Computing right vector (v)
Lookup index found: 5 | Sentence: Takuya Ōnishi's occupation is | Token: ishi
Rewrite layer is 8
Tying optimization objective to 27
Recording initial value of v*
loss 6.879 = 6.879 + 0.0 + 0.0 avg prob of [ actor] 0.0013070711866021156
loss 2.209 = 2.202 + 0.004 + 0.003 avg prob of [ actor] 0.13207778334617615
loss 0.492 = 0.478 + 0.01 + 0.004 avg prob of [ actor] 0.623592734336853
loss 0.156 = 0.138 + 0.013 + 0.005 avg prob of [ actor] 0.8721369504928589
loss 0.071 = 0.054 + 0.012 + 0.005 avg prob of [ actor] 0.9472759962081909
loss 0.041 = 0.024 + 0.013 + 0.005 avg prob of [ actor] 0.9767643809318542
Init norm 77.78600311279297 | Delta norm 58.339500427246094 | Target norm 96.84903717041016
Computing right vector (v)
Lookup index found: 9 | Sentence: The original language of The Day I Became a Woman is | Token:  Woman
Rewrite layer is 8
Tying optimization objective to 27
Recording initial value of v*
loss 4.681 = 4.681 + 0.0 + 0.0 avg prob of [ Spanish] 0.016132114455103874
loss 1.151 = 1.145 + 0.005 + 0.002 avg prob of [ Spanish] 0.3972502648830414
loss 0.225 = 0.206 + 0.015 + 0.004 avg prob of [ Spanish] 0.8362583518028259
loss 0.065 = 0.009 + 0.051 + 0.004 avg prob of [ Spanish] 0.9909345507621765
loss 0.021 = 0.004 + 0.012 + 0.004 avg prob of [ Spanish] 0.9957489967346191
Init norm 83.79244232177734 | Delta norm 62.84433364868164 | Target norm 103.47721099853516
Computing right vector (v)
Lookup index found: 5 | Sentence: Sergey Lukyanenko used to work in | Token: enko
Rewrite layer is 8
Tying optimization objective to 27
Recording initial value of v*
loss 10.763 = 10.763 + 0.0 + 0.0 avg prob of [ Hamburg] 2.1683230443159118e-05
loss 7.795 = 7.79 + 0.002 + 0.004 avg prob of [ Hamburg] 0.0004677537363022566
loss 3.73 = 3.714 + 0.011 + 0.006 avg prob of [ Hamburg] 0.02586120367050171
loss 0.484 = 0.465 + 0.013 + 0.006 avg prob of [ Hamburg] 0.6379799842834473
loss 0.052 = 0.03 + 0.016 + 0.006 avg prob of [ Hamburg] 0.9701558947563171
loss 0.028 = 0.006 + 0.016 + 0.006 avg prob of [ Hamburg] 0.9939927458763123
Init norm 64.44086456298828 | Delta norm 48.330650329589844 | Target norm 79.15386199951172
Computing right vector (v)
Lookup index found: 1 | Sentence: Joe Pass, playing the | Token:  Pass
Rewrite layer is 8
Tying optimization objective to 27
Recording initial value of v*
loss 3.284 = 3.284 + 0.0 + 0.0 avg prob of [ piano] 0.04191789776086807
loss 1.856 = 1.832 + 0.021 + 0.003 avg prob of [ piano] 0.2242095172405243
loss 0.274 = 0.209 + 0.06 + 0.005 avg prob of [ piano] 0.8139006495475769
loss 0.18 = 0.109 + 0.066 + 0.005 avg prob of [ piano] 0.8972858190536499
loss 0.135 = 0.065 + 0.065 + 0.005 avg prob of [ piano] 0.937401294708252
loss 0.11 = 0.041 + 0.063 + 0.005 avg prob of [ piano] 0.9596630930900574
loss 0.096 = 0.028 + 0.062 + 0.005 avg prob of [ piano] 0.9720050096511841
loss 0.086 = 0.021 + 0.06 + 0.005 avg prob of [ piano] 0.9794403910636902
loss 0.08 = 0.016 + 0.059 + 0.005 avg prob of [ piano] 0.9843279123306274
loss 0.074 = 0.012 + 0.057 + 0.005 avg prob of [ piano] 0.9877505302429199
loss 0.07 = 0.01 + 0.055 + 0.005 avg prob of [ piano] 0.9902549982070923
loss 0.068 = 0.008 + 0.055 + 0.005 avg prob of [ piano] 0.992146372795105
loss 0.066 = 0.006 + 0.054 + 0.005 avg prob of [ piano] 0.9936082363128662
loss 0.064 = 0.005 + 0.054 + 0.005 avg prob of [ piano] 0.9947554469108582
loss 0.062 = 0.004 + 0.053 + 0.005 avg prob of [ piano] 0.9956619143486023
loss 0.06 = 0.004 + 0.052 + 0.005 avg prob of [ piano] 0.9963776469230652
loss 0.059 = 0.003 + 0.051 + 0.005 avg prob of [ piano] 0.9969404935836792
loss 0.057 = 0.003 + 0.05 + 0.005 avg prob of [ piano] 0.997381329536438
loss 0.056 = 0.002 + 0.048 + 0.005 avg prob of [ piano] 0.9977254867553711
loss 0.053 = 0.002 + 0.046 + 0.005 avg prob of [ piano] 0.9979932308197021
loss 0.051 = 0.002 + 0.044 + 0.005 avg prob of [ piano] 0.998198390007019
loss 0.048 = 0.002 + 0.042 + 0.005 avg prob of [ piano] 0.998349666595459
Init norm 73.18946838378906 | Delta norm 54.8921012878418 | Target norm 91.20050048828125
Computing right vector (v)
Lookup index found: 7 | Sentence: Hanns Heinz Ewers was employed in | Token: ers
Rewrite layer is 8
Tying optimization objective to 27
Recording initial value of v*
loss 7.33 = 7.33 + 0.0 + 0.0 avg prob of [ Paris] 0.0008692736737430096
loss 2.793 = 2.778 + 0.012 + 0.003 avg prob of [ Paris] 0.06717253476381302
loss 0.657 = 0.609 + 0.043 + 0.005 avg prob of [ Paris] 0.5508121848106384
loss 0.118 = 0.105 + 0.008 + 0.005 avg prob of [ Paris] 0.9008626937866211
loss 0.038 = 0.029 + 0.004 + 0.005 avg prob of [ Paris] 0.9715427756309509
Init norm 68.59391021728516 | Delta norm 51.4454345703125 | Target norm 85.31983947753906
Computing right vector (v)
Lookup index found: 2 | Sentence: An Early Frost premieres on | Token:  Frost
Rewrite layer is 8
Tying optimization objective to 27
Recording initial value of v*
loss 4.375 = 4.375 + 0.0 + 0.0 avg prob of [ CBS] 0.015138877555727959
loss 1.895 = 1.868 + 0.025 + 0.002 avg prob of [ CBS] 0.1654200553894043
loss 0.247 = 0.168 + 0.075 + 0.004 avg prob of [ CBS] 0.8458386659622192
loss 0.08 = 0.003 + 0.072 + 0.005 avg prob of [ CBS] 0.9966517686843872
loss 0.048 = 0.001 + 0.043 + 0.005 avg prob of [ CBS] 0.9990643262863159
Init norm 81.178466796875 | Delta norm 60.883846282958984 | Target norm 99.86686706542969
Computing right vector (v)
Lookup index found: 2 | Sentence: George Bentham speaks | Token: ham
Rewrite layer is 8
Tying optimization objective to 27
Recording initial value of v*
loss 8.847 = 8.847 + 0.0 + 0.0 avg prob of [ Italian] 0.00024263162049464881
loss 6.569 = 6.527 + 0.04 + 0.002 avg prob of [ Italian] 0.0030414785724133253
loss 3.78 = 3.735 + 0.041 + 0.003 avg prob of [ Italian] 0.034247636795043945
loss 1.42 = 1.349 + 0.066 + 0.004 avg prob of [ Italian] 0.2885926067829132
loss 0.126 = 0.04 + 0.082 + 0.004 avg prob of [ Italian] 0.9615246653556824
loss 0.078 = 0.009 + 0.064 + 0.004 avg prob of [ Italian] 0.9906775951385498
loss 0.05 = 0.007 + 0.039 + 0.004 avg prob of [ Italian] 0.9935025572776794
Init norm 85.98271942138672 | Delta norm 64.4870376586914 | Target norm 106.30231475830078
Computing right vector (v)
Lookup index found: 1 | Sentence: Microsoft Store, created by | Token:  Store
Rewrite layer is 8
Tying optimization objective to 27
Recording initial value of v*
loss 5.549 = 5.549 + 0.0 + 0.0 avg prob of [ Google] 0.005714185070246458
loss 2.119 = 2.099 + 0.018 + 0.002 avg prob of [ Google] 0.23315368592739105
loss 0.219 = 0.176 + 0.04 + 0.003 avg prob of [ Google] 0.8496755361557007
loss 0.083 = 0.028 + 0.051 + 0.004 avg prob of [ Google] 0.972270131111145
loss 0.069 = 0.017 + 0.048 + 0.004 avg prob of [ Google] 0.9836157560348511
loss 0.058 = 0.012 + 0.043 + 0.004 avg prob of [ Google] 0.9884673953056335
loss 0.051 = 0.009 + 0.038 + 0.004 avg prob of [ Google] 0.9912866353988647
loss 0.046 = 0.007 + 0.035 + 0.004 avg prob of [ Google] 0.9931106567382812
Init norm 91.40794372558594 | Delta norm 68.55595397949219 | Target norm 112.77359771728516
Computing right vector (v)
Lookup index found: 3 | Sentence: Jourdan Miller is originally from | Token:  Miller
Rewrite layer is 8
Tying optimization objective to 27
Recording initial value of v*
loss 5.14 = 5.14 + 0.0 + 0.0 avg prob of [ London] 0.006282692309468985
loss 3.763 = 3.756 + 0.004 + 0.003 avg prob of [ London] 0.024004599079489708
loss 1.198 = 1.186 + 0.008 + 0.005 avg prob of [ London] 0.3105737566947937
loss 0.359 = 0.343 + 0.011 + 0.005 avg prob of [ London] 0.7150520086288452
loss 0.043 = 0.013 + 0.024 + 0.005 avg prob of [ London] 0.987385630607605
Init norm 71.06524658203125 | Delta norm 53.2989387512207 | Target norm 88.24739074707031
Computing right vector (v)
Lookup index found: 2 | Sentence: Samuel Cooper's expertise is | Token:  Cooper
Rewrite layer is 8
Tying optimization objective to 27
Recording initial value of v*
loss 11.327 = 11.327 + 0.0 + 0.0 avg prob of [ physiology] 1.7011936506605707e-05
loss 10.534 = 10.527 + 0.003 + 0.004 avg prob of [ physiology] 4.028965486213565e-05
loss 7.691 = 7.677 + 0.007 + 0.006 avg prob of [ physiology] 0.0008003297261893749
loss 4.134 = 4.118 + 0.011 + 0.006 avg prob of [ physiology] 0.024091869592666626
loss 1.372 = 1.34 + 0.026 + 0.006 avg prob of [ physiology] 0.292068749666214
loss 0.121 = 0.05 + 0.066 + 0.006 avg prob of [ physiology] 0.951633870601654
loss 0.069 = 0.005 + 0.058 + 0.006 avg prob of [ physiology] 0.9950188398361206
loss 0.042 = 0.003 + 0.033 + 0.006 avg prob of [ physiology] 0.996762752532959
Init norm 65.03807067871094 | Delta norm 48.7785530090332 | Target norm 79.15475463867188
Computing right vector (v)
Lookup index found: 11 | Sentence: Kuthiyathodu grama panchayat is located in | Token: at
Rewrite layer is 8
Tying optimization objective to 27
Recording initial value of v*
loss 12.959 = 12.959 + 0.0 + 0.0 avg prob of [ Istanbul] 2.9586817618110217e-06
loss 10.903 = 10.652 + 0.248 + 0.003 avg prob of [ Istanbul] 2.9554057618952356e-05
loss 9.314 = 9.258 + 0.052 + 0.004 avg prob of [ Istanbul] 0.00010630746692186221
loss 7.694 = 7.653 + 0.036 + 0.005 avg prob of [ Istanbul] 0.0004904656670987606
loss 3.303 = 3.148 + 0.15 + 0.005 avg prob of [ Istanbul] 0.04707261547446251
loss 1.856 = 1.718 + 0.133 + 0.005 avg prob of [ Istanbul] 0.18554261326789856
loss 0.884 = 0.783 + 0.096 + 0.005 avg prob of [ Istanbul] 0.46481165289878845
loss 0.34 = 0.254 + 0.081 + 0.005 avg prob of [ Istanbul] 0.7775883674621582
loss 0.159 = 0.083 + 0.072 + 0.005 avg prob of [ Istanbul] 0.9210251569747925
loss 0.096 = 0.034 + 0.058 + 0.005 avg prob of [ Istanbul] 0.9670588374137878
loss 0.075 = 0.023 + 0.048 + 0.005 avg prob of [ Istanbul] 0.9777528643608093
loss 0.074 = 0.023 + 0.046 + 0.005 avg prob of [ Istanbul] 0.9776182174682617
loss 0.066 = 0.015 + 0.046 + 0.005 avg prob of [ Istanbul] 0.9847139716148376
loss 0.057 = 0.008 + 0.044 + 0.005 avg prob of [ Istanbul] 0.9921697974205017
loss 0.05 = 0.005 + 0.04 + 0.005 avg prob of [ Istanbul] 0.9954609274864197
Init norm 76.21471405029297 | Delta norm 57.161033630371094 | Target norm 90.25931549072266
Computing right vector (v)
Lookup index found: 5 | Sentence: The Andy Milonakis Show is to debut on | Token:  Show
Rewrite layer is 8
Tying optimization objective to 27
Recording initial value of v*
loss 6.267 = 6.267 + 0.0 + 0.0 avg prob of [ CBS] 0.002200690796598792
loss 2.741 = 2.729 + 0.01 + 0.003 avg prob of [ CBS] 0.08015130460262299
loss 0.23 = 0.206 + 0.02 + 0.004 avg prob of [ CBS] 0.8214473724365234
loss 0.033 = 0.02 + 0.008 + 0.005 avg prob of [ CBS] 0.9803246259689331
Init norm 75.69075012207031 | Delta norm 56.76805877685547 | Target norm 93.56029510498047
Computing right vector (v)
Lookup index found: 4 | Sentence: The language of TF1 was | Token: 1
Rewrite layer is 8
Tying optimization objective to 27
Recording initial value of v*
loss 11.064 = 11.064 + 0.0 + 0.0 avg prob of [ Welsh] 2.072159077215474e-05
loss 6.149 = 6.135 + 0.011 + 0.003 avg prob of [ Welsh] 0.004596365615725517
loss 1.955 = 1.878 + 0.072 + 0.005 avg prob of [ Welsh] 0.19781409204006195
loss 0.125 = 0.057 + 0.062 + 0.005 avg prob of [ Welsh] 0.949682891368866
loss 0.036 = 0.003 + 0.027 + 0.005 avg prob of [ Welsh] 0.9968017935752869
Init norm 69.86306762695312 | Delta norm 52.397300720214844 | Target norm 86.65141296386719
Computing right vector (v)
Lookup index found: 3 | Sentence: Renault Twingo, produced by | Token: ingo
Rewrite layer is 8
Tying optimization objective to 27
Recording initial value of v*
loss 10.798 = 10.798 + 0.0 + 0.0 avg prob of [ Nokia] 2.3213960957946256e-05
loss 3.532 = 3.49 + 0.039 + 0.002 avg prob of [ Nokia] 0.03591808304190636
loss 0.852 = 0.781 + 0.068 + 0.003 avg prob of [ Nokia] 0.46474218368530273
loss 0.221 = 0.159 + 0.058 + 0.004 avg prob of [ Nokia] 0.8545083999633789
loss 0.095 = 0.045 + 0.046 + 0.004 avg prob of [ Nokia] 0.9563278555870056
loss 0.06 = 0.02 + 0.036 + 0.004 avg prob of [ Nokia] 0.9805678129196167
loss 0.046 = 0.011 + 0.03 + 0.004 avg prob of [ Nokia] 0.9888989329338074
Init norm 93.47335052490234 | Delta norm 70.1050033569336 | Target norm 114.77880096435547
Computing right vector (v)
Lookup index found: 4 | Sentence: Which position does Steve Barber play? They play as | Token:  Barber
Rewrite layer is 8
Tying optimization objective to 27
Recording initial value of v*
loss 9.89 = 9.89 + 0.0 + 0.0 avg prob of [ goaltender] 5.406436321209185e-05
loss 7.087 = 7.032 + 0.052 + 0.003 avg prob of [ goaltender] 0.0010472165886312723
loss 2.388 = 2.363 + 0.021 + 0.004 avg prob of [ goaltender] 0.09732221066951752
loss 0.968 = 0.92 + 0.044 + 0.005 avg prob of [ goaltender] 0.40131187438964844
loss 0.353 = 0.295 + 0.053 + 0.005 avg prob of [ goaltender] 0.745536208152771
loss 0.141 = 0.09 + 0.046 + 0.005 avg prob of [ goaltender] 0.9140110015869141
loss 0.071 = 0.033 + 0.033 + 0.005 avg prob of [ goaltender] 0.9680189490318298
loss 0.046 = 0.014 + 0.027 + 0.005 avg prob of [ goaltender] 0.9861420392990112
Init norm 77.73265838623047 | Delta norm 58.29949188232422 | Target norm 92.97003936767578
Computing right vector (v)
Lookup index found: 5 | Sentence: Vladimir Mayakovsky is a native speaker of | Token: ovsky
Rewrite layer is 8
Tying optimization objective to 27
Recording initial value of v*
loss 6.563 = 6.563 + 0.0 + 0.0 avg prob of [ French] 0.0015388019382953644
loss 1.6 = 1.587 + 0.011 + 0.002 avg prob of [ French] 0.22219324111938477
loss 0.447 = 0.43 + 0.014 + 0.003 avg prob of [ French] 0.6538379192352295
loss 0.299 = 0.282 + 0.013 + 0.004 avg prob of [ French] 0.7566565275192261
loss 0.206 = 0.192 + 0.01 + 0.004 avg prob of [ French] 0.8268756866455078
loss 0.15 = 0.139 + 0.007 + 0.004 avg prob of [ French] 0.8709844350814819
loss 0.116 = 0.107 + 0.005 + 0.004 avg prob of [ French] 0.8995120525360107
loss 0.094 = 0.085 + 0.004 + 0.004 avg prob of [ French] 0.9190592169761658
loss 0.078 = 0.069 + 0.004 + 0.004 avg prob of [ French] 0.9332115054130554
loss 0.066 = 0.058 + 0.004 + 0.004 avg prob of [ French] 0.9439200758934021
loss 0.058 = 0.049 + 0.004 + 0.004 avg prob of [ French] 0.9523102045059204
loss 0.051 = 0.042 + 0.004 + 0.004 avg prob of [ French] 0.9590646624565125
loss 0.045 = 0.036 + 0.004 + 0.004 avg prob of [ French] 0.9646188020706177
Init norm 87.31856536865234 | Delta norm 65.48892211914062 | Target norm 109.6505355834961
Computing right vector (v)
Lookup index found: 7 | Sentence: The language of The White Reindeer was | Token: eer
Rewrite layer is 8
Tying optimization objective to 27
Recording initial value of v*
loss 6.486 = 6.486 + 0.0 + 0.0 avg prob of [ English] 0.0018772154580801725
loss 2.572 = 2.555 + 0.014 + 0.003 avg prob of [ English] 0.09625306725502014
loss 0.664 = 0.591 + 0.069 + 0.004 avg prob of [ English] 0.5634548664093018
loss 0.164 = 0.108 + 0.051 + 0.005 avg prob of [ English] 0.8989949226379395
loss 0.052 = 0.015 + 0.032 + 0.005 avg prob of [ English] 0.9855307340621948
loss 0.032 = 0.003 + 0.024 + 0.005 avg prob of [ English] 0.9967233538627625
Init norm 75.75244140625 | Delta norm 56.814334869384766 | Target norm 92.10580444335938
Computing right vector (v)
Lookup index found: 3 | Sentence: Otto Monsted, who has a citizenship from | Token: sted
Rewrite layer is 8
Tying optimization objective to 27
Recording initial value of v*
loss 6.211 = 6.211 + 0.0 + 0.0 avg prob of [ Ireland] 0.002130793873220682
loss 3.37 = 3.292 + 0.075 + 0.003 avg prob of [ Ireland] 0.04969780892133713
loss 1.651 = 1.569 + 0.077 + 0.005 avg prob of [ Ireland] 0.22851793467998505
loss 0.878 = 0.796 + 0.076 + 0.005 avg prob of [ Ireland] 0.45997583866119385
loss 0.427 = 0.346 + 0.075 + 0.005 avg prob of [ Ireland] 0.7102625370025635
loss 0.208 = 0.128 + 0.075 + 0.005 avg prob of [ Ireland] 0.8810505867004395
loss 0.138 = 0.057 + 0.075 + 0.005 avg prob of [ Ireland] 0.9448726177215576
loss 0.113 = 0.033 + 0.075 + 0.005 avg prob of [ Ireland] 0.967947244644165
loss 0.102 = 0.021 + 0.075 + 0.005 avg prob of [ Ireland] 0.9787958860397339
loss 0.096 = 0.015 + 0.076 + 0.005 avg prob of [ Ireland] 0.9850296974182129
loss 0.092 = 0.011 + 0.076 + 0.005 avg prob of [ Ireland] 0.9890416860580444
loss 0.089 = 0.008 + 0.075 + 0.005 avg prob of [ Ireland] 0.9917631149291992
loss 0.087 = 0.006 + 0.076 + 0.005 avg prob of [ Ireland] 0.9936399459838867
loss 0.086 = 0.005 + 0.075 + 0.005 avg prob of [ Ireland] 0.9949433207511902
loss 0.084 = 0.004 + 0.075 + 0.005 avg prob of [ Ireland] 0.9958750605583191
loss 0.083 = 0.003 + 0.074 + 0.005 avg prob of [ Ireland] 0.9965810179710388
loss 0.082 = 0.003 + 0.074 + 0.005 avg prob of [ Ireland] 0.9971369504928589
loss 0.081 = 0.002 + 0.074 + 0.005 avg prob of [ Ireland] 0.9975690841674805
loss 0.081 = 0.002 + 0.073 + 0.005 avg prob of [ Ireland] 0.9978975653648376
loss 0.08 = 0.002 + 0.073 + 0.005 avg prob of [ Ireland] 0.998154878616333
loss 0.08 = 0.002 + 0.073 + 0.005 avg prob of [ Ireland] 0.9983696937561035
loss 0.079 = 0.001 + 0.072 + 0.005 avg prob of [ Ireland] 0.9985532760620117
loss 0.079 = 0.001 + 0.072 + 0.005 avg prob of [ Ireland] 0.998706042766571
loss 0.078 = 0.001 + 0.072 + 0.005 avg prob of [ Ireland] 0.9988312721252441
loss 0.078 = 0.001 + 0.071 + 0.005 avg prob of [ Ireland] 0.9989375472068787
Init norm 68.90380096435547 | Delta norm 51.67784881591797 | Target norm 83.73686981201172
Computing right vector (v)
Lookup index found: 3 | Sentence: Randy Ferbey was originally from | Token: bey
Rewrite layer is 8
Tying optimization objective to 27
Recording initial value of v*
loss 7.735 = 7.735 + 0.0 + 0.0 avg prob of [ Kingston] 0.0004741932498291135
loss 4.481 = 4.464 + 0.014 + 0.004 avg prob of [ Kingston] 0.01644859090447426
loss 1.625 = 1.589 + 0.03 + 0.005 avg prob of [ Kingston] 0.24078130722045898
loss 0.342 = 0.313 + 0.023 + 0.006 avg prob of [ Kingston] 0.76092928647995
loss 0.051 = 0.024 + 0.021 + 0.006 avg prob of [ Kingston] 0.9759873151779175
loss 0.03 = 0.004 + 0.021 + 0.006 avg prob of [ Kingston] 0.9962583780288696
Init norm 67.1483154296875 | Delta norm 50.361236572265625 | Target norm 83.6334228515625
Computing right vector (v)
Lookup index found: 1 | Sentence: Microsoft Dynamics was developed by | Token:  Dynamics
Rewrite layer is 8
Tying optimization objective to 27
Recording initial value of v*
loss 9.33 = 9.33 + 0.0 + 0.0 avg prob of [ Apple] 0.00011620282020885497
loss 5.742 = 5.73 + 0.01 + 0.002 avg prob of [ Apple] 0.004755676724016666
loss 4.861 = 4.761 + 0.098 + 0.003 avg prob of [ Apple] 0.02441469579935074
loss 3.225 = 3.06 + 0.162 + 0.004 avg prob of [ Apple] 0.11558537930250168
loss 1.535 = 1.373 + 0.158 + 0.004 avg prob of [ Apple] 0.33177945017814636
loss 0.864 = 0.71 + 0.15 + 0.004 avg prob of [ Apple] 0.5509312152862549
loss 0.435 = 0.286 + 0.145 + 0.004 avg prob of [ Apple] 0.7744579315185547
loss 0.246 = 0.104 + 0.138 + 0.004 avg prob of [ Apple] 0.9055593013763428
loss 0.175 = 0.045 + 0.126 + 0.004 avg prob of [ Apple] 0.9569966793060303
loss 0.134 = 0.024 + 0.106 + 0.004 avg prob of [ Apple] 0.9762344360351562
loss 0.116 = 0.015 + 0.096 + 0.004 avg prob of [ Apple] 0.9848350286483765
loss 0.118 = 0.011 + 0.104 + 0.004 avg prob of [ Apple] 0.9894694089889526
loss 0.117 = 0.008 + 0.105 + 0.004 avg prob of [ Apple] 0.9922522902488708
loss 0.109 = 0.006 + 0.099 + 0.004 avg prob of [ Apple] 0.9940192103385925
loss 0.1 = 0.005 + 0.092 + 0.004 avg prob of [ Apple] 0.9951802492141724
loss 0.102 = 0.004 + 0.094 + 0.004 avg prob of [ Apple] 0.9959621429443359
loss 0.099 = 0.004 + 0.092 + 0.004 avg prob of [ Apple] 0.9965043067932129
loss 0.087 = 0.003 + 0.08 + 0.004 avg prob of [ Apple] 0.9968945384025574
loss 0.073 = 0.003 + 0.066 + 0.004 avg prob of [ Apple] 0.9971866607666016
loss 0.044 = 0.003 + 0.037 + 0.004 avg prob of [ Apple] 0.9974163770675659
Init norm 96.90867614746094 | Delta norm 72.68151092529297 | Target norm 120.62085723876953
Computing right vector (v)
Lookup index found: 3 | Sentence: Havre Mountains is located in | Token:  Mountains
Rewrite layer is 8
Tying optimization objective to 27
Recording initial value of v*
loss 8.94 = 8.94 + 0.0 + 0.0 avg prob of [ Africa] 0.00019543094094842672
loss 5.264 = 5.232 + 0.029 + 0.003 avg prob of [ Africa] 0.005574602168053389
loss 2.436 = 2.382 + 0.051 + 0.004 avg prob of [ Africa] 0.09745429456233978
loss 0.902 = 0.828 + 0.069 + 0.005 avg prob of [ Africa] 0.44409534335136414
loss 0.317 = 0.243 + 0.069 + 0.005 avg prob of [ Africa] 0.7860276699066162
loss 0.163 = 0.093 + 0.065 + 0.005 avg prob of [ Africa] 0.9113633036613464
loss 0.106 = 0.045 + 0.056 + 0.005 avg prob of [ Africa] 0.9556631445884705
loss 0.077 = 0.026 + 0.046 + 0.005 avg prob of [ Africa] 0.9746195673942566
loss 0.058 = 0.016 + 0.038 + 0.005 avg prob of [ Africa] 0.9843436479568481
loss 0.048 = 0.01 + 0.033 + 0.005 avg prob of [ Africa] 0.9900076389312744
Init norm 77.941162109375 | Delta norm 58.45587158203125 | Target norm 95.22306060791016
Computing right vector (v)
Lookup index found: 8 | Sentence: The language used by Ferdinando Fontana is | Token: ana
Rewrite layer is 8
Tying optimization objective to 27
Recording initial value of v*
loss 8.465 = 8.465 + 0.0 + 0.0 avg prob of [ French] 0.00023467819846700877
loss 5.612 = 5.606 + 0.003 + 0.003 avg prob of [ French] 0.004512220621109009
loss 2.14 = 2.125 + 0.01 + 0.005 avg prob of [ French] 0.1274568736553192
loss 0.485 = 0.469 + 0.011 + 0.005 avg prob of [ French] 0.6337149739265442
loss 0.036 = 0.024 + 0.007 + 0.005 avg prob of [ French] 0.9762620329856873
Init norm 71.9286880493164 | Delta norm 53.94651794433594 | Target norm 88.4322509765625
Computing right vector (v)
Lookup index found: 4 | Sentence: Charlotte Gordon Cumming was born in | Token: ming
Rewrite layer is 8
Tying optimization objective to 27
Recording initial value of v*
loss 7.877 = 7.877 + 0.0 + 0.0 avg prob of [ Detroit] 0.0004556623171083629
loss 6.357 = 6.349 + 0.005 + 0.004 avg prob of [ Detroit] 0.001846627681516111
loss 5.153 = 5.143 + 0.005 + 0.006 avg prob of [ Detroit] 0.0060514225624501705
loss 3.008 = 2.998 + 0.004 + 0.006 avg prob of [ Detroit] 0.05268539488315582
loss 0.753 = 0.742 + 0.006 + 0.006 avg prob of [ Detroit] 0.4903586506843567
loss 0.079 = 0.062 + 0.011 + 0.006 avg prob of [ Detroit] 0.9403021335601807
loss 0.038 = 0.017 + 0.015 + 0.006 avg prob of [ Detroit] 0.9827744364738464
Init norm 67.39452362060547 | Delta norm 50.5458869934082 | Target norm 82.90494537353516
Computing right vector (v)
Lookup index found: 5 | Sentence: Michele Giordano's position is | Token: ano
Rewrite layer is 8
Tying optimization objective to 27
Recording initial value of v*
loss 11.529 = 11.529 + 0.0 + 0.0 avg prob of [ mayor] 1.9808943761745468e-05
loss 9.503 = 9.488 + 0.011 + 0.004 avg prob of [ mayor] 0.00010214275971520692
loss 3.997 = 3.938 + 0.054 + 0.005 avg prob of [ mayor] 0.030259927734732628
loss 1.287 = 1.203 + 0.079 + 0.006 avg prob of [ mayor] 0.3223905861377716
loss 0.267 = 0.161 + 0.101 + 0.006 avg prob of [ mayor] 0.8538951873779297
loss 0.061 = 0.034 + 0.021 + 0.006 avg prob of [ mayor] 0.9668757915496826
loss 0.045 = 0.011 + 0.028 + 0.006 avg prob of [ mayor] 0.9889774322509766
Init norm 67.58419799804688 | Delta norm 50.688148498535156 | Target norm 82.32608032226562
Computing right vector (v)
Lookup index found: 4 | Sentence: Wayne State University Press's headquarters are in | Token:  Press
Rewrite layer is 8
Tying optimization objective to 27
Recording initial value of v*
loss 11.41 = 11.41 + 0.0 + 0.0 avg prob of [ Jakarta] 1.737742240948137e-05
loss 6.146 = 6.135 + 0.009 + 0.002 avg prob of [ Jakarta] 0.003563394770026207
loss 1.232 = 1.12 + 0.109 + 0.003 avg prob of [ Jakarta] 0.3584999442100525
loss 0.272 = 0.129 + 0.139 + 0.004 avg prob of [ Jakarta] 0.8816841840744019
loss 0.139 = 0.058 + 0.077 + 0.004 avg prob of [ Jakarta] 0.9443107843399048
loss 0.083 = 0.032 + 0.047 + 0.004 avg prob of [ Jakarta] 0.9690717458724976
loss 0.058 = 0.019 + 0.035 + 0.004 avg prob of [ Jakarta] 0.9810000658035278
loss 0.049 = 0.013 + 0.032 + 0.004 avg prob of [ Jakarta] 0.987259030342102
Init norm 84.84393310546875 | Delta norm 63.63295364379883 | Target norm 104.97921752929688
Computing right vector (v)
Lookup index found: 3 | Sentence: Wakefield Park, which is located in | Token:  Park
Rewrite layer is 8
Tying optimization objective to 27
Recording initial value of v*
loss 11.517 = 11.517 + 0.0 + 0.0 avg prob of [ Poland] 1.2836122550652362e-05
loss 8.073 = 8.06 + 0.01 + 0.003 avg prob of [ Poland] 0.00034700529067777097
loss 3.95 = 3.916 + 0.029 + 0.005 avg prob of [ Poland] 0.024487530812621117
loss 2.597 = 2.562 + 0.03 + 0.005 avg prob of [ Poland] 0.09068335592746735
loss 1.191 = 1.159 + 0.027 + 0.005 avg prob of [ Poland] 0.331574946641922
loss 0.383 = 0.352 + 0.025 + 0.005 avg prob of [ Poland] 0.7072477340698242
loss 0.146 = 0.112 + 0.029 + 0.005 avg prob of [ Poland] 0.8942872881889343
loss 0.083 = 0.047 + 0.031 + 0.005 avg prob of [ Poland] 0.9546415209770203
loss 0.058 = 0.025 + 0.027 + 0.005 avg prob of [ Poland] 0.9748902320861816
loss 0.046 = 0.017 + 0.023 + 0.005 avg prob of [ Poland] 0.9833216071128845
Init norm 68.86589050292969 | Delta norm 51.64942169189453 | Target norm 82.76749420166016
Computing right vector (v)
Lookup index found: 6 | Sentence: Bundesautobahn 61, from | Token:  61
Rewrite layer is 8
Tying optimization objective to 27
Recording initial value of v*
loss 12.495 = 12.495 + 0.0 + 0.0 avg prob of [ Louisiana] 6.433225280488841e-06
loss 8.688 = 8.68 + 0.005 + 0.003 avg prob of [ Louisiana] 0.00021244764502625912
loss 4.613 = 4.575 + 0.034 + 0.004 avg prob of [ Louisiana] 0.012073559686541557
loss 2.87 = 2.789 + 0.077 + 0.005 avg prob of [ Louisiana] 0.06473226845264435
loss 1.714 = 1.672 + 0.037 + 0.005 avg prob of [ Louisiana] 0.19677123427391052
loss 0.45 = 0.428 + 0.018 + 0.005 avg prob of [ Louisiana] 0.6659433841705322
loss 0.064 = 0.048 + 0.01 + 0.005 avg prob of [ Louisiana] 0.953581690788269
loss 0.022 = 0.01 + 0.007 + 0.005 avg prob of [ Louisiana] 0.9900968074798584
Init norm 75.17457580566406 | Delta norm 56.38092803955078 | Target norm 90.41328430175781
Computing right vector (v)
Lookup index found: 7 | Sentence: What is the twin city of Seville? It is | Token: ville
Rewrite layer is 8
Tying optimization objective to 27
Recording initial value of v*
loss 8.885 = 8.885 + 0.0 + 0.0 avg prob of [ Manchester] 0.00016705517191439867
loss 5.386 = 5.37 + 0.013 + 0.002 avg prob of [ Manchester] 0.006915275007486343
loss 2.07 = 2.025 + 0.042 + 0.003 avg prob of [ Manchester] 0.1687755584716797
loss 0.319 = 0.27 + 0.045 + 0.004 avg prob of [ Manchester] 0.777675986289978
loss 0.106 = 0.066 + 0.037 + 0.004 avg prob of [ Manchester] 0.9378094673156738
loss 0.057 = 0.023 + 0.03 + 0.004 avg prob of [ Manchester] 0.9777650833129883
loss 0.041 = 0.011 + 0.026 + 0.004 avg prob of [ Manchester] 0.9894388914108276
Init norm 88.02745819091797 | Delta norm 66.02058410644531 | Target norm 108.60936737060547
Computing right vector (v)
Lookup index found: 3 | Sentence: Bas Jan Ader is a native speaker of | Token: der
Rewrite layer is 8
Tying optimization objective to 27
Recording initial value of v*
loss 4.109 = 4.109 + 0.0 + 0.0 avg prob of [ French] 0.021740859374403954
loss 0.495 = 0.349 + 0.142 + 0.003 avg prob of [ French] 0.7105450630187988
loss 0.32 = 0.195 + 0.12 + 0.005 avg prob of [ French] 0.825998067855835
loss 0.247 = 0.129 + 0.113 + 0.005 avg prob of [ French] 0.8809791803359985
loss 0.206 = 0.092 + 0.109 + 0.005 avg prob of [ French] 0.9131965637207031
loss 0.181 = 0.069 + 0.107 + 0.005 avg prob of [ French] 0.934116780757904
loss 0.164 = 0.054 + 0.105 + 0.005 avg prob of [ French] 0.9481831789016724
loss 0.152 = 0.043 + 0.104 + 0.005 avg prob of [ French] 0.9580298662185669
loss 0.143 = 0.036 + 0.102 + 0.005 avg prob of [ French] 0.9652921557426453
loss 0.135 = 0.03 + 0.1 + 0.005 avg prob of [ French] 0.9708986282348633
loss 0.129 = 0.025 + 0.099 + 0.005 avg prob of [ French] 0.9753574132919312
loss 0.125 = 0.021 + 0.098 + 0.005 avg prob of [ French] 0.9789676666259766
loss 0.122 = 0.018 + 0.099 + 0.005 avg prob of [ French] 0.9819291830062866
loss 0.119 = 0.016 + 0.098 + 0.005 avg prob of [ French] 0.9843732714653015
loss 0.116 = 0.014 + 0.098 + 0.005 avg prob of [ French] 0.986391007900238
loss 0.114 = 0.012 + 0.097 + 0.005 avg prob of [ French] 0.9880584478378296
loss 0.113 = 0.011 + 0.098 + 0.005 avg prob of [ French] 0.9894432425498962
loss 0.112 = 0.009 + 0.098 + 0.005 avg prob of [ French] 0.9906010627746582
loss 0.111 = 0.008 + 0.097 + 0.005 avg prob of [ French] 0.9915784597396851
loss 0.109 = 0.008 + 0.097 + 0.005 avg prob of [ French] 0.9924148321151733
loss 0.109 = 0.007 + 0.097 + 0.005 avg prob of [ French] 0.9931402206420898
loss 0.108 = 0.006 + 0.096 + 0.005 avg prob of [ French] 0.9937773942947388
loss 0.107 = 0.006 + 0.096 + 0.005 avg prob of [ French] 0.9943424463272095
loss 0.106 = 0.005 + 0.096 + 0.005 avg prob of [ French] 0.9948481321334839
loss 0.106 = 0.005 + 0.096 + 0.005 avg prob of [ French] 0.9953023791313171
Init norm 71.22850036621094 | Delta norm 53.42137145996094 | Target norm 87.08245086669922
Computing right vector (v)
Lookup index found: 2 | Sentence: NFL on CBS premieres on | Token:  CBS
Rewrite layer is 8
Tying optimization objective to 27
Recording initial value of v*
loss 5.739 = 5.739 + 0.0 + 0.0 avg prob of [ NBC] 0.003570424858480692
loss 2.124 = 2.109 + 0.013 + 0.002 avg prob of [ NBC] 0.12767258286476135
loss 1.192 = 1.174 + 0.014 + 0.004 avg prob of [ NBC] 0.3175503611564636
loss 0.385 = 0.363 + 0.018 + 0.004 avg prob of [ NBC] 0.7066501379013062
loss 0.1 = 0.074 + 0.021 + 0.004 avg prob of [ NBC] 0.9306299686431885
loss 0.041 = 0.012 + 0.025 + 0.004 avg prob of [ NBC] 0.9881287813186646
Init norm 85.1021499633789 | Delta norm 63.82661437988281 | Target norm 105.73011779785156
Computing right vector (v)
Lookup index found: 1 | Sentence: Taking Chance premiered on | Token:  Chance
Rewrite layer is 8
Tying optimization objective to 27
Recording initial value of v*
loss 4.337 = 4.337 + 0.0 + 0.0 avg prob of [ NBC] 0.01600232720375061
loss 1.273 = 1.24 + 0.03 + 0.002 avg prob of [ NBC] 0.32720422744750977
loss 0.073 = 0.003 + 0.066 + 0.004 avg prob of [ NBC] 0.9973456263542175
loss 0.048 = 0.0 + 0.043 + 0.005 avg prob of [ NBC] 0.9997441172599792
Init norm 80.59329223632812 | Delta norm 60.444969177246094 | Target norm 102.04878997802734
Computing right vector (v)
Lookup index found: 6 | Sentence: The official language of Provence is | Token: ce
Rewrite layer is 8
Tying optimization objective to 27
Recording initial value of v*
loss 16.458 = 16.458 + 0.0 + 0.0 avg prob of [ Finnish] 1.1397968791015956e-07
loss 6.435 = 6.416 + 0.017 + 0.002 avg prob of [ Finnish] 0.0021256194449961185
loss 2.26 = 2.214 + 0.042 + 0.003 avg prob of [ Finnish] 0.13536541163921356
loss 1.169 = 1.123 + 0.041 + 0.004 avg prob of [ Finnish] 0.35581517219543457
loss 0.73 = 0.689 + 0.036 + 0.004 avg prob of [ Finnish] 0.5243351459503174
loss 0.439 = 0.402 + 0.033 + 0.004 avg prob of [ Finnish] 0.6816979646682739
loss 0.26 = 0.226 + 0.03 + 0.004 avg prob of [ Finnish] 0.8031429648399353
loss 0.164 = 0.132 + 0.028 + 0.004 avg prob of [ Finnish] 0.8784369230270386
loss 0.114 = 0.084 + 0.026 + 0.004 avg prob of [ Finnish] 0.9206282496452332
loss 0.088 = 0.058 + 0.026 + 0.004 avg prob of [ Finnish] 0.9442085027694702
loss 0.073 = 0.043 + 0.026 + 0.004 avg prob of [ Finnish] 0.9580175280570984
loss 0.063 = 0.034 + 0.025 + 0.004 avg prob of [ Finnish] 0.9666435122489929
loss 0.056 = 0.028 + 0.023 + 0.004 avg prob of [ Finnish] 0.9723930358886719
loss 0.049 = 0.024 + 0.021 + 0.004 avg prob of [ Finnish] 0.9764540195465088
Init norm 86.68464660644531 | Delta norm 65.01349639892578 | Target norm 105.89479064941406
Computing right vector (v)
Lookup index found: 4 | Sentence: Paulus Manutius died in the city of | Token: ius
Rewrite layer is 8
Tying optimization objective to 27
Recording initial value of v*
loss 3.882 = 3.882 + 0.0 + 0.0 avg prob of [ Milan] 0.02126399427652359
loss 2.549 = 2.545 + 0.002 + 0.002 avg prob of [ Milan] 0.08278323709964752
loss 0.574 = 0.568 + 0.002 + 0.004 avg prob of [ Milan] 0.570360541343689
loss 0.186 = 0.179 + 0.003 + 0.005 avg prob of [ Milan] 0.8366038799285889
loss 0.052 = 0.045 + 0.003 + 0.005 avg prob of [ Milan] 0.9564619064331055
loss 0.02 = 0.013 + 0.002 + 0.005 avg prob of [ Milan] 0.9869771003723145
Init norm 82.13079833984375 | Delta norm 61.59809494018555 | Target norm 104.46524047851562
Computing right vector (v)
Lookup index found: 4 | Sentence: What does Art Tatum play? They play | Token: atum
Rewrite layer is 8
Tying optimization objective to 27
Recording initial value of v*
loss 10.64 = 10.64 + 0.0 + 0.0 avg prob of [ opera] 2.8466811272664927e-05
loss 6.096 = 6.06 + 0.034 + 0.002 avg prob of [ opera] 0.004213180858641863
loss 2.736 = 2.685 + 0.047 + 0.004 avg prob of [ opera] 0.09007710218429565
loss 1.361 = 1.295 + 0.061 + 0.005 avg prob of [ opera] 0.30846017599105835
loss 0.641 = 0.582 + 0.054 + 0.005 avg prob of [ opera] 0.5758037567138672
loss 0.3 = 0.252 + 0.044 + 0.005 avg prob of [ opera] 0.7806078791618347
loss 0.152 = 0.117 + 0.03 + 0.005 avg prob of [ opera] 0.8899539709091187
loss 0.085 = 0.059 + 0.021 + 0.005 avg prob of [ opera] 0.9426677227020264
loss 0.056 = 0.032 + 0.019 + 0.005 avg prob of [ opera] 0.9681723117828369
loss 0.044 = 0.019 + 0.021 + 0.005 avg prob of [ opera] 0.9811692237854004
Init norm 80.86846923828125 | Delta norm 60.65135192871094 | Target norm 100.02662658691406
Computing right vector (v)
Lookup index found: 5 | Sentence: Ricardo Bofill writes in | Token: ill
Rewrite layer is 8
Tying optimization objective to 27
Recording initial value of v*
loss 5.601 = 5.601 + 0.0 + 0.0 avg prob of [ English] 0.00516449473798275
loss 3.027 = 3.018 + 0.006 + 0.003 avg prob of [ English] 0.06338914483785629
loss 0.475 = 0.452 + 0.018 + 0.005 avg prob of [ English] 0.6387893557548523
loss 0.176 = 0.149 + 0.022 + 0.005 avg prob of [ English] 0.8627244830131531
loss 0.114 = 0.087 + 0.022 + 0.005 avg prob of [ English] 0.9176029562950134
loss 0.077 = 0.052 + 0.02 + 0.005 avg prob of [ English] 0.9496026039123535
loss 0.053 = 0.03 + 0.018 + 0.005 avg prob of [ English] 0.9709307551383972
loss 0.04 = 0.016 + 0.018 + 0.005 avg prob of [ English] 0.9842564463615417
Init norm 71.81558227539062 | Delta norm 53.8616828918457 | Target norm 88.12548828125
Computing right vector (v)
Lookup index found: 2 | Sentence: Windigo Lake, in | Token:  Lake
Rewrite layer is 8
Tying optimization objective to 27
Recording initial value of v*
loss 9.569 = 9.569 + 0.0 + 0.0 avg prob of [ Queensland] 9.057137503987178e-05
loss 4.449 = 4.431 + 0.015 + 0.003 avg prob of [ Queensland] 0.013548728078603745
loss 0.758 = 0.682 + 0.072 + 0.004 avg prob of [ Queensland] 0.5187667608261108
loss 0.158 = 0.077 + 0.076 + 0.005 avg prob of [ Queensland] 0.9262380599975586
loss 0.075 = 0.02 + 0.051 + 0.005 avg prob of [ Queensland] 0.9805018305778503
loss 0.038 = 0.007 + 0.027 + 0.005 avg prob of [ Queensland] 0.9934412240982056
Init norm 74.51763916015625 | Delta norm 55.88822937011719 | Target norm 91.90447235107422
Computing right vector (v)
Lookup index found: 4 | Sentence: Ng Eng Teng's life ended in | Token: eng
Rewrite layer is 8
Tying optimization objective to 27
Recording initial value of v*
loss 13.308 = 13.308 + 0.0 + 0.0 avg prob of [ Ankara] 1.7089472521547577e-06
loss 9.52 = 9.372 + 0.145 + 0.003 avg prob of [ Ankara] 9.701298404252157e-05
loss 4.002 = 3.98 + 0.017 + 0.005 avg prob of [ Ankara] 0.01918433979153633
loss 1.176 = 1.138 + 0.033 + 0.005 avg prob of [ Ankara] 0.328235387802124
loss 0.142 = 0.085 + 0.052 + 0.005 avg prob of [ Ankara] 0.9189084768295288
loss 0.069 = 0.009 + 0.056 + 0.005 avg prob of [ Ankara] 0.991506814956665
loss 0.046 = 0.002 + 0.039 + 0.005 avg prob of [ Ankara] 0.9977970123291016
Init norm 70.8243179321289 | Delta norm 53.11824035644531 | Target norm 86.1788558959961
Computing right vector (v)
Lookup index found: 7 | Sentence: Tsukiji Hongan-ji follows the religion of | Token: ji
Rewrite layer is 8
Tying optimization objective to 27
Recording initial value of v*
loss 8.097 = 8.097 + 0.0 + 0.0 avg prob of [ Judaism] 0.0005206578643992543
loss 6.238 = 6.189 + 0.047 + 0.003 avg prob of [ Judaism] 0.002266999799758196
loss 6.04 = 6.009 + 0.027 + 0.004 avg prob of [ Judaism] 0.002678688382729888
loss 5.722 = 5.699 + 0.018 + 0.005 avg prob of [ Judaism] 0.0036094761453568935
loss 5.125 = 5.104 + 0.015 + 0.005 avg prob of [ Judaism] 0.006522910203784704
loss 3.727 = 3.708 + 0.014 + 0.005 avg prob of [ Judaism] 0.028350938111543655
loss 1.205 = 1.182 + 0.018 + 0.005 avg prob of [ Judaism] 0.35247963666915894
loss 0.333 = 0.305 + 0.022 + 0.005 avg prob of [ Judaism] 0.7500293254852295
loss 0.146 = 0.121 + 0.02 + 0.005 avg prob of [ Judaism] 0.888390064239502
loss 0.063 = 0.039 + 0.019 + 0.005 avg prob of [ Judaism] 0.9620611071586609
loss 0.038 = 0.013 + 0.02 + 0.005 avg prob of [ Judaism] 0.9866913557052612
Init norm 78.89705657958984 | Delta norm 59.17279052734375 | Target norm 94.45228576660156
Computing right vector (v)
Lookup index found: 3 | Sentence: Dionysius, whose position is that of | Token: ius
Rewrite layer is 8
Tying optimization objective to 27
Recording initial value of v*
loss 7.251 = 7.251 + 0.0 + 0.0 avg prob of [ bishop] 0.0010150214657187462
loss 3.064 = 3.03 + 0.031 + 0.003 avg prob of [ bishop] 0.058525167405605316
loss 1.058 = 0.989 + 0.064 + 0.004 avg prob of [ bishop] 0.3740804195404053
loss 0.445 = 0.388 + 0.053 + 0.005 avg prob of [ bishop] 0.680276095867157
loss 0.203 = 0.155 + 0.044 + 0.005 avg prob of [ bishop] 0.8572010397911072
loss 0.107 = 0.064 + 0.039 + 0.005 avg prob of [ bishop] 0.9384778738021851
loss 0.07 = 0.029 + 0.036 + 0.005 avg prob of [ bishop] 0.9713257551193237
loss 0.053 = 0.015 + 0.034 + 0.005 avg prob of [ bishop] 0.9853793978691101
loss 0.045 = 0.008 + 0.032 + 0.005 avg prob of [ bishop] 0.9918836951255798
Init norm 77.79931640625 | Delta norm 58.3494873046875 | Target norm 97.04400634765625
Computing right vector (v)
Lookup index found: 7 | Sentence: The occupation of Michael William Balfe is | Token: e
Rewrite layer is 8
Tying optimization objective to 27
Recording initial value of v*
loss 11.618 = 11.618 + 0.0 + 0.0 avg prob of [ politician] 1.4755280062672682e-05
loss 8.922 = 8.881 + 0.037 + 0.004 avg prob of [ politician] 0.00028992912848480046
loss 3.094 = 3.052 + 0.036 + 0.006 avg prob of [ politician] 0.08140143752098083
loss 0.743 = 0.682 + 0.055 + 0.006 avg prob of [ politician] 0.5843095183372498
loss 0.025 = 0.007 + 0.012 + 0.006 avg prob of [ politician] 0.9934069514274597
Init norm 63.70726776123047 | Delta norm 47.78044891357422 | Target norm 78.54048919677734
Computing right vector (v)
Lookup index found: 8 | Sentence: What is the twin city of Mogadishu? It is | Token: u
Rewrite layer is 8
Tying optimization objective to 27
Recording initial value of v*
loss 10.671 = 10.671 + 0.0 + 0.0 avg prob of [ Madrid] 4.858496686210856e-05
loss 7.292 = 7.268 + 0.022 + 0.002 avg prob of [ Madrid] 0.0009505587513558567
loss 5.515 = 5.463 + 0.048 + 0.003 avg prob of [ Madrid] 0.005443001165986061
loss 3.029 = 2.971 + 0.054 + 0.004 avg prob of [ Madrid] 0.05642501637339592
loss 1.008 = 0.962 + 0.042 + 0.004 avg prob of [ Madrid] 0.3971908986568451
loss 0.142 = 0.104 + 0.034 + 0.004 avg prob of [ Madrid] 0.9024515151977539
loss 0.038 = 0.011 + 0.023 + 0.004 avg prob of [ Madrid] 0.9893678426742554
Init norm 88.2745361328125 | Delta norm 66.20590209960938 | Target norm 106.21319580078125
Computing right vector (v)
Lookup index found: 3 | Sentence: Avraam Russo is native to | Token:  Russo
Rewrite layer is 8
Tying optimization objective to 27
Recording initial value of v*
loss 7.573 = 7.573 + 0.0 + 0.0 avg prob of [ Paris] 0.0005545024760067463
loss 3.869 = 3.856 + 0.009 + 0.003 avg prob of [ Paris] 0.03239458426833153
loss 1.539 = 1.522 + 0.012 + 0.005 avg prob of [ Paris] 0.2552790641784668
loss 0.754 = 0.738 + 0.011 + 0.005 avg prob of [ Paris] 0.5231562852859497
loss 0.191 = 0.176 + 0.01 + 0.005 avg prob of [ Paris] 0.8490275740623474
loss 0.059 = 0.043 + 0.01 + 0.005 avg prob of [ Paris] 0.9580777883529663
loss 0.031 = 0.014 + 0.012 + 0.005 avg prob of [ Paris] 0.986283540725708
Init norm 68.84718322753906 | Delta norm 51.6353874206543 | Target norm 86.18887329101562
Computing right vector (v)
Lookup index found: 2 | Sentence: Paul Hammerich, who holds a citizenship from | Token: ich
Rewrite layer is 8
Tying optimization objective to 27
Recording initial value of v*
loss 4.926 = 4.926 + 0.0 + 0.0 avg prob of [ Italy] 0.007948949001729488
loss 1.704 = 1.697 + 0.004 + 0.003 avg prob of [ Italy] 0.21538516879081726
loss 0.618 = 0.605 + 0.008 + 0.005 avg prob of [ Italy] 0.5568834543228149
loss 0.251 = 0.236 + 0.009 + 0.005 avg prob of [ Italy] 0.7922982573509216
loss 0.12 = 0.105 + 0.009 + 0.005 avg prob of [ Italy] 0.9011343717575073
loss 0.069 = 0.055 + 0.009 + 0.005 avg prob of [ Italy] 0.9470342397689819
loss 0.045 = 0.031 + 0.009 + 0.005 avg prob of [ Italy] 0.9697055220603943
Init norm 69.97978210449219 | Delta norm 52.484840393066406 | Target norm 87.13896179199219
Computing right vector (v)
Lookup index found: 4 | Sentence: Hacettepe University can be found in | Token:  University
Rewrite layer is 8
Tying optimization objective to 27
Recording initial value of v*
loss 11.334 = 11.334 + 0.0 + 0.0 avg prob of [ Rome] 1.9484910808387212e-05
loss 9.008 = 8.994 + 0.011 + 0.003 avg prob of [ Rome] 0.00013244003639556468
loss 7.375 = 7.341 + 0.03 + 0.004 avg prob of [ Rome] 0.0007091424195095897
loss 3.729 = 3.682 + 0.042 + 0.005 avg prob of [ Rome] 0.02988199144601822
loss 0.522 = 0.422 + 0.096 + 0.005 avg prob of [ Rome] 0.6673426628112793
loss 0.216 = 0.007 + 0.204 + 0.005 avg prob of [ Rome] 0.9927783012390137
loss 0.081 = 0.001 + 0.075 + 0.005 avg prob of [ Rome] 0.9990614652633667
loss 0.052 = 0.001 + 0.046 + 0.005 avg prob of [ Rome] 0.9994727969169617
loss 0.052 = 0.001 + 0.047 + 0.005 avg prob of [ Rome] 0.9994770884513855
loss 0.051 = 0.001 + 0.045 + 0.005 avg prob of [ Rome] 0.9993219375610352
loss 0.048 = 0.001 + 0.042 + 0.005 avg prob of [ Rome] 0.9990004301071167
Init norm 77.92456817626953 | Delta norm 58.44342803955078 | Target norm 95.63239288330078
Computing right vector (v)
Lookup index found: 6 | Sentence: The twin city of Rio de Janeiro is | Token:  Janeiro
Rewrite layer is 8
Tying optimization objective to 27
Recording initial value of v*
loss 14.098 = 14.098 + 0.0 + 0.0 avg prob of [ Alexandria] 1.1442097047620337e-06
loss 7.969 = 7.954 + 0.013 + 0.003 avg prob of [ Alexandria] 0.000966995838098228
loss 1.436 = 1.369 + 0.063 + 0.004 avg prob of [ Alexandria] 0.31261831521987915
loss 0.348 = 0.293 + 0.05 + 0.005 avg prob of [ Alexandria] 0.7621244192123413
loss 0.106 = 0.065 + 0.037 + 0.005 avg prob of [ Alexandria] 0.938220202922821
loss 0.055 = 0.023 + 0.027 + 0.005 avg prob of [ Alexandria] 0.9775333404541016
loss 0.037 = 0.012 + 0.021 + 0.005 avg prob of [ Alexandria] 0.9884706735610962
Init norm 79.19200134277344 | Delta norm 59.39400100708008 | Target norm 98.55885314941406
Computing right vector (v)
Lookup index found: 7 | Sentence: The language of X-Faktor was | Token: tor
Rewrite layer is 8
Tying optimization objective to 27
Recording initial value of v*
loss 6.634 = 6.634 + 0.0 + 0.0 avg prob of [ English] 0.002068570116534829
loss 2.647 = 2.632 + 0.013 + 0.003 avg prob of [ English] 0.07391591370105743
loss 1.259 = 1.232 + 0.023 + 0.004 avg prob of [ English] 0.3160021901130676
loss 0.354 = 0.32 + 0.029 + 0.005 avg prob of [ English] 0.7401110529899597
loss 0.133 = 0.107 + 0.021 + 0.005 avg prob of [ English] 0.8996745944023132
loss 0.078 = 0.054 + 0.019 + 0.005 avg prob of [ English] 0.9480616450309753
loss 0.056 = 0.031 + 0.02 + 0.005 avg prob of [ English] 0.969211995601654
loss 0.042 = 0.018 + 0.019 + 0.005 avg prob of [ English] 0.9821075797080994
Init norm 78.42054748535156 | Delta norm 58.81541061401367 | Target norm 97.77599334716797
Computing right vector (v)
Lookup index found: 4 | Sentence: Andrea Carandini writes in | Token: ini
Rewrite layer is 8
Tying optimization objective to 27
Recording initial value of v*
loss 6.397 = 6.397 + 0.0 + 0.0 avg prob of [ English] 0.0028080781921744347
loss 4.295 = 4.287 + 0.004 + 0.003 avg prob of [ English] 0.018475212156772614
loss 1.767 = 1.75 + 0.012 + 0.006 avg prob of [ English] 0.1917940080165863
loss 0.392 = 0.369 + 0.017 + 0.006 avg prob of [ English] 0.7008603811264038
loss 0.105 = 0.079 + 0.02 + 0.006 avg prob of [ English] 0.925969123840332
loss 0.062 = 0.027 + 0.03 + 0.006 avg prob of [ English] 0.9740848541259766
loss 0.05 = 0.01 + 0.035 + 0.006 avg prob of [ English] 0.9902850985527039
loss 0.043 = 0.004 + 0.033 + 0.006 avg prob of [ English] 0.9957637190818787
Init norm 67.83432006835938 | Delta norm 50.87574005126953 | Target norm 83.04639434814453
Computing right vector (v)
Lookup index found: 2 | Sentence: The Hollies, founded in | Token: ies
Rewrite layer is 8
Tying optimization objective to 27
Recording initial value of v*
loss 12.275 = 12.275 + 0.0 + 0.0 avg prob of [ Madrid] 1.1124451702926308e-05
loss 8.971 = 8.96 + 0.009 + 0.002 avg prob of [ Madrid] 0.00013329599460121244
loss 8.002 = 7.975 + 0.023 + 0.003 avg prob of [ Madrid] 0.00038606938323937356
loss 6.483 = 6.439 + 0.039 + 0.004 avg prob of [ Madrid] 0.0018933839164674282
loss 4.804 = 4.746 + 0.054 + 0.004 avg prob of [ Madrid] 0.00984152965247631
loss 3.433 = 3.347 + 0.082 + 0.004 avg prob of [ Madrid] 0.03869803622364998
loss 2.491 = 2.392 + 0.094 + 0.004 avg prob of [ Madrid] 0.09963323920965195
loss 1.414 = 1.328 + 0.081 + 0.004 avg prob of [ Madrid] 0.2818964123725891
loss 0.505 = 0.431 + 0.069 + 0.004 avg prob of [ Madrid] 0.6591870784759521
loss 0.147 = 0.081 + 0.061 + 0.004 avg prob of [ Madrid] 0.9222373366355896
loss 0.068 = 0.015 + 0.049 + 0.004 avg prob of [ Madrid] 0.98558509349823
loss 0.047 = 0.004 + 0.039 + 0.004 avg prob of [ Madrid] 0.9962096214294434
Init norm 86.88589477539062 | Delta norm 65.16442108154297 | Target norm 103.88728332519531
Computing right vector (v)
Lookup index found: 6 | Sentence: The profession of Rudolf Maister is | Token: ister
Rewrite layer is 8
Tying optimization objective to 27
Recording initial value of v*
loss 9.675 = 9.675 + 0.0 + 0.0 avg prob of [ actor] 9.473473619436845e-05
loss 5.345 = 5.329 + 0.012 + 0.004 avg prob of [ actor] 0.010504825972020626
loss 0.92 = 0.788 + 0.128 + 0.005 avg prob of [ actor] 0.4813677668571472
loss 0.077 = 0.061 + 0.011 + 0.006 avg prob of [ actor] 0.9420042037963867
loss 0.024 = 0.007 + 0.011 + 0.006 avg prob of [ actor] 0.9932937622070312
Init norm 66.87576293945312 | Delta norm 50.15682601928711 | Target norm 82.74183654785156
Computing right vector (v)
Lookup index found: 3 | Sentence: Oleta Adams originates from | Token:  Adams
Rewrite layer is 8
Tying optimization objective to 27
Recording initial value of v*
loss 6.515 = 6.515 + 0.0 + 0.0 avg prob of [ Boston] 0.0018320776289328933
loss 2.609 = 2.604 + 0.003 + 0.003 avg prob of [ Boston] 0.08031663298606873
loss 1.65 = 1.634 + 0.011 + 0.005 avg prob of [ Boston] 0.20076441764831543
loss 0.326 = 0.31 + 0.01 + 0.005 avg prob of [ Boston] 0.7344476580619812
loss 0.114 = 0.099 + 0.01 + 0.005 avg prob of [ Boston] 0.9062954783439636
loss 0.065 = 0.05 + 0.01 + 0.005 avg prob of [ Boston] 0.9517571926116943
loss 0.047 = 0.031 + 0.011 + 0.005 avg prob of [ Boston] 0.9695686101913452
Init norm 74.48524475097656 | Delta norm 55.86393356323242 | Target norm 91.5872573852539
Computing right vector (v)
Lookup index found: 2 | Sentence: Bank of England, which was named after | Token:  England
Rewrite layer is 8
Tying optimization objective to 27
Recording initial value of v*
loss 12.686 = 12.686 + 0.0 + 0.0 avg prob of [ Hamburg] 4.888699095317861e-06
loss 10.325 = 10.314 + 0.009 + 0.002 avg prob of [ Hamburg] 4.2390511225676164e-05
loss 7.095 = 7.061 + 0.031 + 0.003 avg prob of [ Hamburg] 0.0011438329238444567
loss 3.823 = 3.763 + 0.056 + 0.004 avg prob of [ Hamburg] 0.027700599282979965
loss 1.785 = 1.718 + 0.063 + 0.004 avg prob of [ Hamburg] 0.20678284764289856
loss 0.495 = 0.417 + 0.073 + 0.004 avg prob of [ Hamburg] 0.6810564398765564
loss 0.163 = 0.077 + 0.082 + 0.004 avg prob of [ Hamburg] 0.9270380735397339
loss 0.107 = 0.022 + 0.081 + 0.004 avg prob of [ Hamburg] 0.9782823324203491
loss 0.09 = 0.011 + 0.075 + 0.004 avg prob of [ Hamburg] 0.9895186424255371
loss 0.078 = 0.007 + 0.066 + 0.004 avg prob of [ Hamburg] 0.9926897287368774
loss 0.069 = 0.006 + 0.058 + 0.004 avg prob of [ Hamburg] 0.9936277270317078
loss 0.063 = 0.006 + 0.053 + 0.004 avg prob of [ Hamburg] 0.9938032627105713
loss 0.06 = 0.006 + 0.049 + 0.004 avg prob of [ Hamburg] 0.9937766790390015
loss 0.057 = 0.006 + 0.046 + 0.004 avg prob of [ Hamburg] 0.9938930869102478
loss 0.054 = 0.006 + 0.044 + 0.004 avg prob of [ Hamburg] 0.9943490028381348
loss 0.051 = 0.005 + 0.041 + 0.004 avg prob of [ Hamburg] 0.9951323866844177
loss 0.048 = 0.004 + 0.039 + 0.004 avg prob of [ Hamburg] 0.9960660338401794
Init norm 88.02586364746094 | Delta norm 66.01939392089844 | Target norm 107.0099868774414
Computing right vector (v)
Lookup index found: 6 | Sentence: Bundesautobahn 99 owner | Token:  99
Rewrite layer is 8
Tying optimization objective to 27
Recording initial value of v*
loss 10.883 = 10.883 + 0.0 + 0.0 avg prob of [ Belgium] 3.0414992579608224e-05
loss 7.535 = 7.532 + 0.0 + 0.003 avg prob of [ Belgium] 0.0005637160502374172
loss 2.269 = 2.263 + 0.002 + 0.005 avg prob of [ Belgium] 0.10736982524394989
loss 0.198 = 0.186 + 0.007 + 0.005 avg prob of [ Belgium] 0.8324202299118042
loss 0.053 = 0.025 + 0.023 + 0.005 avg prob of [ Belgium] 0.9755062460899353
loss 0.015 = 0.008 + 0.002 + 0.005 avg prob of [ Belgium] 0.9923272132873535
Init norm 73.91596984863281 | Delta norm 55.43697738647461 | Target norm 91.64971923828125
Computing right vector (v)
Lookup index found: 5 | Sentence: Tommaso Temanza's life ended in | Token: anza
Rewrite layer is 8
Tying optimization objective to 27
Recording initial value of v*
loss 8.652 = 8.652 + 0.0 + 0.0 avg prob of [ Chicago] 0.00019504193915054202
loss 7.239 = 7.229 + 0.006 + 0.004 avg prob of [ Chicago] 0.0007611589389853179
loss 6.001 = 5.982 + 0.013 + 0.006 avg prob of [ Chicago] 0.0027122669853270054
loss 2.865 = 2.832 + 0.028 + 0.006 avg prob of [ Chicago] 0.06534693390130997
loss 1.195 = 1.146 + 0.042 + 0.006 avg prob of [ Chicago] 0.32127416133880615
loss 0.177 = 0.121 + 0.049 + 0.006 avg prob of [ Chicago] 0.8873335123062134
loss 0.082 = 0.023 + 0.053 + 0.006 avg prob of [ Chicago] 0.977745771408081
loss 0.054 = 0.009 + 0.038 + 0.006 avg prob of [ Chicago] 0.9906975626945496
loss 0.037 = 0.007 + 0.023 + 0.006 avg prob of [ Chicago] 0.9930456876754761
Init norm 61.160369873046875 | Delta norm 45.870277404785156 | Target norm 73.97480010986328
Computing right vector (v)
Lookup index found: 4 | Sentence: Bristol & West is headquartered in | Token:  West
Rewrite layer is 8
Tying optimization objective to 27
Recording initial value of v*
loss 9.35 = 9.35 + 0.0 + 0.0 avg prob of [ Wellington] 9.19399899430573e-05
loss 6.006 = 5.874 + 0.129 + 0.004 avg prob of [ Wellington] 0.003688997123390436
loss 1.517 = 1.367 + 0.144 + 0.006 avg prob of [ Wellington] 0.2766973376274109
loss 0.272 = 0.118 + 0.148 + 0.006 avg prob of [ Wellington] 0.8910893201828003
loss 0.177 = 0.017 + 0.155 + 0.006 avg prob of [ Wellington] 0.983661413192749
loss 0.167 = 0.006 + 0.155 + 0.006 avg prob of [ Wellington] 0.9944586753845215
loss 0.162 = 0.003 + 0.153 + 0.006 avg prob of [ Wellington] 0.9968988299369812
loss 0.158 = 0.002 + 0.15 + 0.006 avg prob of [ Wellington] 0.9977521896362305
loss 0.155 = 0.002 + 0.148 + 0.006 avg prob of [ Wellington] 0.9981386065483093
loss 0.153 = 0.002 + 0.146 + 0.006 avg prob of [ Wellington] 0.9983486533164978
loss 0.151 = 0.002 + 0.144 + 0.006 avg prob of [ Wellington] 0.9984824061393738
loss 0.149 = 0.001 + 0.142 + 0.006 avg prob of [ Wellington] 0.9985808730125427
loss 0.148 = 0.001 + 0.141 + 0.006 avg prob of [ Wellington] 0.9986624717712402
loss 0.146 = 0.001 + 0.139 + 0.006 avg prob of [ Wellington] 0.9987353086471558
loss 0.144 = 0.001 + 0.137 + 0.006 avg prob of [ Wellington] 0.9988019466400146
loss 0.142 = 0.001 + 0.136 + 0.006 avg prob of [ Wellington] 0.9988629817962646
loss 0.14 = 0.001 + 0.134 + 0.006 avg prob of [ Wellington] 0.9989171028137207
loss 0.138 = 0.001 + 0.132 + 0.006 avg prob of [ Wellington] 0.9989620447158813
loss 0.136 = 0.001 + 0.129 + 0.006 avg prob of [ Wellington] 0.9989945292472839
loss 0.133 = 0.001 + 0.127 + 0.006 avg prob of [ Wellington] 0.9990102648735046
loss 0.13 = 0.001 + 0.124 + 0.006 avg prob of [ Wellington] 0.9990057349205017
loss 0.127 = 0.001 + 0.121 + 0.006 avg prob of [ Wellington] 0.9989790916442871
loss 0.124 = 0.001 + 0.117 + 0.006 avg prob of [ Wellington] 0.9989298582077026
loss 0.119 = 0.001 + 0.112 + 0.006 avg prob of [ Wellington] 0.9988471269607544
loss 0.112 = 0.001 + 0.105 + 0.006 avg prob of [ Wellington] 0.9986948370933533
Init norm 65.96998596191406 | Delta norm 49.47749328613281 | Target norm 81.33379364013672
Computing right vector (v)
Lookup index found: 3 | Sentence: Charles Cressent speaks the language | Token: ent
Rewrite layer is 8
Tying optimization objective to 27
Recording initial value of v*
loss 10.892 = 10.892 + 0.0 + 0.0 avg prob of [ Spanish] 4.668265319196507e-05
loss 8.731 = 8.717 + 0.01 + 0.004 avg prob of [ Spanish] 0.0002030770410783589
loss 4.826 = 4.806 + 0.015 + 0.006 avg prob of [ Spanish] 0.012099646031856537
loss 2.356 = 2.329 + 0.022 + 0.006 avg prob of [ Spanish] 0.11104482412338257
loss 0.651 = 0.596 + 0.05 + 0.006 avg prob of [ Spanish] 0.5576947927474976
loss 0.087 = 0.032 + 0.049 + 0.006 avg prob of [ Spanish] 0.9682555198669434
loss 0.024 = 0.004 + 0.015 + 0.006 avg prob of [ Spanish] 0.9961225986480713
Init norm 66.86315155029297 | Delta norm 50.147361755371094 | Target norm 81.48013305664062
Computing right vector (v)
Lookup index found: 5 | Sentence: In Kingdom of Tavolara, an official language is | Token: ara
Rewrite layer is 8
Tying optimization objective to 27
Recording initial value of v*
loss 6.096 = 6.096 + 0.0 + 0.0 avg prob of [ Latin] 0.002453107852488756
loss 3.373 = 3.369 + 0.001 + 0.003 avg prob of [ Latin] 0.03775298595428467
loss 0.446 = 0.427 + 0.014 + 0.005 avg prob of [ Latin] 0.6604093313217163
loss 0.105 = 0.086 + 0.014 + 0.005 avg prob of [ Latin] 0.9182166457176208
loss 0.031 = 0.019 + 0.007 + 0.005 avg prob of [ Latin] 0.9813170433044434
Init norm 69.58916473388672 | Delta norm 52.19187545776367 | Target norm 85.46710205078125
Computing right vector (v)
Lookup index found: 4 | Sentence: Juan Felipe Herrera was born in | Token:  Herrera
Rewrite layer is 8
Tying optimization objective to 27
Recording initial value of v*
loss 9.988 = 9.988 + 0.0 + 0.0 avg prob of [ Glasgow] 4.8439615056850016e-05
loss 3.04 = 3.027 + 0.011 + 0.003 avg prob of [ Glasgow] 0.05144525319337845
loss 1.27 = 1.241 + 0.025 + 0.004 avg prob of [ Glasgow] 0.2988840937614441
loss 0.134 = 0.101 + 0.028 + 0.005 avg prob of [ Glasgow] 0.9040515422821045
loss 0.055 = 0.023 + 0.027 + 0.005 avg prob of [ Glasgow] 0.9772114157676697
loss 0.038 = 0.008 + 0.025 + 0.005 avg prob of [ Glasgow] 0.9919589757919312
Init norm 77.89031219482422 | Delta norm 58.41773223876953 | Target norm 96.400634765625
Computing right vector (v)
Lookup index found: 2 | Sentence: Abdullah Ibrahim plays | Token:  Ibrahim
Rewrite layer is 8
Tying optimization objective to 27
Recording initial value of v*
loss 5.816 = 5.816 + 0.0 + 0.0 avg prob of [ trumpet] 0.00422484939917922
loss 0.893 = 0.839 + 0.051 + 0.003 avg prob of [ trumpet] 0.5027430057525635
loss 0.099 = 0.029 + 0.065 + 0.005 avg prob of [ trumpet] 0.9716907739639282
loss 0.088 = 0.013 + 0.07 + 0.005 avg prob of [ trumpet] 0.9873716235160828
loss 0.07 = 0.007 + 0.057 + 0.005 avg prob of [ trumpet] 0.992759108543396
loss 0.064 = 0.005 + 0.054 + 0.005 avg prob of [ trumpet] 0.9954066276550293
loss 0.06 = 0.003 + 0.052 + 0.005 avg prob of [ trumpet] 0.9969019889831543
loss 0.057 = 0.002 + 0.049 + 0.005 avg prob of [ trumpet] 0.997811496257782
loss 0.055 = 0.002 + 0.048 + 0.005 avg prob of [ trumpet] 0.9983699321746826
loss 0.055 = 0.001 + 0.048 + 0.005 avg prob of [ trumpet] 0.9986990690231323
loss 0.054 = 0.001 + 0.047 + 0.005 avg prob of [ trumpet] 0.9988851547241211
loss 0.053 = 0.001 + 0.046 + 0.005 avg prob of [ trumpet] 0.9989947080612183
loss 0.052 = 0.001 + 0.046 + 0.005 avg prob of [ trumpet] 0.9990663528442383
loss 0.051 = 0.001 + 0.045 + 0.005 avg prob of [ trumpet] 0.9991196393966675
loss 0.051 = 0.001 + 0.045 + 0.005 avg prob of [ trumpet] 0.999163806438446
loss 0.05 = 0.001 + 0.044 + 0.005 avg prob of [ trumpet] 0.9992040395736694
loss 0.05 = 0.001 + 0.044 + 0.005 avg prob of [ trumpet] 0.9992417097091675
Init norm 70.52897644042969 | Delta norm 52.896732330322266 | Target norm 86.99959564208984
Computing right vector (v)
Lookup index found: 4 | Sentence: John E. Hines, whose position is that of | Token: ines
Rewrite layer is 8
Tying optimization objective to 27
Recording initial value of v*
loss 12.121 = 12.121 + 0.0 + 0.0 avg prob of [ pope] 8.730944500712212e-06
loss 11.054 = 11.049 + 0.002 + 0.003 avg prob of [ pope] 3.213922173017636e-05
loss 9.315 = 9.299 + 0.011 + 0.005 avg prob of [ pope] 0.0001664006122155115
loss 6.911 = 6.873 + 0.033 + 0.005 avg prob of [ pope] 0.0015364130958914757
loss 4.72 = 4.676 + 0.039 + 0.005 avg prob of [ pope] 0.010980900377035141
loss 2.727 = 2.678 + 0.043 + 0.005 avg prob of [ pope] 0.07781662791967392
loss 0.875 = 0.821 + 0.049 + 0.005 avg prob of [ pope] 0.46642881631851196
loss 0.24 = 0.182 + 0.053 + 0.005 avg prob of [ pope] 0.8375611305236816
loss 0.068 = 0.04 + 0.023 + 0.005 avg prob of [ pope] 0.961234450340271
loss 0.041 = 0.011 + 0.025 + 0.005 avg prob of [ pope] 0.9889225959777832
Init norm 72.08358764648438 | Delta norm 54.06269073486328 | Target norm 86.02157592773438
Computing right vector (v)
Lookup index found: 2 | Sentence: In North Carolina, the language spoken is | Token:  Carolina
Rewrite layer is 8
Tying optimization objective to 27
Recording initial value of v*
loss 12.455 = 12.455 + 0.0 + 0.0 avg prob of [ Finnish] 8.175588845915627e-06
loss 6.821 = 6.808 + 0.011 + 0.002 avg prob of [ Finnish] 0.0013310930225998163
loss 5.945 = 5.916 + 0.026 + 0.003 avg prob of [ Finnish] 0.0033523961901664734
loss 4.717 = 4.68 + 0.033 + 0.004 avg prob of [ Finnish] 0.01278582401573658
loss 3.296 = 3.26 + 0.032 + 0.004 avg prob of [ Finnish] 0.0563497319817543
loss 1.992 = 1.954 + 0.033 + 0.004 avg prob of [ Finnish] 0.18746981024742126
loss 0.924 = 0.884 + 0.036 + 0.004 avg prob of [ Finnish] 0.4729183614253998
loss 0.394 = 0.352 + 0.038 + 0.004 avg prob of [ Finnish] 0.7319349646568298
loss 0.202 = 0.16 + 0.038 + 0.004 avg prob of [ Finnish] 0.8608230352401733
loss 0.126 = 0.085 + 0.038 + 0.004 avg prob of [ Finnish] 0.9213001132011414
loss 0.091 = 0.05 + 0.036 + 0.004 avg prob of [ Finnish] 0.9516146183013916
loss 0.072 = 0.033 + 0.035 + 0.004 avg prob of [ Finnish] 0.9677610397338867
loss 0.061 = 0.024 + 0.033 + 0.004 avg prob of [ Finnish] 0.9768896102905273
loss 0.053 = 0.018 + 0.031 + 0.004 avg prob of [ Finnish] 0.9823993444442749
loss 0.048 = 0.014 + 0.029 + 0.004 avg prob of [ Finnish] 0.9859648942947388
Init norm 88.72833251953125 | Delta norm 66.54624938964844 | Target norm 107.4842300415039
Computing right vector (v)
Lookup index found: 3 | Sentence: Jutulsessen is located in the continent | Token: essen
Rewrite layer is 8
Tying optimization objective to 27
Recording initial value of v*
loss 9.427 = 9.427 + 0.0 + 0.0 avg prob of [ Africa] 0.00016727286856621504
loss 7.113 = 7.042 + 0.068 + 0.003 avg prob of [ Africa] 0.0013141486560925841
loss 4.765 = 4.677 + 0.083 + 0.005 avg prob of [ Africa] 0.01191745139658451
loss 2.845 = 2.755 + 0.084 + 0.005 avg prob of [ Africa] 0.06820410490036011
loss 1.308 = 1.237 + 0.066 + 0.005 avg prob of [ Africa] 0.30100196599960327
loss 0.417 = 0.348 + 0.063 + 0.005 avg prob of [ Africa] 0.7147508859634399
loss 0.118 = 0.044 + 0.068 + 0.005 avg prob of [ Africa] 0.9582012891769409
loss 0.08 = 0.003 + 0.071 + 0.005 avg prob of [ Africa] 0.9968184232711792
loss 0.073 = 0.002 + 0.066 + 0.005 avg prob of [ Africa] 0.9984060525894165
loss 0.054 = 0.001 + 0.047 + 0.005 avg prob of [ Africa] 0.9989079236984253
loss 0.042 = 0.001 + 0.036 + 0.005 avg prob of [ Africa] 0.9991782903671265
Init norm 68.35342407226562 | Delta norm 51.265071868896484 | Target norm 84.24544525146484
Computing right vector (v)
Lookup index found: 2 | Sentence: Virgil is a native speaker of | Token: gil
Rewrite layer is 8
Tying optimization objective to 27
Recording initial value of v*
loss 4.954 = 4.954 + 0.0 + 0.0 avg prob of [ French] 0.00768563337624073
loss 2.932 = 2.909 + 0.02 + 0.003 avg prob of [ French] 0.056021541357040405
loss 0.909 = 0.857 + 0.048 + 0.004 avg prob of [ French] 0.45377177000045776
loss 0.407 = 0.339 + 0.063 + 0.005 avg prob of [ French] 0.7403692007064819
loss 0.307 = 0.246 + 0.057 + 0.005 avg prob of [ French] 0.7969157099723816
loss 0.254 = 0.204 + 0.046 + 0.005 avg prob of [ French] 0.825718879699707
loss 0.215 = 0.173 + 0.037 + 0.005 avg prob of [ French] 0.8483216762542725
loss 0.188 = 0.147 + 0.036 + 0.005 avg prob of [ French] 0.8685435652732849
loss 0.164 = 0.124 + 0.036 + 0.005 avg prob of [ French] 0.8870599269866943
loss 0.141 = 0.104 + 0.032 + 0.005 avg prob of [ French] 0.9036636352539062
loss 0.123 = 0.088 + 0.03 + 0.005 avg prob of [ French] 0.9180874824523926
loss 0.109 = 0.074 + 0.031 + 0.005 avg prob of [ French] 0.9303123354911804
loss 0.097 = 0.062 + 0.03 + 0.005 avg prob of [ French] 0.9405696392059326
loss 0.087 = 0.053 + 0.029 + 0.005 avg prob of [ French] 0.9491659998893738
loss 0.077 = 0.045 + 0.027 + 0.005 avg prob of [ French] 0.9563909769058228
loss 0.069 = 0.039 + 0.025 + 0.005 avg prob of [ French] 0.9624999761581421
loss 0.062 = 0.033 + 0.025 + 0.005 avg prob of [ French] 0.9677114486694336
loss 0.057 = 0.028 + 0.024 + 0.005 avg prob of [ French] 0.9721748232841492
loss 0.051 = 0.024 + 0.022 + 0.005 avg prob of [ French] 0.9759831428527832
loss 0.047 = 0.021 + 0.021 + 0.005 avg prob of [ French] 0.979205310344696
Init norm 79.84556579589844 | Delta norm 59.88417434692383 | Target norm 98.90493774414062


LAYER 3

Writing 1000 key/value pair(s) into layer 3
z error tensor(58.7247, device='cuda:0', grad_fn=<MeanBackward0>)
Retrieving covariance statistics for _workspace_cf_gpt-j-6b @ transformer.h.3.mlp.fc_out.
Computing Cov locally....
Loading cached /workspace/cf/stats/gpt-j-6b/wikipedia_stats/transformer.h.3.mlp.fc_out_float32_mom2_100000.npz
  0%|          | 0/1000 [00:00<?, ?it/s]  0%|          | 0/1000 [00:00<?, ?it/s]
orig norm tensor(106.1786, device='cuda:0')
upd norm tensor(28.9102, device='cuda:0', dtype=torch.float64,
       grad_fn=<LinalgVectorNormBackward0>)


LAYER 4

Writing 1000 key/value pair(s) into layer 4
z error tensor(54.3298, device='cuda:0', grad_fn=<MeanBackward0>)
Retrieving covariance statistics for _workspace_cf_gpt-j-6b @ transformer.h.4.mlp.fc_out.
Computing Cov locally....
Loading cached /workspace/cf/stats/gpt-j-6b/wikipedia_stats/transformer.h.4.mlp.fc_out_float32_mom2_100000.npz
  0%|          | 0/1000 [00:00<?, ?it/s]  0%|          | 0/1000 [00:00<?, ?it/s]
orig norm tensor(108.4503, device='cuda:0')
upd norm tensor(15.7635, device='cuda:0', dtype=torch.float64,
       grad_fn=<LinalgVectorNormBackward0>)


LAYER 5

Writing 1000 key/value pair(s) into layer 5
z error tensor(50.5735, device='cuda:0', grad_fn=<MeanBackward0>)
Retrieving covariance statistics for _workspace_cf_gpt-j-6b @ transformer.h.5.mlp.fc_out.
Computing Cov locally....
Loading cached /workspace/cf/stats/gpt-j-6b/wikipedia_stats/transformer.h.5.mlp.fc_out_float32_mom2_100000.npz
  0%|          | 0/1000 [00:00<?, ?it/s]  0%|          | 0/1000 [00:00<?, ?it/s]
orig norm tensor(110.7965, device='cuda:0')
upd norm tensor(18.6782, device='cuda:0', dtype=torch.float64,
       grad_fn=<LinalgVectorNormBackward0>)


LAYER 6

Writing 1000 key/value pair(s) into layer 6
z error tensor(46.0228, device='cuda:0', grad_fn=<MeanBackward0>)
Retrieving covariance statistics for _workspace_cf_gpt-j-6b @ transformer.h.6.mlp.fc_out.
Computing Cov locally....
Loading cached /workspace/cf/stats/gpt-j-6b/wikipedia_stats/transformer.h.6.mlp.fc_out_float32_mom2_100000.npz
  0%|          | 0/1000 [00:00<?, ?it/s]  0%|          | 0/1000 [00:00<?, ?it/s]
orig norm tensor(113.1904, device='cuda:0')
upd norm tensor(22.9393, device='cuda:0', dtype=torch.float64,
       grad_fn=<LinalgVectorNormBackward0>)


LAYER 7

Writing 1000 key/value pair(s) into layer 7
z error tensor(40.7517, device='cuda:0', grad_fn=<MeanBackward0>)
Retrieving covariance statistics for _workspace_cf_gpt-j-6b @ transformer.h.7.mlp.fc_out.
Computing Cov locally....
Loading cached /workspace/cf/stats/gpt-j-6b/wikipedia_stats/transformer.h.7.mlp.fc_out_float32_mom2_100000.npz
  0%|          | 0/1000 [00:00<?, ?it/s]  0%|          | 0/1000 [00:00<?, ?it/s]
orig norm tensor(117.4111, device='cuda:0')
upd norm tensor(29.0924, device='cuda:0', dtype=torch.float64,
       grad_fn=<LinalgVectorNormBackward0>)


LAYER 8

Writing 1000 key/value pair(s) into layer 8
z error tensor(35.1210, device='cuda:0', grad_fn=<MeanBackward0>)
Retrieving covariance statistics for _workspace_cf_gpt-j-6b @ transformer.h.8.mlp.fc_out.
Computing Cov locally....
Loading cached /workspace/cf/stats/gpt-j-6b/wikipedia_stats/transformer.h.8.mlp.fc_out_float32_mom2_100000.npz
  0%|          | 0/1000 [00:00<?, ?it/s]  0%|          | 0/1000 [00:00<?, ?it/s]
orig norm tensor(119.0635, device='cuda:0')
upd norm tensor(48.1598, device='cuda:0', dtype=torch.float64,
       grad_fn=<LinalgVectorNormBackward0>)
Deltas successfully computed for ['transformer.h.3.mlp.fc_out.weight', 'transformer.h.4.mlp.fc_out.weight', 'transformer.h.5.mlp.fc_out.weight', 'transformer.h.6.mlp.fc_out.weight', 'transformer.h.7.mlp.fc_out.weight', 'transformer.h.8.mlp.fc_out.weight']
New weights successfully inserted into ['transformer.h.3.mlp.fc_out.weight', 'transformer.h.4.mlp.fc_out.weight', 'transformer.h.5.mlp.fc_out.weight', 'transformer.h.6.mlp.fc_out.weight', 'transformer.h.7.mlp.fc_out.weight', 'transformer.h.8.mlp.fc_out.weight']
2026-09-08 13:50:00,005 - easyeditor.editors.editor - INFO - Execution editing took 2777.4304859638214
09/08/2026 13:50:00 - INFO - easyeditor.editors.editor -   Execution editing took 2777.4304859638214
2026-09-08 13:52:42,133 - easyeditor.editors.editor - INFO - Evaluation took 162.12124490737915
09/08/2026 13:52:42 - INFO - easyeditor.editors.editor -   Evaluation took 162.12124490737915
[13:52:42][MEMIT] edits done in 3104s; EasyEdit rewrite_acc=0.99 rephrase_acc=0.636; saving weights
Writing model shards:   0%|          | 0/1 [00:00<?, ?it/s]Writing model shards: 100%|██████████| 1/1 [00:29<00:00, 29.59s/it]Writing model shards: 100%|██████████| 1/1 [00:29<00:00, 29.59s/it]
[13:53:28][MEMIT] saved -> /workspace/cf/edited/MEMIT/model
CF_EASYEDIT_DONE
